scenario,run_id,d_i_s_per_veh_Koteshwor,d_i_s_per_veh_Tinkune South,d_i_s_per_veh_Tinkune West,d_i_s_per_veh_Tinkune North,d_i_s_per_veh_New Baneshwor,d_i_s_per_veh_Maitighar,d_i_s_per_veh_Thapathali,d_i_s_per_veh_Tripureshwor,d_i_s_per_veh_Kalimati,d_i_s_per_veh_Shahid Gate,d_i_s_per_veh_Jadhibuti,T_c_min_eastbound_Tripureshwor_to_Jadhibuti,T_c_min_westbound_Jadhibuti_to_Tripureshwor,T_c_min_route_edges_east,T_c_min_route_edges_west,H_cordon_pcu_0811,t_diss_prepeak_ref_m,D_net_veh_h,scale,p_r,seed,sch,pt,dt,m,delta_pct_d_i_s_per_veh_Koteshwor,delta_pct_d_i_s_per_veh_Tinkune South,delta_pct_d_i_s_per_veh_Tinkune West,delta_pct_d_i_s_per_veh_Tinkune North,delta_pct_d_i_s_per_veh_New Baneshwor,delta_pct_d_i_s_per_veh_Maitighar,delta_pct_d_i_s_per_veh_Thapathali,delta_pct_d_i_s_per_veh_Tripureshwor,delta_pct_d_i_s_per_veh_Kalimati,delta_pct_d_i_s_per_veh_Shahid Gate,delta_pct_d_i_s_per_veh_Jadhibuti,delta_pct_T_c_min_eastbound_Tripureshwor_to_Jadhibuti,delta_pct_T_c_min_westbound_Jadhibuti_to_Tripureshwor,delta_pct_T_c_min_route_edges_east,delta_pct_T_c_min_route_edges_west,delta_pct_H_cordon_pcu_0811,delta_pct_D_net_veh_h,delta_pct_scale
baseline,baseline,3.5,0.4,0.1,0.4,5.6,106.2,21.7,12.9,7.3,32.7,0.2,8.2,5.6,94,88,214818.0,0.0,7577.0,0.55,,,,,,,0.0,0.0,0.0,0.0,0.0,0.0,0.0,0.0,0.0,0.0,0.0,0.0,0.0,0.0,0.0,0.0,0.0,0.0
s0-spatial-control,p_r0.05_seed101,3.5,0.4,0.1,0.2,2.1,91.6,14.0,6.5,1.5,23.4,0.2,6.8,5.6,94,88,223314.0,0.0,5892.0,0.55,0.05,101.0,,,,,0.0,0.0,0.0,-50.0,-62.5,-13.74764595103579,-35.48387096774193,-49.6124031007752,-79.45205479452055,-28.440366972477076,0.0,-17.073170731707314,0.0,0.0,0.0,3.954975840013407,-22.238352910122742,0.0
s0-spatial-control,p_r0.05_seed108,3.5,0.4,0.1,0.2,0.4,104.2,32.1,13.0,6.9,16.5,0.2,8.1,6.6,94,88,223642.0,0.0,6046.0,0.55,0.05,108.0,,,,,0.0,0.0,0.0,-50.0,-92.85714285714285,-1.8832391713747645,47.926267281106,0.7751937984496096,-5.479452054794513,-49.54128440366973,0.0,-1.219512195121947,17.857142857142858,0.0,0.0,4.107663231200364,-20.205886234657516,0.0
s0-spatial-control,p_r0.05_seed115,3.4,0.4,0.1,0.3,3.8,97.3,20.6,16.5,4.8,23.1,0.2,7.9,5.5,94,88,220168.0,0.0,6321.0,0.55,0.05,115.0,,,,,-2.85714285714286,0.0,0.0,-25.000000000000007,-32.14285714285714,-8.380414312617708,-5.069124423963125,27.90697674418604,-34.24657534246575,-29.357798165137616,0.0,-3.658536585365841,-1.7857142857142794,0.0,0.0,2.4904803135677644,-16.576481457041044,0.0
s0-spatial-control,p_r0.05_seed122,3.4,0.4,0.1,0.4,2.5,90.6,16.9,11.6,4.1,19.5,0.2,7.4,5.0,94,88,225664.0,0.0,5365.0,0.55,0.05,122.0,,,,,-2.85714285714286,0.0,0.0,0.0,-55.35714285714285,-14.689265536723173,-22.11981566820277,-10.077519379844967,-43.83561643835617,-40.36697247706423,0.0,-9.756097560975597,-10.714285714285708,0.0,0.0,5.048925136627284,-29.193612247591393,0.0
s0-spatial-control,p_r0.05_seed129,3.5,0.4,0.1,0.3,0.2,89.4,22.1,12.0,4.0,23.2,0.2,7.7,5.4,94,88,222567.0,0.0,6064.0,0.55,0.05,129.0,,,,,0.0,0.0,0.0,-25.000000000000007,-96.42857142857143,-15.819209039548019,1.8433179723502402,-6.976744186046514,-45.20547945205479,-29.05198776758411,0.0,-6.0975609756097455,-3.5714285714285587,0.0,0.0,3.6072396167918885,-19.968325194668076,0.0
s0-spatial-control,p_r0.05_seed136,3.5,0.4,0.1,0.3,5.8,109.2,30.1,17.3,7.0,12.7,0.2,8.4,6.0,94,88,220509.0,0.0,6633.0,0.55,0.05,136.0,,,,,0.0,0.0,0.0,-25.000000000000007,3.5714285714285747,2.824858757062147,38.70967741935485,34.10852713178294,-4.109589041095888,-61.16207951070337,0.0,2.4390243902439157,7.1428571428571495,0.0,0.0,2.649219339161523,-12.458756763890722,0.0
s0-spatial-control,p_r0.05_seed143,3.4,0.4,0.1,0.3,4.6,96.4,16.7,13.4,3.1,20.5,0.2,7.3,5.5,94,88,222865.0,0.0,5811.0,0.55,0.05,143.0,,,,,-2.85714285714286,0.0,0.0,-25.000000000000007,-17.857142857142858,-9.227871939736344,-23.04147465437788,3.875968992248062,-57.534246575342465,-37.308868501529055,0.0,-10.975609756097555,-1.7857142857142794,0.0,0.0,3.745961697809309,-23.30737759007523,0.0
s0-spatial-control,p_r0.05_seed150,3.5,0.4,0.1,0.3,2.0,75.2,13.7,9.1,1.6,19.3,0.2,7.1,5.4,94,88,227452.0,0.0,5105.0,0.55,0.05,150.0,,,,,0.0,0.0,0.0,-25.000000000000007,-64.28571428571428,-29.19020715630885,-36.86635944700461,-29.457364341085274,-78.0821917808219,-40.97859327217125,0.0,-13.414634146341461,-3.5714285714285587,0.0,0.0,5.881257622731801,-32.62504949188333,0.0
s0-spatial-control,p_r0.05_seed157,3.5,0.7,0.6,0.3,26.9,138.1,32.2,17.0,7.9,13.0,0.2,8.7,6.2,94,88,207832.0,0.0,8054.0,0.55,0.05,157.0,,,,,0.0,74.99999999999997,500.0,-25.000000000000007,380.35714285714283,30.037664783427488,48.387096774193566,31.782945736434105,8.219178082191789,-60.24464831804281,0.0,6.097560975609757,10.714285714285724,0.0,0.0,-3.252055228146617,6.295367559720205,0.0
s0-spatial-control,p_r0.05_seed164,3.4,0.4,0.1,0.3,0.1,107.9,30.2,15.4,6.0,17.9,0.2,8.2,6.7,94,88,224897.0,0.0,6139.0,0.55,0.05,164.0,,,,,-2.85714285714286,0.0,0.0,-25.000000000000007,-98.21428571428572,1.6007532956685524,39.1705069124424,19.37984496124031,-17.80821917808219,-45.2599388379205,0.0,0.0,19.642857142857153,0.0,0.0,4.691878706626074,-18.978487528045402,0.0
s0-spatial-control,p_r0.05_seed171,3.5,0.4,0.1,0.3,0.2,103.7,18.1,32.2,6.6,20.0,0.2,9.0,5.6,94,88,223348.0,0.0,5914.0,0.55,0.05,171.0,,,,,0.0,0.0,0.0,-25.000000000000007,-96.42857142857143,-2.354048964218456,-16.589861751152064,149.61240310077523,-9.589041095890414,-38.83792048929664,0.0,9.75609756097562,0.0,0.0,0.0,3.970803191538884,-21.948000527913422,0.0
s0-spatial-control,p_r0.05_seed178,3.5,0.4,0.1,0.3,0.2,110.7,18.2,13.2,4.6,23.5,0.2,7.7,5.5,94,88,221564.0,0.0,6174.0,0.55,0.05,178.0,,,,,0.0,0.0,0.0,-25.000000000000007,-96.42857142857143,4.23728813559322,-16.129032258064516,2.325581395348829,-36.986301369863014,-28.134556574923554,0.0,-6.0975609756097455,-1.7857142857142794,0.0,0.0,3.1403327467903064,-18.516563283621487,0.0
s0-spatial-control,p_r0.05_seed185,3.5,0.4,0.1,0.2,6.6,86.0,14.7,13.2,1.9,19.8,0.2,7.3,5.4,94,88,222472.0,0.0,5812.0,0.55,0.05,185.0,,,,,0.0,0.0,0.0,-50.0,17.857142857142858,-19.020715630885125,-32.25806451612903,2.325581395348829,-73.97260273972603,-39.44954128440367,0.0,-10.975609756097555,-3.5714285714285587,0.0,0.0,3.563016134588349,-23.294179754520258,0.0
s0-spatial-control,p_r0.05_seed192,3.4,0.4,0.1,0.3,1.4,129.3,20.5,15.5,6.3,24.1,0.2,8.0,5.7,94,88,219710.0,0.0,6546.0,0.55,0.05,192.0,,,,,-2.85714285714286,0.0,0.0,-25.000000000000007,-74.99999999999999,21.75141242937854,-5.529953917050688,20.15503875968992,-13.698630136986301,-26.299694189602445,0.0,-2.439024390243894,1.7857142857142954,0.0,0.0,2.2772765783128044,-13.606968457173025,0.0
s0-spatial-control,p_r0.05_seed199,3.5,0.4,0.1,0.3,0.6,134.4,22.2,35.1,7.1,19.7,0.2,9.7,5.3,94,88,220613.0,0.0,6596.0,0.55,0.05,199.0,,,,,0.0,0.0,0.0,-25.000000000000007,-89.28571428571429,26.55367231638418,2.3041474654377883,172.09302325581396,-2.739726027397263,-39.755351681957194,0.0,18.292682926829272,-5.357142857142854,0.0,0.0,2.6976324144159243,-12.947076679424574,0.0
s0-spatial-control,p_r0.05_seed206,3.5,0.4,0.1,0.3,15.4,121.6,31.0,17.5,10.4,9.2,0.2,8.9,5.8,94,88,215813.0,0.0,7543.0,0.55,0.05,206.0,,,,,0.0,0.0,0.0,-25.000000000000007,175.00000000000003,14.500941619585678,42.85714285714286,35.65891472868217,42.46575342465754,-71.86544342507646,0.0,8.536585365853671,3.5714285714285747,0.0,0.0,0.46318278728970574,-0.44872640886894544,0.0
s0-spatial-control,p_r0.05_seed213,3.5,0.4,0.1,0.3,4.7,105.0,15.9,11.8,2.4,20.6,0.2,7.3,5.5,94,88,221312.0,0.0,5948.0,0.55,0.05,213.0,,,,,0.0,0.0,0.0,-25.000000000000007,-16.071428571428566,-1.1299435028248614,-26.728110599078335,-8.527131782945734,-67.12328767123287,-37.00305810397554,0.0,-10.975609756097555,-1.7857142857142794,0.0,0.0,3.0230241413661796,-21.499274119044475,0.0
s0-spatial-control,p_r0.05_seed220,3.6,1.4,1.1,0.4,23.9,159.7,32.9,19.6,10.9,12.1,0.2,9.4,5.7,94,88,202224.0,0.0,8829.0,0.55,0.05,220.0,,,,,2.85714285714286,249.99999999999994,1000.0,0.0,326.7857142857142,50.376647834274934,51.61290322580645,51.93798449612403,49.31506849315069,-62.99694189602446,0.0,14.634146341463428,1.7857142857142954,0.0,0.0,-5.862637209172416,16.523690114821168,0.0
s0-spatial-control,p_r0.05_seed227,4.1,2.0,2.5,0.3,19.9,232.1,53.9,22.4,13.2,3.2,0.3,11.5,8.8,94,88,199068.0,0.0,9589.0,0.55,0.05,227.0,,,,,17.14285714285713,400.0,2399.9999999999995,-25.000000000000007,255.35714285714283,118.54990583804141,148.38709677419357,73.64341085271316,80.82191780821917,-90.21406727828747,49.999999999999986,40.2439024390244,57.14285714285716,0.0,0.0,-7.331787839007904,26.554045136597598,0.0
s0-spatial-control,p_r0.05_seed234,3.4,0.4,0.4,0.3,17.4,143.0,34.4,17.5,10.0,17.8,0.2,9.1,6.2,94,88,209506.0,0.0,8173.0,0.55,0.05,234.0,,,,,-2.85714285714286,0.0,300.00000000000006,-25.000000000000007,210.71428571428572,34.65160075329566,58.525345622119815,35.65891472868217,36.986301369863014,-45.56574923547401,0.0,10.975609756097567,10.714285714285724,0.0,0.0,-2.4727909206863483,7.865909990761515,0.0
s0-spatial-control,p_r0.05_seed241,3.5,0.4,0.1,0.3,0.1,120.4,26.2,24.3,7.2,23.5,0.2,9.1,5.8,94,88,221831.0,0.0,6611.0,0.55,0.05,241.0,,,,,0.0,0.0,0.0,-25.000000000000007,-98.21428571428572,13.370998116760832,20.737327188940093,88.37209302325581,-1.3698630136986254,-28.134556574923554,0.0,10.975609756097567,3.5714285714285747,0.0,0.0,3.264624007299202,-12.749109146100041,0.0
s0-spatial-control,p_r0.05_seed248,3.3,0.4,0.1,0.2,1.9,86.3,13.2,11.6,2.1,16.4,0.2,7.2,5.3,94,88,230659.0,0.0,4995.0,0.55,0.05,248.0,,,,,-5.71428571428572,0.0,0.0,-50.0,-66.07142857142857,-18.73822975517891,-39.1705069124424,-10.077519379844967,-71.23287671232876,-49.84709480122325,0.0,-12.195121951219502,-5.357142857142854,0.0,0.0,7.374149279855506,-34.07681140292992,0.0
s0-spatial-control,p_r0.05_seed255,3.5,0.4,0.1,0.3,2.1,85.2,18.5,15.3,4.1,22.9,0.2,7.6,5.7,94,88,220379.0,0.0,6239.0,0.55,0.05,255.0,,,,,0.0,0.0,0.0,-25.000000000000007,-62.5,-19.774011299435028,-14.74654377880184,18.6046511627907,-43.83561643835617,-29.96941896024466,0.0,-7.317073170731704,1.7857142857142954,0.0,0.0,2.588702995093521,-17.6587039725485,0.0
s0-spatial-control,p_r0.05_seed262,3.4,0.4,0.1,0.3,0.1,83.5,22.7,25.2,5.7,12.5,0.2,8.5,5.9,94,88,229972.0,0.0,5271.0,0.55,0.05,262.0,,,,,-2.85714285714286,0.0,0.0,-25.000000000000007,-98.21428571428572,-21.374764595103578,4.6082949308755765,95.34883720930232,-21.917808219178077,-61.773700305810394,0.0,3.6585365853658622,5.35714285714287,0.0,0.0,7.054343676973065,-30.434208789758483,0.0
s0-spatial-control,p_r0.1_seed101,4.1,1.9,0.6,0.3,20.8,190.4,42.8,20.8,11.4,2.7,0.2,9.9,6.7,94,88,199893.0,0.0,8870.0,0.55,0.1,101.0,,,,,17.14285714285713,375.0,500.0,-25.000000000000007,271.4285714285715,79.28436911487759,97.23502304147465,61.240310077519375,56.16438356164385,-91.74311926605505,0.0,20.731707317073187,19.642857142857153,0.0,0.0,-6.947741809345585,17.064801372574898,0.0
s0-spatial-control,p_r0.1_seed108,3.4,0.4,0.1,0.3,0.5,74.8,13.5,10.9,1.7,14.1,0.2,7.0,5.3,94,88,232657.0,0.0,4273.0,0.55,0.1,108.0,,,,,-2.85714285714286,0.0,0.0,-25.000000000000007,-91.07142857142857,-29.566854990583806,-37.78801843317972,-15.503875968992247,-76.71232876712328,-56.88073394495413,0.0,-14.634146341463408,-5.357142857142854,0.0,0.0,8.304238937146794,-43.60564867361752,0.0
s0-spatial-control,p_r0.1_seed115,3.4,0.4,0.1,0.3,2.3,100.1,18.5,36.0,6.0,16.9,0.2,9.0,5.3,94,88,221648.0,0.0,6123.0,0.55,0.1,115.0,,,,,-2.85714285714286,0.0,0.0,-25.000000000000007,-58.92857142857143,-5.74387947269304,-14.74654377880184,179.06976744186048,-17.80821917808219,-48.31804281345566,0.0,9.75609756097562,-5.357142857142854,0.0,0.0,3.179435615265015,-19.189652896924905,0.0
s0-spatial-control,p_r0.1_seed122,3.5,0.4,0.1,0.3,0.1,58.5,8.1,7.9,1.6,11.2,0.2,6.8,5.2,94,88,236386.0,0.0,3746.0,0.55,0.1,122.0,,,,,0.0,0.0,0.0,-25.000000000000007,-98.21428571428572,-44.91525423728814,-62.67281105990783,-38.75968992248062,-78.0821917808219,-65.74923547400611,0.0,-17.073170731707314,-7.142857142857134,0.0,0.0,10.040126991220474,-50.560908011086184,0.0
s0-spatial-control,p_r0.1_seed129,3.4,0.4,0.1,0.4,0.2,88.7,14.5,7.0,1.6,25.6,0.2,6.8,5.5,94,88,222619.0,0.0,5833.0,0.55,0.1,129.0,,,,,-2.85714285714286,0.0,0.0,0.0,-96.42857142857143,-16.47834274952919,-33.17972350230414,-45.736434108527135,-78.0821917808219,-21.712538226299696,0.0,-17.073170731707314,-1.7857142857142794,0.0,0.0,3.63144615441909,-23.01702520786591,0.0
s0-spatial-control,p_r0.1_seed136,3.5,0.4,0.1,0.3,4.3,91.0,16.8,17.1,3.4,7.5,0.2,7.5,5.8,94,88,225163.0,0.0,4984.0,0.55,0.1,136.0,,,,,0.0,0.0,0.0,-25.000000000000007,-23.21428571428571,-14.312617702448213,-22.580645161290317,32.55813953488373,-53.42465753424658,-77.06422018348624,0.0,-8.53658536585365,3.5714285714285747,0.0,0.0,4.815704456795985,-34.22198759403458,0.0
s0-spatial-control,p_r0.1_seed143,3.3,0.4,0.1,0.3,0.1,105.0,20.9,19.3,6.1,19.7,0.2,8.4,5.2,94,88,219984.0,0.0,6525.0,0.55,0.1,143.0,,,,,-5.71428571428572,0.0,0.0,-25.000000000000007,-98.21428571428572,-1.1299435028248614,-3.6866359447004644,49.6124031007752,-16.438356164383563,-39.755351681957194,0.0,2.4390243902439157,-7.142857142857134,0.0,0.0,2.404826411194593,-13.884123003827373,0.0
s0-spatial-control,p_r0.1_seed150,3.4,0.4,0.1,0.3,0.2,102.7,21.8,15.8,7.1,23.8,0.2,8.1,5.3,94,88,219857.0,0.0,6387.0,0.55,0.1,150.0,,,,,-2.85714285714286,0.0,0.0,-25.000000000000007,-96.42857142857143,-3.295668549905838,0.4608294930875642,22.48062015503876,-2.739726027397263,-27.217125382263003,0.0,-1.219512195121947,-5.357142857142854,0.0,0.0,2.3457065981435448,-15.705424310413093,0.0
s0-spatial-control,p_r0.1_seed157,3.4,0.4,0.2,0.3,18.2,127.5,24.2,16.5,7.1,2.4,0.2,8.2,5.7,94,88,211357.0,0.0,6822.0,0.55,0.1,157.0,,,,,-2.85714285714286,0.0,100.0,-25.000000000000007,225.0,20.05649717514124,11.52073732718894,27.90697674418604,-2.739726027397263,-92.66055045871559,0.0,0.0,1.7857142857142954,0.0,0.0,-1.6111312832258005,-9.964365844001584,0.0
s0-spatial-control,p_r0.1_seed164,3.4,0.4,0.1,0.3,0.1,114.1,20.6,45.9,6.9,19.8,0.2,10.2,5.8,94,88,221906.0,0.0,6094.0,0.55,0.1,164.0,,,,,-2.85714285714286,0.0,0.0,-25.000000000000007,-98.21428571428572,7.438794726930312,-5.069124423963125,255.8139534883721,-5.479452054794513,-39.44954128440367,0.0,24.39024390243903,3.5714285714285747,0.0,0.0,3.2995372827230494,-19.572390128019006,0.0
s0-spatial-control,p_r0.1_seed171,3.5,0.4,0.1,0.3,1.9,82.6,12.1,8.0,1.5,20.1,0.2,7.0,5.2,94,88,225833.0,0.0,5127.0,0.55,0.1,171.0,,,,,0.0,0.0,0.0,-25.000000000000007,-66.07142857142857,-22.22222222222223,-44.23963133640553,-37.98449612403101,-79.45205479452055,-38.53211009174312,0.0,-14.634146341463408,-7.142857142857134,0.0,0.0,5.127596383915687,-32.33469710967402,0.0
s0-spatial-control,p_r0.1_seed178,3.4,0.5,0.7,0.4,19.6,140.3,24.9,13.8,6.8,12.3,0.2,8.4,5.7,94,88,208733.0,0.0,7432.0,0.55,0.1,178.0,,,,,-2.85714285714286,24.999999999999993,599.9999999999999,0.0,250.00000000000006,32.109227871939744,14.74654377880184,6.976744186046514,-6.8493150684931505,-62.38532110091744,0.0,2.4390243902439157,1.7857142857142954,0.0,0.0,-2.8326304127214668,-1.913686155470503,0.0
s0-spatial-control,p_r0.1_seed185,3.4,0.4,0.1,0.3,0.1,90.8,25.3,18.5,3.5,10.2,0.2,7.9,6.2,94,88,229980.0,0.0,4889.0,0.55,0.1,185.0,,,,,-2.85714285714286,0.0,0.0,-25.000000000000007,-98.21428571428572,-14.500941619585692,16.58986175115208,43.410852713178286,-52.054794520547944,-68.80733944954129,0.0,-3.658536585365841,10.714285714285724,0.0,0.0,7.058067759684943,-35.47578197175663,0.0
s0-spatial-control,p_r0.1_seed192,3.4,0.4,0.1,0.3,0.1,91.4,19.7,13.8,2.9,18.6,0.2,7.6,5.3,94,88,224859.0,0.0,5803.0,0.55,0.1,192.0,,,,,-2.85714285714286,0.0,0.0,-25.000000000000007,-98.21428571428572,-13.935969868173256,-9.216589861751153,6.976744186046514,-60.27397260273973,-43.11926605504588,0.0,-7.317073170731704,-5.357142857142854,0.0,0.0,4.674189313744658,-23.41296027451498,0.0
s0-spatial-control,p_r0.1_seed199,3.4,0.4,0.1,0.3,1.7,100.9,16.7,30.4,4.1,17.8,0.2,8.4,5.4,94,88,224882.0,0.0,5313.0,0.55,0.1,199.0,,,,,-2.85714285714286,0.0,0.0,-25.000000000000007,-69.64285714285714,-4.990583804143124,-23.04147465437788,135.65891472868216,-43.83561643835617,-45.56574923547401,0.0,2.4390243902439157,-3.5714285714285587,0.0,0.0,4.684896051541305,-29.87989969644978,0.0
s0-spatial-control,p_r0.1_seed206,3.5,0.4,0.1,0.3,6.6,95.5,16.9,12.8,2.9,21.0,0.2,7.5,5.2,94,88,220988.0,0.0,5665.0,0.55,0.1,206.0,,,,,0.0,0.0,0.0,-25.000000000000007,17.857142857142858,-10.075329566854993,-22.11981566820277,-0.7751937984496096,-60.27397260273973,-35.779816513761475,0.0,-8.53658536585365,-7.142857142857134,0.0,0.0,2.87219879153516,-25.234261581100697,0.0
s0-spatial-control,p_r0.1_seed213,3.5,0.4,0.1,0.3,0.1,72.7,20.4,8.7,1.6,12.8,0.2,7.1,5.9,94,88,231409.0,0.0,4434.0,0.55,0.1,213.0,,,,,0.0,0.0,0.0,-25.000000000000007,-98.21428571428572,-31.544256120527308,-5.990783410138252,-32.55813953488373,-78.0821917808219,-60.85626911314985,0.0,-13.414634146341461,5.35714285714287,0.0,0.0,7.723282034093977,-41.48079714926752,0.0
s0-spatial-control,p_r0.1_seed220,3.3,0.4,0.1,0.3,0.3,80.7,11.0,25.6,2.4,10.5,0.2,8.2,5.3,94,88,233830.0,0.0,4570.0,0.55,0.1,220.0,,,,,-5.71428571428572,0.0,0.0,-25.000000000000007,-94.64285714285715,-24.011299435028246,-49.30875576036866,98.44961240310079,-67.12328767123287,-67.88990825688074,0.0,0.0,-5.357142857142854,0.0,0.0,8.850282564775764,-39.68589151379174,0.0
s0-spatial-control,p_r0.1_seed227,3.3,0.4,0.1,0.3,8.3,95.3,15.4,10.4,2.4,2.8,0.2,7.1,5.6,94,88,225239.0,0.0,4952.0,0.55,0.1,227.0,,,,,-5.71428571428572,0.0,0.0,-25.000000000000007,48.21428571428574,-10.26365348399247,-29.032258064516125,-19.37984496124031,-67.12328767123287,-91.43730886850153,0.0,-13.414634146341461,0.0,0.0,0.0,4.8510832425588175,-34.644318331793585,0.0
s0-spatial-control,p_r0.1_seed234,3.5,0.4,0.1,0.2,0.1,110.7,20.9,21.4,7.1,23.2,0.2,8.8,5.7,94,88,218559.0,0.0,6623.0,0.55,0.1,234.0,,,,,0.0,0.0,0.0,-50.0,-98.21428571428572,4.23728813559322,-3.6866359447004644,65.89147286821704,-2.739726027397263,-29.05198776758411,0.0,7.3170731707317245,1.7857142857142954,0.0,0.0,1.7414741781414964,-12.59073511944041,0.0
s0-spatial-control,p_r0.1_seed241,3.5,0.4,0.1,0.3,4.0,86.3,15.5,9.1,2.0,8.3,0.2,7.1,5.7,94,88,226399.0,0.0,4942.0,0.55,0.1,241.0,,,,,0.0,0.0,0.0,-25.000000000000007,-28.571428571428566,-18.73822975517891,-28.57142857142857,-29.457364341085274,-72.6027397260274,-74.61773700305811,0.0,-13.414634146341461,1.7857142857142954,0.0,0.0,5.391075235780987,-34.776296687343276,0.0
s0-spatial-control,p_r0.1_seed248,3.4,0.4,0.1,0.3,7.0,84.5,15.8,10.0,2.0,2.8,0.2,7.1,5.6,94,88,226628.0,0.0,4768.0,0.55,0.1,248.0,,,,,-2.85714285714286,0.0,0.0,-25.000000000000007,25.000000000000007,-20.433145009416197,-27.188940092165893,-22.48062015503876,-72.6027397260274,-91.43730886850153,0.0,-13.414634146341461,0.0,0.0,0.0,5.497677103408467,-37.07272007390788,0.0
s0-spatial-control,p_r0.1_seed255,3.4,0.4,0.2,0.2,13.0,125.1,21.6,16.0,5.2,2.6,0.2,7.8,5.7,94,88,214688.0,0.0,6140.0,0.55,0.1,255.0,,,,,-2.85714285714286,0.0,100.0,-50.0,132.14285714285717,17.796610169491515,-0.4608294930875478,24.03100775193798,-28.767123287671232,-92.04892966360856,0.0,-4.8780487804877986,1.7857142857142954,0.0,0.0,-0.06051634406800175,-18.96528969249043,0.0
s0-spatial-control,p_r0.1_seed262,3.4,0.4,0.1,0.3,11.5,88.5,15.2,12.4,1.8,8.4,0.2,7.2,5.6,94,88,224478.0,0.0,4883.0,0.55,0.1,262.0,,,,,-2.85714285714286,0.0,0.0,-25.000000000000007,105.35714285714286,-16.666666666666668,-29.95391705069125,-3.875968992248062,-75.34246575342466,-74.3119266055046,0.0,-12.195121951219502,0.0,0.0,0.0,4.496829874591515,-35.55496898508645,0.0
s0-spatial-control,p_r0.2_seed101,3.5,0.4,0.1,0.2,0.1,79.4,14.2,25.1,2.1,13.0,0.2,8.2,5.3,94,88,229238.0,0.0,4269.0,0.55,0.2,101.0,,,,,0.0,0.0,0.0,-50.0,-98.21428571428572,-25.23540489642184,-34.56221198156682,94.57364341085271,-71.23287671232876,-60.24464831804281,0.0,0.0,-5.357142857142854,0.0,0.0,6.7126590881583486,-43.6584400158374,0.0
s0-spatial-control,p_r0.2_seed108,3.5,0.4,0.1,0.2,0.1,99.1,18.6,21.3,4.5,19.8,0.2,8.4,5.3,94,88,221445.0,0.0,5447.0,0.55,0.2,108.0,,,,,0.0,0.0,0.0,-50.0,-98.21428571428572,-6.6854990583804215,-14.285714285714276,65.11627906976744,-38.35616438356164,-39.44954128440367,0.0,2.4390243902439157,-5.357142857142854,0.0,0.0,3.084937016451135,-28.111389732083936,0.0
s0-spatial-control,p_r0.2_seed115,3.4,0.4,0.4,0.3,14.6,142.3,25.9,14.1,7.3,2.1,0.2,8.4,5.7,94,88,208050.0,0.0,6846.0,0.55,0.2,115.0,,,,,-2.85714285714286,0.0,300.00000000000006,-25.000000000000007,160.71428571428572,33.992467043314505,19.354838709677416,9.302325581395344,0.0,-93.57798165137613,0.0,2.4390243902439157,1.7857142857142954,0.0,0.0,-3.150573974247968,-9.647617790682329,0.0
s0-spatial-control,p_r0.2_seed122,3.4,0.4,0.1,0.2,0.1,52.8,7.1,6.3,1.7,12.8,0.2,6.5,5.1,94,88,235569.0,0.0,3150.0,0.55,0.2,122.0,,,,,-2.85714285714286,0.0,0.0,-50.0,-98.21428571428572,-50.282485875706215,-67.2811059907834,-51.162790697674424,-76.71232876712328,-60.85626911314985,0.0,-20.731707317073162,-8.928571428571429,0.0,0.0,9.659805044270033,-58.4268180018477,0.0
s0-spatial-control,p_r0.2_seed129,3.5,0.4,0.1,0.3,2.6,71.0,12.1,8.8,1.5,14.2,0.2,6.8,5.1,94,88,229480.0,0.0,3895.0,0.55,0.2,129.0,,,,,0.0,0.0,0.0,-25.000000000000007,-53.57142857142857,-33.14500941619586,-44.23963133640553,-31.782945736434105,-79.45205479452055,-56.574923547400616,0.0,-17.073170731707314,-8.928571428571429,0.0,0.0,6.825312590192628,-48.59443051339581,0.0
s0-spatial-control,p_r0.2_seed136,3.5,0.4,0.1,0.3,9.9,74.4,15.3,10.1,2.2,2.9,0.2,7.1,5.7,94,88,225101.0,0.0,4266.0,0.55,0.2,136.0,,,,,0.0,0.0,0.0,-25.000000000000007,76.7857142857143,-29.943502824858754,-29.49308755760368,-21.705426356589154,-69.86301369863014,-91.13149847094802,0.0,-13.414634146341461,1.7857142857142954,0.0,0.0,4.786842815778939,-43.698033522502314,0.0
s0-spatial-control,p_r0.2_seed143,3.5,0.4,0.1,0.3,8.9,91.7,20.4,14.8,4.1,3.2,0.2,7.9,5.7,94,88,217360.0,0.0,5394.0,0.55,0.2,143.0,,,,,0.0,0.0,0.0,-25.000000000000007,58.928571428571445,-13.653483992467045,-5.990783410138252,14.728682170542637,-43.83561643835617,-90.21406727828747,0.0,-3.658536585365841,1.7857142857142954,0.0,0.0,1.1833272816989264,-28.810875016497295,0.0
s0-spatial-control,p_r0.2_seed150,3.4,0.4,0.1,0.3,0.1,76.6,13.7,19.1,1.7,7.1,0.2,7.6,5.4,94,88,234289.0,0.0,3952.0,0.55,0.2,150.0,,,,,-2.85714285714286,0.0,0.0,-25.000000000000007,-98.21428571428572,-27.871939736346523,-36.86635944700461,48.062015503875976,-76.71232876712328,-78.2874617737003,0.0,-7.317073170731704,-3.5714285714285587,0.0,0.0,9.063951810369709,-47.842153886762574,0.0
s0-spatial-control,p_r0.2_seed157,3.5,0.4,0.1,0.2,0.1,75.9,16.4,11.2,2.6,11.8,0.2,7.3,5.3,94,88,228332.0,0.0,4330.0,0.55,0.2,157.0,,,,,0.0,0.0,0.0,-50.0,-98.21428571428572,-28.53107344632768,-24.42396313364056,-13.178294573643418,-64.3835616438356,-63.91437308868502,0.0,-10.975609756097555,-5.357142857142854,0.0,0.0,6.290906721038274,-42.8533720469843,0.0
s0-spatial-control,p_r0.2_seed164,3.5,0.4,0.1,0.2,0.2,103.8,17.9,13.3,4.4,19.6,0.2,7.6,5.7,94,88,219679.0,0.0,5676.0,0.55,0.2,164.0,,,,,0.0,0.0,0.0,-50.0,-96.42857142857143,-2.259887005649723,-17.511520737327192,3.1007751937984525,-39.72602739726027,-40.0611620795107,0.0,-7.317073170731704,1.7857142857142954,0.0,0.0,2.262845757804281,-25.08908538999604,0.0
s0-spatial-control,p_r0.2_seed171,3.4,0.4,0.1,0.2,2.1,76.9,13.6,8.4,1.8,2.8,0.2,6.9,5.4,94,88,228694.0,0.0,3689.0,0.55,0.2,171.0,,,,,-2.85714285714286,0.0,0.0,-50.0,-62.5,-27.5894538606403,-37.327188940092164,-34.883720930232556,-75.34246575342466,-91.43730886850153,0.0,-15.853658536585355,-3.5714285714285587,0.0,0.0,6.45942146375071,-51.31318463771941,0.0
s0-spatial-control,p_r0.2_seed178,3.4,0.4,0.1,0.2,0.1,62.5,7.9,7.6,1.5,13.0,0.2,6.5,5.1,94,88,233640.0,0.0,3404.0,0.55,0.2,178.0,,,,,-2.85714285714286,0.0,0.0,-50.0,-98.21428571428572,-41.14877589453861,-63.594470046082954,-41.085271317829466,-79.45205479452055,-60.24464831804281,0.0,-20.731707317073162,-8.928571428571429,0.0,0.0,8.761835600368684,-55.07456777088557,0.0
s0-spatial-control,p_r0.2_seed185,3.4,0.4,0.1,0.3,0.1,72.0,17.3,16.3,3.4,14.5,0.2,7.8,5.2,94,88,225707.0,0.0,4664.0,0.55,0.2,185.0,,,,,-2.85714285714286,0.0,0.0,-25.000000000000007,-98.21428571428572,-32.20338983050848,-20.27649769585253,26.356589147286826,-53.42465753424658,-55.65749235474007,0.0,-4.8780487804877986,-7.142857142857134,0.0,0.0,5.068942081203623,-38.445294971624655,0.0
s0-spatial-control,p_r0.2_seed192,3.5,0.4,0.1,0.2,0.1,78.3,13.3,11.2,2.0,19.6,0.2,7.3,5.3,94,88,225521.0,0.0,4698.0,0.55,0.2,192.0,,,,,0.0,0.0,0.0,-50.0,-98.21428571428572,-26.27118644067797,-38.70967741935483,-13.178294573643418,-72.6027397260274,-40.0611620795107,0.0,-10.975609756097555,-5.357142857142854,0.0,0.0,4.982357158152483,-37.996568562755705,0.0
s0-spatial-control,p_r0.2_seed199,3.4,0.4,0.1,0.2,0.7,92.7,17.1,11.9,4.5,20.8,0.2,7.4,5.4,94,88,221972.0,0.0,5358.0,0.55,0.2,199.0,,,,,-2.85714285714286,0.0,0.0,-50.0,-87.5,-12.711864406779661,-21.19815668202764,-7.751937984496124,-38.35616438356164,-36.391437308868504,0.0,-9.756097560975597,-3.5714285714285587,0.0,0.0,3.3302609650960346,-29.28599709647618,0.0
s0-spatial-control,p_r0.2_seed206,3.4,0.4,0.1,0.3,0.1,75.3,14.7,16.4,2.0,16.4,0.2,7.8,5.5,94,88,228099.0,0.0,4303.0,0.55,0.2,206.0,,,,,-2.85714285714286,0.0,0.0,-25.000000000000007,-98.21428571428572,-29.096045197740118,-32.25806451612903,27.131782945736422,-72.6027397260274,-49.84709480122325,0.0,-4.8780487804877986,-1.7857142857142794,0.0,0.0,6.182442812054855,-43.20971360696846,0.0
s0-spatial-control,p_r0.2_seed213,3.5,0.4,0.1,0.3,0.1,68.2,13.3,22.5,1.8,7.1,0.2,7.8,5.4,94,88,235349.0,0.0,3387.0,0.55,0.2,213.0,,,,,0.0,0.0,0.0,-25.000000000000007,-98.21428571428572,-35.781544256120526,-38.70967741935483,74.4186046511628,-75.34246575342466,-78.2874617737003,0.0,-4.8780487804877986,-3.5714285714285587,0.0,0.0,9.557392769693415,-55.29893097532005,0.0
s0-spatial-control,p_r0.2_seed220,3.4,0.4,0.1,0.2,0.1,74.8,13.7,9.7,2.0,18.6,0.2,7.2,5.8,94,88,226617.0,0.0,4473.0,0.55,0.2,220.0,,,,,-2.85714285714286,0.0,0.0,-50.0,-98.21428571428572,-29.566854990583806,-36.86635944700461,-24.806201550387605,-72.6027397260274,-43.11926605504588,0.0,-12.195121951219502,3.5714285714285747,0.0,0.0,5.492556489679636,-40.96608156262373,0.0
s0-spatial-control,p_r0.2_seed227,3.4,0.4,0.1,0.2,0.1,66.7,17.2,23.8,3.0,16.0,0.2,8.2,5.3,94,88,226927.0,0.0,4530.0,0.55,0.2,227.0,,,,,-2.85714285714286,0.0,0.0,-50.0,-98.21428571428572,-37.1939736346516,-20.737327188940093,84.49612403100775,-58.9041095890411,-51.07033639143731,0.0,0.0,-5.357142857142854,0.0,0.0,5.636864694764871,-40.2138049359905,0.0
s0-spatial-control,p_r0.2_seed234,3.4,0.4,0.1,0.2,10.5,99.8,15.7,11.1,2.5,2.6,0.2,7.3,5.8,94,88,219796.0,0.0,4862.0,0.55,0.2,234.0,,,,,-2.85714285714286,0.0,0.0,-50.0,87.50000000000001,-6.026365348399252,-27.64976958525346,-13.953488372093029,-65.75342465753424,-92.04892966360856,0.0,-10.975609756097555,3.5714285714285747,0.0,0.0,2.3173104674654823,-35.8321235317408,0.0
s0-spatial-control,p_r0.2_seed241,3.5,0.4,0.1,0.2,0.1,56.0,7.7,6.5,1.5,10.0,0.2,6.4,5.2,94,88,235513.0,0.0,3160.0,0.55,0.2,241.0,,,,,0.0,0.0,0.0,-50.0,-98.21428571428572,-47.26930320150659,-64.51612903225806,-49.6124031007752,-79.45205479452055,-69.41896024464832,0.0,-21.95121951219511,-7.142857142857134,0.0,0.0,9.633736465286894,-58.294839646298,0.0
s0-spatial-control,p_r0.2_seed248,3.3,0.4,0.1,0.3,0.1,68.4,10.7,27.6,1.5,6.7,0.2,8.2,5.6,94,88,234296.0,0.0,3485.0,0.55,0.2,248.0,,,,,-5.71428571428572,0.0,0.0,-25.000000000000007,-98.21428571428572,-35.593220338983045,-50.69124423963134,113.95348837209302,-79.45205479452055,-79.51070336391439,0.0,0.0,0.0,0.0,0.0,9.067210382742601,-54.00554309093308,0.0
s0-spatial-control,p_r0.2_seed255,3.5,0.4,0.1,0.2,0.1,50.2,5.7,5.8,1.6,11.3,0.2,6.5,5.1,94,88,234746.0,0.0,3126.0,0.55,0.2,255.0,,,,,0.0,0.0,0.0,-50.0,-98.21428571428572,-52.730696798493405,-73.73271889400922,-55.03875968992248,-78.0821917808219,-65.4434250764526,0.0,-20.731707317073162,-8.928571428571429,0.0,0.0,9.276690035285684,-58.74356605516695,0.0
s0-spatial-control,p_r0.2_seed262,3.5,0.4,0.1,0.2,0.1,60.7,11.5,7.9,1.7,16.3,0.2,6.9,5.2,94,88,229599.0,0.0,4024.0,0.55,0.2,262.0,,,,,0.0,0.0,0.0,-50.0,-98.21428571428572,-42.84369114877589,-47.004608294930875,-38.75968992248062,-76.71232876712328,-50.152905198776764,0.0,-15.853658536585355,-7.142857142857134,0.0,0.0,6.880708320531799,-46.891909726804805,0.0
s1-school,sch0.25_seed101,3.7,0.4,0.1,0.3,0.1,102.4,7.9,4.8,1.5,14.9,0.3,6.3,5.1,94,88,240419.0,0.0,4191.0,0.55,,101.0,0.25,,,,5.71428571428572,0.0,0.0,-25.000000000000007,-98.21428571428572,-3.5781544256120497,-63.594470046082954,-62.79069767441862,-79.45205479452055,-54.434250764526006,49.999999999999986,-23.170731707317067,-8.928571428571429,0.0,0.0,11.917530188345484,-44.687871189124984,0.0
s1-school,sch0.25_seed108,3.9,0.4,0.1,0.2,0.1,113.9,12.6,16.4,2.3,16.1,0.2,7.4,5.7,94,88,236901.0,0.0,4718.0,0.55,,108.0,0.25,,,,11.428571428571425,0.0,0.0,-50.0,-98.21428571428572,7.250470809792846,-41.935483870967744,27.131782945736422,-68.4931506849315,-50.764525993883794,0.0,-9.756097560975597,1.7857142857142954,0.0,0.0,10.27986481579756,-37.73261185165633,0.0
s1-school,sch0.25_seed115,3.2,0.4,0.1,0.3,0.1,98.4,11.7,17.1,1.4,11.4,0.2,7.4,5.2,94,88,237855.0,0.0,4305.0,0.55,,115.0,0.25,,,,-8.571428571428566,0.0,0.0,-25.000000000000007,-98.21428571428572,-7.3446327683615795,-46.08294930875576,32.55813953488373,-80.82191780821918,-65.1376146788991,0.0,-9.756097560975597,-7.142857142857134,0.0,0.0,10.723961679188895,-43.18331793585852,0.0
s1-school,sch0.25_seed122,3.3,0.4,0.1,0.3,0.1,95.0,13.1,17.4,2.3,17.8,0.2,7.5,5.3,94,88,235151.0,0.0,5082.0,0.55,,122.0,0.25,,,,-5.71428571428572,0.0,0.0,-25.000000000000007,-98.21428571428572,-10.546139359698683,-39.63133640552996,34.88372093023254,-68.4931506849315,-45.56574923547401,0.0,-8.53658536585365,-5.357142857142854,0.0,0.0,9.465221722574459,-32.928599709647614,0.0
s1-school,sch0.25_seed129,3.5,0.4,0.1,0.3,0.2,152.4,21.3,12.8,4.0,20.0,0.2,7.8,5.8,94,88,226107.0,0.0,7075.0,0.55,,129.0,0.25,,,,0.0,0.0,0.0,-25.000000000000007,-96.42857142857143,43.50282485875706,-1.8433179723502238,-0.7751937984496096,-45.20547945205479,-38.83792048929664,0.0,-4.8780487804877986,3.5714285714285747,0.0,0.0,5.255146216797475,-6.62531344859443,0.0
s1-school,sch0.25_seed136,30.8,9.4,0.1,5.3,39.9,311.7,84.0,56.5,17.8,114.0,6.6,10.3,39.8,94,88,166455.0,0.0,19009.0,0.55,,136.0,0.25,,,,780.0,2250.0,0.0,1224.9999999999998,612.5,193.50282485875704,287.0967741935484,337.984496124031,143.83561643835617,248.62385321100913,3199.9999999999995,25.609756097560993,610.7142857142857,0.0,0.0,-22.513476524313607,150.87765606440544,0.0
s1-school,sch0.25_seed143,3.6,0.4,0.1,0.3,0.1,145.5,35.2,22.7,3.2,14.6,0.2,9.1,6.2,94,88,229826.0,0.0,6094.0,0.55,,143.0,0.25,,,,2.85714285714286,0.0,0.0,-25.000000000000007,-98.21428571428572,37.005649717514125,62.2119815668203,75.96899224806201,-56.164383561643824,-55.35168195718655,0.0,10.975609756097567,10.714285714285724,0.0,0.0,6.98637916748131,-19.572390128019006,0.0
s1-school,sch0.25_seed150,3.7,0.4,0.1,0.4,6.9,174.9,16.9,13.4,2.8,4.2,0.2,7.4,5.6,94,88,221854.0,0.0,6749.0,0.55,,150.0,0.25,,,,5.71428571428572,0.0,0.0,0.0,23.21428571428573,64.68926553672316,-22.11981566820277,3.875968992248062,-61.64383561643836,-87.1559633027523,0.0,-9.756097560975597,0.0,0.0,0.0,3.275330745095849,-10.927807839514319,0.0
s1-school,sch0.25_seed157,47.3,11.2,4.4,0.9,68.9,485.3,101.6,76.5,25.3,28.4,8.1,34.2,14.4,94,88,160447.0,0.0,19672.0,0.55,,157.0,0.25,,,,1251.4285714285713,2699.9999999999995,4300.000000000001,125.0,1130.3571428571431,356.96798493408664,368.2027649769585,493.0232558139535,246.57534246575344,-13.149847094801235,3949.999999999999,317.07317073170736,157.14285714285717,0.0,0.0,-25.310262640933257,159.62782103734986,0.0
s1-school,sch0.25_seed164,3.9,1.4,0.1,1.5,9.2,178.4,41.2,27.6,8.8,65.7,0.2,6.3,18.0,94,88,195327.0,0.0,12270.0,0.55,,164.0,0.25,,,,11.428571428571425,249.99999999999994,0.0,275.0,64.28571428571428,67.984934086629,89.86175115207375,113.95348837209302,20.547945205479465,100.91743119266054,0.0,-23.170731707317067,221.42857142857144,0.0,0.0,-9.073262017149402,61.93744225946944,0.0
s1-school,sch0.25_seed171,3.9,0.4,0.1,0.3,4.3,174.3,16.7,10.3,2.2,3.8,0.2,7.3,5.9,94,88,231115.0,0.0,4916.0,0.55,,171.0,0.25,,,,11.428571428571425,0.0,0.0,-25.000000000000007,-23.21428571428571,64.12429378531074,-23.04147465437788,-20.15503875968992,-69.86301369863014,-88.37920489296636,0.0,-10.975609756097555,5.35714285714287,0.0,0.0,7.586421994432496,-35.119440411772466,0.0
s1-school,sch0.25_seed178,4.7,3.3,0.1,2.0,11.2,204.6,47.0,29.2,13.1,65.4,0.6,7.4,21.2,94,88,191908.0,0.0,13391.0,0.55,,178.0,0.25,,,,34.28571428571429,724.9999999999999,0.0,400.0,100.0,92.65536723163841,116.58986175115209,126.3565891472868,79.45205479452055,100.0,199.99999999999997,-9.756097560975597,278.5714285714286,0.0,0.0,-10.664841866137847,76.73221591658968,0.0
s1-school,sch0.25_seed185,3.6,0.5,0.1,0.4,0.1,99.4,11.8,7.1,1.8,10.6,0.2,6.7,5.0,94,88,243285.0,0.0,4739.0,0.55,,185.0,0.25,,,,2.85714285714286,24.999999999999993,0.0,0.0,-98.21428571428572,-6.403013182674197,-45.6221198156682,-44.96124031007752,-75.34246575342466,-67.58409785932722,0.0,-18.292682926829258,-10.714285714285708,0.0,0.0,13.251682819875429,-37.455457305001985,0.0
s1-school,sch0.25_seed192,9.3,5.1,0.1,3.7,17.1,267.7,54.2,38.4,17.6,90.0,1.0,8.2,21.5,94,88,183398.0,0.0,15139.0,0.55,,192.0,0.25,,,,165.71428571428572,1174.9999999999998,0.0,825.0,205.3571428571429,152.07156308851225,149.76958525345623,197.67441860465115,141.0958904109589,175.2293577981651,400.0,0.0,283.92857142857144,0.0,0.0,-14.626334850897038,99.80203246667546,0.0
s1-school,sch0.25_seed199,10.8,5.2,0.8,3.9,23.9,266.6,65.3,34.7,14.5,91.6,1.1,18.3,14.1,94,88,175472.0,0.0,16861.0,0.55,,199.0,0.25,,,,208.57142857142858,1199.9999999999998,700.0,875.0,326.7857142857142,151.03578154425614,200.9216589861751,168.99224806201553,98.63013698630138,180.12232415902136,450.0,123.17073170731709,151.7857142857143,0.0,0.0,-18.315969797689206,122.52870529233206,0.0
s1-school,sch0.25_seed206,3.5,0.4,0.1,0.5,2.4,154.1,21.2,15.9,5.3,25.7,0.2,8.0,5.3,94,88,219197.0,0.0,8585.0,0.55,,206.0,0.25,,,,0.0,0.0,0.0,24.999999999999993,-57.14285714285714,45.103578154425605,-2.3041474654377883,23.25581395348837,-27.397260273972602,-21.406727828746185,0.0,-2.439024390243894,-5.357142857142854,0.0,0.0,2.0384697744136897,13.303418239408737,0.0
s1-school,sch0.25_seed213,3.5,0.4,0.1,0.3,0.7,77.6,10.7,8.1,1.6,3.7,0.2,6.6,5.0,94,88,241389.0,0.0,3048.0,0.55,,213.0,0.25,,,,0.0,0.0,0.0,-25.000000000000007,-87.5,-26.930320150659142,-50.69124423963134,-37.2093023255814,-78.0821917808219,-88.68501529051989,0.0,-19.51219512195122,-10.714285714285708,0.0,0.0,12.369075217160573,-59.772997228454535,0.0
s1-school,sch0.25_seed220,3.5,0.4,0.1,0.3,0.1,108.5,12.1,10.3,1.7,18.2,0.2,7.0,5.7,94,88,234300.0,0.0,5443.0,0.55,,220.0,0.25,,,,0.0,0.0,0.0,-25.000000000000007,-98.21428571428572,2.1657250470809766,-44.23963133640553,-20.15503875968992,-76.71232876712328,-44.34250764525994,0.0,-14.634146341463408,1.7857142857142954,0.0,0.0,9.06907242409854,-28.164181074303812,0.0
s1-school,sch0.25_seed227,4.1,2.4,0.1,1.4,4.8,127.9,17.5,16.5,4.4,40.6,0.2,5.5,10.6,94,88,211886.0,0.0,9296.0,0.55,,227.0,0.25,,,,17.14285714285713,500.0,0.0,249.99999999999994,-14.285714285714283,20.433145009416197,-19.354838709677416,27.90697674418604,-39.72602739726027,24.159021406727824,0.0,-32.92682926829268,89.28571428571429,0.0,0.0,-1.3648763139029316,22.687079318991685,0.0
s1-school,sch0.25_seed234,8.1,4.5,0.1,3.0,6.9,139.8,24.7,20.1,7.4,45.3,1.2,6.2,14.9,94,88,200729.0,0.0,11230.0,0.55,,234.0,0.25,,,,131.42857142857142,1024.9999999999998,0.0,650.0,23.21428571428573,31.638418079096052,13.82488479262673,55.81395348837211,1.3698630136986376,38.5321100917431,500.0,-24.390243902439014,166.0714285714286,0.0,0.0,-6.558575165954436,48.2116932823017,0.0
s1-school,sch0.25_seed241,3.9,0.5,0.1,0.3,0.1,76.6,12.2,13.3,1.5,4.4,0.2,7.0,5.8,94,88,246443.0,0.0,3241.0,0.55,,241.0,0.25,,,,11.428571428571425,24.999999999999993,0.0,-25.000000000000007,-98.21428571428572,-27.871939736346523,-43.77880184331797,3.1007751937984525,-79.45205479452055,-86.54434250764527,0.0,-14.634146341463408,3.5714285714285747,0.0,0.0,14.721764470388887,-57.225814966345524,0.0
s1-school,sch0.25_seed248,48.0,11.8,6.4,2.7,79.9,533.3,131.3,66.1,36.6,40.1,11.3,38.8,15.7,94,88,157087.0,0.0,21368.0,0.55,,248.0,0.25,,,,1271.4285714285713,2850.0,6300.000000000001,575.0,1326.7857142857147,402.16572504708097,505.06912442396316,412.4031007751937,401.3698630136987,22.62996941896024,5550.000000000001,373.1707317073171,180.35714285714286,0.0,0.0,-26.87437737992161,182.01135013857728,0.0
s1-school,sch0.25_seed255,17.6,7.3,5.2,4.3,31.3,257.0,70.3,42.3,14.2,90.6,3.0,8.2,30.7,94,88,176148.0,0.0,16761.0,0.55,,255.0,0.25,,,,402.85714285714295,1724.9999999999995,5100.0,975.0,458.92857142857156,141.99623352165727,223.96313364055297,227.906976744186,94.52054794520548,177.06422018348619,1399.9999999999998,0.0,448.2142857142858,0.0,0.0,-18.001284808535598,121.20892173683515,0.0
s1-school,sch0.25_seed262,3.5,0.4,0.1,0.2,0.1,126.2,14.1,8.5,1.6,19.3,0.2,6.9,5.1,94,88,231291.0,0.0,5924.0,0.55,,262.0,0.25,,,,0.0,0.0,0.0,-50.0,-98.21428571428572,18.832391713747647,-35.02304147465438,-34.10852713178294,-78.0821917808219,-40.97859327217125,0.0,-15.853658536585355,-8.928571428571429,0.0,0.0,7.668351814093791,-21.816022172363734,0.0
s1-school,sch0.46_seed101,45.8,10.6,4.5,3.9,80.0,532.9,151.5,141.2,72.7,146.9,7.9,46.5,20.1,94,88,151097.0,0.0,26914.0,0.55,,101.0,0.46,,,,1208.5714285714284,2549.9999999999995,4400.0,875.0,1328.571428571429,401.789077212806,598.1566820276498,994.5736434108526,895.8904109589042,349.2354740061162,3850.0,467.0731707317073,258.9285714285715,0.0,0.0,-29.662784310439534,255.20654612643528,0.0
s1-school,sch0.46_seed108,115.3,25.4,16.4,12.8,166.2,717.5,234.1,119.8,83.3,102.8,23.1,63.7,28.1,94,88,132871.0,0.0,32171.0,0.55,,108.0,0.46,,,,3194.285714285714,6250.0,16299.999999999996,3100.0,2867.857142857143,575.6120527306967,978.8018433179724,828.6821705426355,1041.0958904109589,214.37308868501526,11450.0,676.829268292683,401.78571428571433,0.0,0.0,-38.147175748773385,324.5875676389072,0.0
s1-school,sch0.46_seed115,120.6,31.5,9.3,16.3,180.0,946.5,266.0,111.6,85.3,66.3,20.1,94.7,44.8,94,88,128246.0,0.0,33304.0,0.55,,115.0,0.46,,,,3345.7142857142853,7775.0,9200.0,3975.0,3114.2857142857147,791.2429378531073,1125.8064516129034,765.1162790697673,1068.4931506849316,102.75229357798163,9950.0,1054.878048780488,700.0,0.0,0.0,-40.30016106657729,339.5407153226871,0.0
s1-school,sch0.46_seed122,105.5,22.3,7.0,11.1,173.8,760.7,181.1,80.5,72.4,70.9,21.6,58.8,23.2,94,88,137148.0,0.0,29740.0,0.55,,122.0,0.46,,,,2914.285714285714,5475.0,6900.0,2674.9999999999995,3003.5714285714294,616.2900188323918,734.5622119815669,524.031007751938,891.7808219178082,116.81957186544342,10700.0,617.0731707317074,314.28571428571433,0.0,0.0,-36.15618802893612,292.50362940477766,0.0
s1-school,sch0.46_seed129,117.4,26.8,8.3,14.3,180.3,1006.7,221.5,91.8,81.2,83.1,21.1,64.3,26.8,94,88,130985.0,0.0,32300.0,0.55,,129.0,0.46,,,,3254.2857142857147,6600.0,8200.0,3475.0,3119.642857142858,847.9284369114877,920.7373271889402,611.6279069767442,1012.3287671232879,154.12844036697243,10450.0,684.1463414634146,378.57142857142867,0.0,0.0,-39.02512824809839,326.2900884254982,0.0
s1-school,sch0.46_seed136,102.4,29.1,7.0,10.5,183.5,939.8,234.5,120.2,71.3,95.6,22.9,78.6,35.3,94,88,130236.0,0.0,33109.0,0.55,,136.0,0.46,,,,2825.714285714286,7175.0,6900.0,2524.9999999999995,3176.7857142857147,784.9340866290019,980.6451612903226,831.7829457364339,876.7123287671233,192.35474006116203,11349.999999999998,858.5365853658537,530.3571428571428,0.0,0.0,-39.373795491997875,336.9671373894681,0.0
s1-school,sch0.46_seed143,137.4,33.2,11.2,16.7,177.7,892.0,233.6,107.2,76.6,83.8,25.9,76.9,35.3,94,88,126424.0,0.0,33310.0,0.55,,143.0,0.46,,,,3825.714285714286,8200.0,11099.999999999998,4075.0,3073.214285714286,739.924670433145,976.4976958525347,731.0077519379845,949.3150684931506,156.26911314984707,12850.0,837.8048780487806,530.3571428571428,0.0,0.0,-41.14832090420728,339.61990233601693,0.0
s1-school,sch0.46_seed150,109.6,25.6,8.7,11.0,166.0,758.9,177.7,95.7,76.4,115.5,21.8,63.3,20.3,94,88,132149.0,0.0,31983.0,0.55,,150.0,0.46,,,,3031.428571428571,6300.000000000001,8599.999999999998,2649.9999999999995,2864.2857142857147,614.5951035781543,718.8940092165899,641.8604651162791,946.5753424657535,253.21100917431187,10800.0,671.9512195121952,262.50000000000006,0.0,0.0,-38.48327421352028,322.10637455457305,0.0
s1-school,sch0.46_seed157,59.6,17.0,0.9,10.3,68.7,542.8,239.1,88.1,74.3,164.5,11.6,68.1,43.6,94,88,143614.0,0.0,30109.0,0.55,,157.0,0.46,,,,1602.857142857143,4150.0,800.0,2475.0,1126.7857142857144,411.1111111111111,1001.8433179723504,582.9457364341084,917.8082191780823,403.0581039755352,5700.0,730.4878048780488,678.5714285714287,0.0,0.0,-33.146198177061514,297.37363072456117,0.0
s1-school,sch0.46_seed164,93.0,22.7,5.8,11.7,128.4,683.3,254.2,100.8,78.6,92.9,16.4,81.7,38.8,94,88,135895.0,0.0,31148.0,0.55,,164.0,0.46,,,,2557.1428571428573,5575.0,5700.0,2824.9999999999995,2192.857142857143,543.4086629001882,1071.4285714285716,681.3953488372092,976.7123287671233,184.09785932721712,8099.999999999998,896.3414634146343,592.8571428571428,0.0,0.0,-36.73947248368386,311.08618186617394,0.0
s1-school,sch0.46_seed171,123.7,32.5,8.6,15.4,170.2,894.1,219.0,129.2,79.8,142.1,20.9,67.6,28.6,94,88,126439.0,0.0,32924.0,0.55,,171.0,0.46,,,,3434.285714285714,8025.0,8500.0,3750.0,2939.285714285714,741.9020715630885,909.2165898617512,901.5503875968991,993.1506849315068,334.5565749235473,10349.999999999998,724.390243902439,410.7142857142858,0.0,0.0,-41.14133824912251,334.52553781179887,0.0
s1-school,sch0.46_seed178,112.9,25.9,8.7,10.4,165.3,776.6,203.2,111.1,76.8,81.6,20.4,70.9,24.7,94,88,134386.0,0.0,31247.0,0.55,,178.0,0.46,,,,3125.714285714286,6375.0,8599.999999999998,2500.0,2851.785714285715,631.261770244821,836.405529953917,761.2403100775193,952.0547945205478,149.5412844036697,10099.999999999998,764.6341463414635,341.0714285714286,0.0,0.0,-37.441927585211666,312.3927675861159,0.0
s1-school,sch0.46_seed185,138.6,33.6,10.9,11.6,207.6,1008.5,286.7,134.7,95.3,56.1,26.1,88.3,34.0,94,88,125876.0,0.0,34530.0,0.55,,185.0,0.46,,,,3860.0,8300.0,10800.0,2799.9999999999995,3607.142857142858,849.6233521657249,1221.1981566820277,944.1860465116279,1205.4794520547946,71.55963302752293,12950.0,976.8292682926829,507.1428571428571,0.0,0.0,-41.40342056997086,355.72126171307906,0.0
s1-school,sch0.46_seed192,58.1,17.7,6.8,7.0,81.4,631.6,220.8,92.7,59.1,156.6,13.3,52.9,41.5,94,88,145891.0,0.0,28742.0,0.55,,192.0,0.46,,,,1560.0,4325.0,6700.0,1649.9999999999995,1353.571428571429,494.7269303201506,917.5115207373274,618.6046511627907,709.5890410958905,378.8990825688073,6550.0,545.1219512195123,641.0714285714286,0.0,0.0,-32.08623113519351,279.3321895209186,0.0
s1-school,sch0.46_seed199,110.8,24.0,9.6,10.8,158.5,868.9,218.5,114.1,67.8,92.7,23.4,68.0,25.3,94,88,130037.0,0.0,32603.0,0.55,,199.0,0.46,,,,3065.7142857142853,5900.0,9500.0,2600.0,2730.357142857143,718.1732580037665,906.9124423963135,784.4961240310076,828.7671232876713,183.4862385321101,11599.999999999998,729.2682926829268,351.7857142857144,0.0,0.0,-39.46643204945582,330.2890325986538,0.0
s1-school,sch0.46_seed206,136.2,35.4,12.4,17.6,213.6,764.4,205.7,125.1,93.6,71.7,25.9,85.4,29.0,94,88,126411.0,0.0,33123.0,0.55,,206.0,0.46,,,,3791.428571428571,8750.0,12300.0,4300.000000000001,3714.2857142857147,619.774011299435,847.926267281106,869.767441860465,1182.1917808219177,119.26605504587155,12850.0,941.4634146341465,417.8571428571429,0.0,0.0,-41.15437253861408,337.1519070872377,0.0
s1-school,sch0.46_seed213,118.3,26.1,9.3,18.7,176.6,776.3,202.6,91.5,72.3,110.5,22.5,78.7,25.4,94,88,128134.0,0.0,32583.0,0.55,,213.0,0.46,,,,3279.9999999999995,6425.0,9200.0,4575.0,3053.571428571429,630.9792843691148,833.6405529953918,609.3023255813953,890.4109589041096,237.92048929663605,11150.0,859.7560975609756,353.57142857142856,0.0,0.0,-40.35229822454357,330.0250758875544,0.0
s1-school,sch0.46_seed220,115.4,27.9,9.0,15.3,165.0,679.8,133.4,81.7,69.4,133.9,21.1,65.3,17.8,94,88,132369.0,0.0,31055.0,0.55,,220.0,0.46,,,,3197.1428571428573,6875.0,8900.0,3725.0,2846.428571428572,540.1129943502824,514.7465437788019,533.3333333333333,850.6849315068495,309.480122324159,10450.0,696.3414634146341,217.8571428571429,0.0,0.0,-38.38086193894367,309.8587831595618,0.0
s1-school,sch0.46_seed227,131.7,30.6,11.4,14.2,186.2,932.1,192.7,105.9,74.2,94.7,22.6,58.5,21.6,94,88,129166.0,0.0,32640.0,0.55,,227.0,0.46,,,,3662.8571428571427,7550.0,11300.0,3449.999999999999,3225.0,777.683615819209,788.0184331797235,720.9302325581394,916.4383561643837,189.60244648318042,11200.0,613.4146341463415,285.7142857142857,0.0,0.0,-39.87189155471143,330.77735251418767,0.0
s1-school,sch0.46_seed234,133.1,28.5,11.0,17.7,183.7,992.6,263.5,132.1,82.9,86.1,23.1,85.0,36.7,94,88,124509.0,0.0,33853.0,0.55,,234.0,0.46,,,,3702.8571428571427,7025.0,10900.0,4325.0,3180.357142857143,834.6516007532957,1114.2857142857144,924.0310077519379,1035.6164383561645,163.30275229357792,11450.0,936.5853658536587,555.3571428571429,0.0,0.0,-42.03977320336285,346.78632704236503,0.0
s1-school,sch0.46_seed241,59.9,19.7,6.0,8.0,84.6,568.7,283.4,106.1,84.8,158.9,11.1,78.6,54.9,94,88,141491.0,0.0,30279.0,0.55,,241.0,0.46,,,,1611.4285714285713,4825.0,5900.0,1899.9999999999995,1410.7142857142858,435.49905838041434,1205.9907834101382,722.4806201550387,1061.6438356164383,385.9327217125382,5450.0,858.5365853658537,880.3571428571429,0.0,0.0,-34.13447662672588,299.6172627689059,0.0
s1-school,sch0.46_seed248,103.4,28.5,7.3,10.0,166.4,750.7,238.8,92.5,86.9,61.7,23.5,78.9,31.7,94,88,133704.0,0.0,31631.0,0.55,,248.0,0.46,,,,2854.2857142857147,7025.0,7200.0,2399.9999999999995,2871.428571428572,606.8738229755179,1000.4608294930878,617.0542635658915,1090.4109589041097,88.68501529051987,11650.0,862.1951219512196,466.07142857142867,0.0,0.0,-37.75940563639919,317.460736439224,0.0
s1-school,sch0.46_seed255,136.7,36.1,12.0,16.3,191.2,915.1,228.7,91.6,70.6,81.0,24.7,65.8,34.6,94,88,126562.0,0.0,32824.0,0.55,,255.0,0.46,,,,3805.714285714286,8925.0,11900.0,3975.0,3314.2857142857147,761.6760828625236,953.9170506912443,610.077519379845,867.1232876712329,147.7064220183486,12250.0,702.439024390244,517.8571428571429,0.0,0.0,-41.084080477427406,333.205754256302,0.0
s1-school,sch0.46_seed262,100.8,27.0,8.5,9.7,164.0,747.2,191.4,112.6,79.3,63.5,21.8,65.2,21.5,94,88,136476.0,0.0,30763.0,0.55,,262.0,0.46,,,,2780.0,6650.0,8400.0,2324.9999999999995,2828.571428571429,603.5781544256121,782.0276497695853,772.8682170542635,986.3013698630137,94.18960244648316,10800.0,695.1219512195123,283.92857142857144,0.0,0.0,-36.4690109767338,306.00501517751087,0.0
s2-retime-grid,pt0.05_dt-15_seed101,3.6,0.4,0.1,0.3,1.9,124.4,32.8,17.8,6.9,30.3,0.2,9.2,5.8,94,88,216146.0,0.0,7706.0,0.55,,101.0,,0.05,-15.0,,2.85714285714286,0.0,0.0,-25.000000000000007,-66.07142857142857,17.13747645951036,51.15207373271888,37.98449612403101,-5.479452054794513,-7.339449541284409,0.0,12.195121951219514,3.5714285714285747,0.0,0.0,0.6181977301715871,1.702520786590999,0.0
s2-retime-grid,pt0.05_dt-15_seed108,3.3,0.4,0.1,0.3,2.0,127.6,30.3,17.6,11.5,34.2,0.2,9.2,5.4,94,88,214939.0,0.0,7741.0,0.55,,108.0,,0.05,-15.0,,-5.71428571428572,0.0,0.0,-25.000000000000007,-64.28571428571428,20.150659133709972,39.63133640552996,36.43410852713179,57.53424657534247,4.587155963302751,0.0,12.195121951219514,-3.5714285714285587,0.0,0.0,0.05632675101714009,2.1644450310149135,0.0
s2-retime-grid,pt0.05_dt-15_seed115,4.1,1.6,1.0,0.2,22.9,161.4,26.4,16.0,7.4,2.5,0.2,8.5,5.8,94,88,209200.0,0.0,7847.0,0.55,,115.0,,0.05,-15.0,,17.14285714285713,300.00000000000006,900.0,-50.0,308.9285714285714,51.9774011299435,21.658986175115206,24.03100775193798,1.3698630136986376,-92.35474006116208,0.0,3.6585365853658622,3.5714285714285747,0.0,0.0,-2.6152370844156447,3.563415599841626,0.0
s2-retime-grid,pt0.05_dt-15_seed122,3.4,0.4,0.1,0.4,7.2,128.7,27.4,27.9,8.6,34.6,0.3,9.9,6.0,94,88,212074.0,0.0,8852.0,0.55,,122.0,,0.05,-15.0,,-2.85714285714286,0.0,0.0,0.0,28.57142857142858,21.186440677966086,26.26728110599078,116.27906976744184,17.80821917808219,5.810397553516815,49.999999999999986,20.731707317073187,7.1428571428571495,0.0,0.0,-1.2773603701738216,16.827240332585454,0.0
s2-retime-grid,pt0.05_dt-15_seed129,4.5,2.4,1.3,0.3,22.8,243.5,47.6,26.0,12.7,4.4,0.5,16.0,7.0,94,88,194691.0,0.0,10944.0,0.55,,129.0,,0.05,-15.0,,28.57142857142857,500.0,1199.9999999999998,-25.000000000000007,307.1428571428572,129.2843691148776,119.35483870967742,101.55038759689923,73.97260273972603,-86.54434250764527,149.99999999999997,95.12195121951221,25.000000000000007,0.0,0.0,-9.369326592743626,44.43711231358057,0.0
s2-retime-grid,pt0.05_dt-15_seed136,3.5,0.4,0.1,0.3,0.4,123.1,22.9,40.0,8.3,25.1,0.2,10.2,5.3,94,88,219830.0,0.0,6863.0,0.55,,136.0,,0.05,-15.0,,0.0,0.0,0.0,-25.000000000000007,-92.85714285714285,15.913370998116752,5.529953917050688,210.07751937984497,13.698630136986315,-23.24159021406728,0.0,24.39024390243903,-5.357142857142854,0.0,0.0,2.3331378189909597,-9.423254586247856,0.0
s2-retime-grid,pt0.05_dt-15_seed143,3.2,0.5,0.6,0.2,17.3,174.7,39.8,21.4,11.3,3.1,0.3,9.8,6.3,94,88,207871.0,0.0,8483.0,0.55,,143.0,,0.05,-15.0,,-8.571428571428566,24.999999999999993,500.0,-50.0,208.92857142857144,64.50094161958567,83.41013824884791,65.89147286821704,54.79452054794521,-90.51987767584097,49.999999999999986,19.51219512195124,12.500000000000004,0.0,0.0,-3.2339003249262164,11.9572390128019,0.0
s2-retime-grid,pt0.05_dt-15_seed150,3.3,0.4,0.1,0.2,6.5,108.4,21.4,12.9,4.3,19.4,0.2,7.7,6.1,94,88,220106.0,0.0,6780.0,0.55,,150.0,,0.05,-15.0,,-5.71428571428572,0.0,0.0,-50.0,16.071428571428577,2.0715630885122436,-1.3824884792626762,0.0,-41.09589041095891,-40.672782874617745,0.0,-6.0975609756097455,8.928571428571429,0.0,0.0,2.4616186725507174,-10.518674937310282,0.0
s2-retime-grid,pt0.05_dt-15_seed157,3.3,0.4,0.1,0.4,5.6,124.8,31.6,54.5,12.3,32.2,0.2,12.1,6.5,94,88,212669.0,0.0,8408.0,0.55,,157.0,,0.05,-15.0,,-5.71428571428572,0.0,0.0,0.0,0.0,17.514124293785304,45.62211981566821,322.48062015503876,68.49315068493152,-1.5290519877675839,0.0,47.560975609756106,16.071428571428577,0.0,0.0,-1.0003817184779673,10.967401346179226,0.0
s2-retime-grid,pt0.05_dt-15_seed164,3.6,0.4,0.1,0.3,2.1,93.2,24.0,19.9,7.8,29.4,0.2,9.0,6.1,94,88,218857.0,0.0,7248.0,0.55,,164.0,,0.05,-15.0,,2.85714285714286,0.0,0.0,-25.000000000000007,-62.5,-12.24105461393597,10.59907834101383,54.26356589147285,6.8493150684931505,-10.091743119266066,0.0,9.75609756097562,8.928571428571429,0.0,0.0,1.8801962591589159,-4.342087897584796,0.0
s2-retime-grid,pt0.05_dt-15_seed171,3.6,0.4,0.1,0.3,1.6,154.2,32.1,39.5,11.7,34.0,0.2,11.2,5.9,94,88,215296.0,0.0,8313.0,0.55,,171.0,,0.05,-15.0,,2.85714285714286,0.0,0.0,-25.000000000000007,-71.42857142857143,45.19774011299433,47.926267281106,206.2015503875969,60.273972602739725,3.9755351681957096,0.0,36.585365853658544,5.35714285714287,0.0,0.0,0.22251394203465258,9.713606968457173,0.0
s2-retime-grid,pt0.05_dt-15_seed178,6.8,3.0,1.1,0.4,29.7,222.6,46.9,22.4,15.4,4.1,1.0,13.1,7.0,94,88,196702.0,0.0,10367.0,0.55,,178.0,,0.05,-15.0,,94.28571428571428,650.0,1000.0,0.0,430.3571428571429,109.6045197740113,116.12903225806453,73.64341085271316,110.95890410958906,-87.46177370030581,400.0,59.75609756097562,25.000000000000007,0.0,0.0,-8.433185301045535,36.82196119836347,0.0
s2-retime-grid,pt0.05_dt-15_seed185,3.3,0.4,0.1,0.3,4.1,113.8,27.9,19.5,7.3,31.5,0.2,9.2,5.6,94,88,215399.0,0.0,7721.0,0.55,,185.0,,0.05,-15.0,,-5.71428571428572,0.0,0.0,-25.000000000000007,-26.785714285714285,7.156308851224099,28.57142857142857,51.16279069767441,0.0,-3.6697247706422105,0.0,12.195121951219514,0.0,0.0,0.0,0.2704615069500693,1.9004883199155338,0.0
s2-retime-grid,pt0.05_dt-15_seed192,3.8,0.4,0.1,0.3,5.5,161.3,29.4,34.2,11.9,30.9,0.3,10.7,5.5,94,88,212035.0,0.0,8217.0,0.55,,192.0,,0.05,-15.0,,8.571428571428566,0.0,0.0,-25.000000000000007,-1.7857142857142794,51.883239171374775,35.48387096774193,165.11627906976747,63.01369863013699,-5.504587155963316,49.999999999999986,30.487804878048784,-1.7857142857142794,0.0,0.0,-1.2955152733942221,8.44661475518015,0.0
s2-retime-grid,pt0.05_dt-15_seed199,3.5,0.4,0.1,0.3,1.0,135.2,38.2,46.2,11.0,23.9,0.2,11.2,6.6,94,88,219422.0,0.0,7395.0,0.55,,199.0,,0.05,-15.0,,0.0,0.0,0.0,-25.000000000000007,-82.14285714285714,27.306967984934072,76.03686635944702,258.13953488372096,50.68493150684932,-26.911314984709488,0.0,36.585365853658544,17.857142857142858,0.0,0.0,2.143209600685231,-2.4020060710043554,0.0
s2-retime-grid,pt0.05_dt-15_seed206,3.5,0.4,0.1,0.2,1.5,111.4,24.1,15.5,7.7,27.7,0.2,8.4,5.4,94,88,220565.0,0.0,6938.0,0.55,,206.0,,0.05,-15.0,,0.0,0.0,0.0,-50.0,-73.21428571428571,4.89642184557439,11.059907834101393,20.15503875968992,5.479452054794526,-15.290519877675852,0.0,2.4390243902439157,-3.5714285714285587,0.0,0.0,2.675287918144662,-8.433416919625182,0.0
s2-retime-grid,pt0.05_dt-15_seed213,3.5,0.4,0.1,0.3,5.2,118.1,29.1,21.8,7.7,31.6,0.2,9.3,5.8,94,88,214673.0,0.0,8102.0,0.55,,213.0,,0.05,-15.0,,0.0,0.0,0.0,-25.000000000000007,-7.142857142857134,11.20527306967984,34.101382488479274,68.9922480620155,5.479452054794526,-3.363914373088689,0.0,13.41463414634148,3.5714285714285747,0.0,0.0,-0.06749899915277117,6.928863666358717,0.0
s2-retime-grid,pt0.05_dt-15_seed220,9.0,4.0,1.3,0.3,32.8,223.4,40.9,26.2,11.5,3.4,1.2,13.9,6.9,94,88,194925.0,0.0,10672.0,0.55,,220.0,,0.05,-15.0,,157.14285714285714,900.0,1199.9999999999998,-25.000000000000007,485.71428571428567,110.3578154425612,88.47926267281106,103.10077519379843,57.53424657534247,-89.60244648318043,500.0,69.51219512195124,23.21428571428573,0.0,0.0,-9.260397173421222,40.847301042629006,0.0
s2-retime-grid,pt0.05_dt-15_seed227,3.4,0.7,0.6,0.4,23.7,155.1,31.4,22.0,10.7,5.5,0.2,9.5,6.1,94,88,210451.0,0.0,8441.0,0.55,,227.0,,0.05,-15.0,,-2.85714285714286,74.99999999999997,500.0,0.0,323.2142857142858,46.04519774011299,44.70046082949309,70.54263565891472,46.575342465753415,-83.18042813455658,0.0,15.853658536585376,8.928571428571429,0.0,0.0,-2.0328836503458745,11.402929919493204,0.0
s2-retime-grid,pt0.05_dt-15_seed234,3.4,0.4,0.1,0.4,4.4,145.1,45.7,19.3,12.2,34.8,0.2,9.8,8.6,94,88,212915.0,0.0,8492.0,0.55,,234.0,,0.05,-15.0,,-2.85714285714286,0.0,0.0,0.0,-21.428571428571416,36.62900188323916,110.59907834101384,49.6124031007752,67.12328767123287,6.422018348623835,0.0,19.51219512195124,53.57142857142857,0.0,0.0,-0.8858661750877487,12.076019532796622,0.0
s2-retime-grid,pt0.05_dt-15_seed241,3.3,0.4,0.1,0.3,10.9,139.5,42.4,23.9,15.4,23.8,0.2,11.1,6.8,94,88,213523.0,0.0,8478.0,0.55,,241.0,,0.05,-15.0,,-5.71428571428572,0.0,0.0,-25.000000000000007,94.64285714285717,31.355932203389823,95.39170506912443,85.27131782945735,110.95890410958906,-27.217125382263003,0.0,35.365853658536594,21.428571428571434,0.0,0.0,-0.6028358889850944,11.891249835027056,0.0
s2-retime-grid,pt0.05_dt-15_seed248,3.3,0.4,0.1,0.3,2.1,133.2,50.2,34.4,12.3,18.9,0.2,11.9,7.6,94,88,215846.0,0.0,7996.0,0.55,,248.0,,0.05,-15.0,,-5.71428571428572,0.0,0.0,-25.000000000000007,-62.5,25.42372881355931,131.33640552995394,166.66666666666666,68.49315068493152,-42.201834862385326,0.0,45.12195121951221,35.714285714285715,0.0,0.0,0.47854462847619844,5.529893097532005,0.0
s2-retime-grid,pt0.05_dt-15_seed255,3.4,0.4,0.1,0.3,5.4,105.7,23.7,20.5,7.7,31.7,0.2,9.1,6.0,94,88,214974.0,0.0,7553.0,0.55,,255.0,,0.05,-15.0,,-2.85714285714286,0.0,0.0,-25.000000000000007,-3.5714285714285587,-0.4708097928436911,9.216589861751153,58.914728682170534,5.479452054794526,-3.058103975535179,0.0,10.975609756097567,7.1428571428571495,0.0,0.0,0.0726196128816021,-0.31674805331925565,0.0
s2-retime-grid,pt0.05_dt-15_seed262,3.4,0.4,0.1,0.3,0.2,110.7,22.0,19.3,6.9,25.2,0.2,8.4,5.5,94,88,222452.0,0.0,6564.0,0.55,,262.0,,0.05,-15.0,,-2.85714285714286,0.0,0.0,-25.000000000000007,-96.42857142857143,4.23728813559322,1.3824884792626762,49.6124031007752,-5.479452054794513,-22.935779816513772,0.0,2.4390243902439157,-1.7857142857142794,0.0,0.0,3.5537059278086565,-13.369407417183583,0.0
s2-retime-grid,pt0.05_dt-30_seed101,7.0,3.0,1.2,0.3,31.0,268.1,47.1,25.1,11.6,3.4,0.8,16.6,7.8,94,88,193662.0,0.0,11033.0,0.55,,101.0,,0.05,-30.0,,100.0,650.0,1099.9999999999998,-25.000000000000007,453.57142857142856,152.4482109227872,117.05069124423963,94.57364341085271,58.9041095890411,-89.60244648318043,300.00000000000006,102.43902439024393,39.28571428571429,0.0,0.0,-9.848336731558808,45.611719677972815,0.0
s2-retime-grid,pt0.05_dt-30_seed108,3.3,0.4,0.1,0.3,0.2,111.9,36.3,22.5,7.9,15.4,0.3,9.5,6.6,94,88,223841.0,0.0,6839.0,0.55,,108.0,,0.05,-30.0,,-5.71428571428572,0.0,0.0,-25.000000000000007,-96.42857142857143,5.367231638418081,67.2811059907834,74.4186046511628,8.219178082191789,-52.905198776758425,49.999999999999986,15.853658536585376,17.857142857142858,0.0,0.0,4.200299788658306,-9.74000263956711,0.0
s2-retime-grid,pt0.05_dt-30_seed115,3.5,0.4,0.1,0.3,2.2,95.5,22.1,45.2,7.8,21.7,0.2,10.2,5.3,94,88,224592.0,0.0,6659.0,0.55,,115.0,,0.05,-30.0,,0.0,0.0,0.0,-25.000000000000007,-60.71428571428571,-10.075329566854993,1.8433179723502402,250.38759689922486,6.8493150684931505,-33.63914373088686,0.0,24.39024390243903,-5.357142857142854,0.0,0.0,4.549898053235762,-12.115613039461529,0.0
s2-retime-grid,pt0.05_dt-30_seed122,3.2,0.4,0.1,0.3,0.1,129.1,21.0,15.1,7.2,26.8,0.3,8.6,5.5,94,88,219828.0,0.0,6891.0,0.55,,122.0,,0.05,-30.0,,-8.571428571428566,0.0,0.0,-25.000000000000007,-98.21428571428572,21.563088512241045,-3.2258064516129004,17.054263565891468,-1.3698630136986254,-18.042813455657498,49.999999999999986,4.87804878048781,-1.7857142857142794,0.0,0.0,2.3322067983129906,-9.053715190708724,0.0
s2-retime-grid,pt0.05_dt-30_seed129,3.6,0.4,0.1,0.3,4.4,85.0,20.5,13.5,3.4,30.0,0.3,7.9,5.8,94,88,217717.0,0.0,7035.0,0.55,,129.0,,0.05,-30.0,,2.85714285714286,0.0,0.0,-25.000000000000007,-21.428571428571416,-19.96233521657251,-5.529953917050688,4.651162790697672,-53.42465753424658,-8.256880733944962,49.999999999999986,-3.658536585365841,3.5714285714285747,0.0,0.0,1.349514472716439,-7.1532268707931905,0.0
s2-retime-grid,pt0.05_dt-30_seed136,3.8,1.4,0.9,0.2,21.2,228.6,43.6,21.7,14.7,2.9,0.2,11.9,6.4,94,88,201641.0,0.0,9623.0,0.55,,136.0,,0.05,-30.0,,8.571428571428566,249.99999999999994,800.0,-50.0,278.5714285714286,115.25423728813557,100.92165898617513,68.21705426356588,101.36986301369863,-91.13149847094802,0.0,45.12195121951221,14.285714285714299,0.0,0.0,-6.134029736800454,27.00277154546654,0.0
s2-retime-grid,pt0.05_dt-30_seed143,7.1,2.9,1.8,0.3,29.4,224.0,48.9,27.7,11.5,2.7,0.9,13.4,7.3,94,88,198064.0,0.0,10255.0,0.55,,143.0,,0.05,-30.0,,102.85714285714285,625.0,1700.0,-25.000000000000007,425.0,110.92278719397363,125.34562211981566,114.72868217054261,57.53424657534247,-91.74311926605505,349.99999999999994,63.414634146341484,30.35714285714286,0.0,0.0,-7.799160219348472,35.34380361620694,0.0
s2-retime-grid,pt0.05_dt-30_seed150,3.2,0.4,0.1,0.3,1.4,148.0,28.7,26.5,7.9,30.7,0.2,9.7,5.6,94,88,216302.0,0.0,7757.0,0.55,,150.0,,0.05,-30.0,,-8.571428571428566,0.0,0.0,-25.000000000000007,-74.99999999999999,39.359698681732574,32.25806451612903,105.42635658914728,8.219178082191789,-6.116207951070347,0.0,18.292682926829272,0.0,0.0,0.0,0.6908173430531892,2.3756103998944176,0.0
s2-retime-grid,pt0.05_dt-30_seed157,4.0,1.9,0.9,0.3,21.0,201.6,42.8,18.6,11.8,5.3,0.2,10.2,6.5,94,88,202090.0,0.0,9320.0,0.55,,157.0,,0.05,-30.0,,14.285714285714285,375.0,800.0,-25.000000000000007,275.00000000000006,89.83050847457626,97.23502304147465,44.186046511627914,61.643835616438366,-83.79204892966361,0.0,24.39024390243903,16.071428571428577,0.0,0.0,-5.925015594596356,23.00382737231094,0.0
s2-retime-grid,pt0.05_dt-30_seed164,3.3,0.4,0.1,0.3,0.9,135.2,28.6,48.4,11.8,29.3,0.3,11.4,6.7,94,88,216485.0,0.0,7827.0,0.55,,164.0,,0.05,-30.0,,-5.71428571428572,0.0,0.0,-25.000000000000007,-83.92857142857142,27.306967984934072,31.797235023041488,275.1937984496124,61.643835616438366,-10.397553516819578,49.999999999999986,39.02439024390246,19.642857142857153,0.0,0.0,0.7760057350873764,3.299458888742246,0.0
s2-retime-grid,pt0.05_dt-30_seed171,9.7,3.7,1.4,0.3,35.8,249.6,57.2,26.5,12.0,3.2,1.1,14.5,12.1,94,88,192803.0,0.0,10940.0,0.55,,171.0,,0.05,-30.0,,177.1428571428571,825.0,1299.9999999999998,-25.000000000000007,539.2857142857142,135.0282485875706,163.59447004608296,105.42635658914728,64.38356164383562,-90.21406727828747,450.0,76.82926829268294,116.07142857142858,0.0,0.0,-10.248210112746605,44.384320971360694,0.0
s2-retime-grid,pt0.05_dt-30_seed178,3.4,0.4,0.1,0.3,4.6,96.7,13.6,9.1,1.3,18.2,0.2,7.1,5.1,94,88,228832.0,0.0,5385.0,0.55,,178.0,,0.05,-30.0,,-2.85714285714286,0.0,0.0,-25.000000000000007,-17.857142857142858,-8.945386064030131,-37.327188940092164,-29.457364341085274,-82.19178082191782,-44.34250764525994,0.0,-13.414634146341461,-8.928571428571429,0.0,0.0,6.5236618905305885,-28.929655536492017,0.0
s2-retime-grid,pt0.05_dt-30_seed185,3.4,0.4,0.1,0.2,1.6,137.9,32.6,39.8,11.5,19.4,0.2,11.1,6.7,94,88,218863.0,0.0,7384.0,0.55,,185.0,,0.05,-30.0,,-2.85714285714286,0.0,0.0,-50.0,-71.42857142857143,29.84934086629002,50.230414746543794,208.5271317829457,57.53424657534247,-40.672782874617745,0.0,35.365853658536594,19.642857142857153,0.0,0.0,1.8829893211928235,-2.5471822621090143,0.0
s2-retime-grid,pt0.05_dt-30_seed192,3.6,0.4,0.1,0.2,1.9,121.5,46.1,19.5,11.5,32.2,0.2,9.4,8.4,94,88,215570.0,0.0,7867.0,0.55,,192.0,,0.05,-30.0,,2.85714285714286,0.0,0.0,-50.0,-66.07142857142857,14.406779661016946,112.44239631336409,51.16279069767441,57.53424657534247,-1.5290519877675839,0.0,14.634146341463428,50.000000000000014,0.0,0.0,0.3500637749164409,3.827372310941006,0.0
s2-retime-grid,pt0.05_dt-30_seed199,3.6,0.4,0.1,0.3,2.6,128.1,34.5,20.5,7.9,18.2,0.2,9.1,5.5,94,88,219920.0,0.0,7098.0,0.55,,199.0,,0.05,-30.0,,2.85714285714286,0.0,0.0,-25.000000000000007,-53.57142857142857,20.621468926553664,58.986175115207374,58.914728682170534,8.219178082191789,-44.34250764525994,0.0,10.975609756097567,-1.7857142857142794,0.0,0.0,2.3750337494995764,-6.321763230830143,0.0
s2-retime-grid,pt0.05_dt-30_seed206,3.7,0.4,0.1,0.3,9.9,134.1,21.6,12.8,3.8,2.7,0.2,7.6,6.1,94,88,223310.0,0.0,5228.0,0.55,,206.0,,0.05,-30.0,,5.71428571428572,0.0,0.0,-25.000000000000007,76.7857142857143,26.27118644067796,-0.4608294930875478,-0.7751937984496096,-47.945205479452056,-91.74311926605505,0.0,-7.317073170731704,8.928571428571429,0.0,0.0,3.9531137986574683,-31.001715718622147,0.0
s2-retime-grid,pt0.05_dt-30_seed213,3.4,0.4,0.1,0.2,0.3,159.8,32.7,47.9,10.9,21.7,0.2,11.3,5.7,94,88,218181.0,0.0,7967.0,0.55,,213.0,,0.05,-30.0,,-2.85714285714286,0.0,0.0,-50.0,-94.64285714285715,50.470809792843696,50.69124423963135,271.3178294573643,49.31506849315069,-33.63914373088686,0.0,37.80487804878051,1.7857142857142954,0.0,0.0,1.5655112700053069,5.147155866437904,0.0
s2-retime-grid,pt0.05_dt-30_seed220,3.4,0.4,0.1,0.2,1.2,122.0,42.1,42.6,11.8,16.7,0.2,11.0,6.7,94,88,219446.0,0.0,7472.0,0.55,,220.0,,0.05,-30.0,,-2.85714285714286,0.0,0.0,-50.0,-78.57142857142857,14.877589453860637,94.00921658986177,230.2325581395349,61.643835616438366,-48.9296636085627,0.0,34.14634146341465,19.642857142857153,0.0,0.0,2.1543818488208624,-1.3857727332717433,0.0
s2-retime-grid,pt0.05_dt-30_seed227,3.6,0.4,0.1,0.3,1.9,103.5,24.4,35.1,7.4,24.7,0.2,10.1,5.6,94,88,221832.0,0.0,6691.0,0.55,,227.0,,0.05,-30.0,,2.85714285714286,0.0,0.0,-25.000000000000007,-66.07142857142857,-2.5423728813559348,12.442396313364053,172.09302325581396,1.3698630136986376,-24.464831804281353,0.0,23.17073170731708,0.0,0.0,0.0,3.2650895176381867,-11.69328230170252,0.0
s2-retime-grid,pt0.05_dt-30_seed234,3.6,0.4,0.1,0.4,0.1,68.9,15.6,32.7,3.3,13.9,0.2,8.8,5.4,94,88,234909.0,0.0,4431.0,0.55,,234.0,,0.05,-30.0,,2.85714285714286,0.0,0.0,0.0,-98.21428571428572,-35.122410546139356,-28.110599078341014,153.4883720930233,-54.794520547945204,-57.49235474006117,0.0,7.3170731707317245,-3.5714285714285587,0.0,0.0,9.352568220540178,-41.520390655932424,0.0
s2-retime-grid,pt0.05_dt-30_seed241,3.5,0.4,0.1,0.2,2.0,131.1,27.2,26.1,11.8,29.7,0.2,10.1,5.7,94,88,214345.0,0.0,8024.0,0.55,,241.0,,0.05,-30.0,,0.0,0.0,0.0,-50.0,-64.28571428571428,23.446327683615813,25.34562211981567,102.32558139534885,61.643835616438366,-9.174311926605515,0.0,23.17073170731708,1.7857142857142954,0.0,0.0,-0.22018639033972945,5.899432493071136,0.0
s2-retime-grid,pt0.05_dt-30_seed248,3.4,0.4,0.1,0.3,2.6,109.9,19.0,11.9,3.7,21.4,0.2,7.6,5.4,94,88,223218.0,0.0,6681.0,0.55,,248.0,,0.05,-30.0,,-2.85714285714286,0.0,0.0,-25.000000000000007,-53.57142857142857,3.4839924670433167,-12.442396313364053,-7.751937984496124,-49.31506849315068,-34.55657492354741,0.0,-7.317073170731704,-3.5714285714285587,0.0,0.0,3.910286847470882,-11.82526065725221,0.0
s2-retime-grid,pt0.05_dt-30_seed255,3.4,0.4,0.1,0.3,1.9,107.7,20.4,16.5,7.1,25.1,0.2,8.2,5.5,94,88,222722.0,0.0,6587.0,0.55,,255.0,,0.05,-30.0,,-2.85714285714286,0.0,0.0,-25.000000000000007,-66.07142857142857,1.4124293785310735,-5.990783410138252,27.90697674418604,-2.739726027397263,-23.24159021406728,0.0,0.0,-1.7857142857142794,0.0,0.0,3.679393719334506,-13.065857199419295,0.0
s2-retime-grid,pt0.05_dt-30_seed262,3.3,0.4,0.1,0.3,8.1,140.5,29.0,86.3,12.9,18.6,0.2,13.5,5.7,94,88,217677.0,0.0,7820.0,0.55,,262.0,,0.05,-30.0,,-5.71428571428572,0.0,0.0,-25.000000000000007,44.642857142857146,32.29755178907721,33.64055299539171,568.9922480620155,76.7123287671233,-43.11926605504588,0.0,64.63414634146343,1.7857142857142954,0.0,0.0,1.330894059157054,3.207074039857463,0.0
s2-retime-grid,pt0.0_dt-15_seed101,3.5,0.4,0.1,0.4,5.6,106.2,21.7,12.9,7.3,32.7,0.2,8.2,5.6,94,88,214818.0,0.0,7577.0,0.55,,101.0,,0.0,-15.0,,0.0,0.0,0.0,0.0,0.0,0.0,0.0,0.0,0.0,0.0,0.0,0.0,0.0,0.0,0.0,0.0,0.0,0.0
s2-retime-grid,pt0.0_dt-15_seed108,3.5,0.4,0.1,0.4,5.6,106.2,21.7,12.9,7.3,32.7,0.2,8.2,5.6,94,88,214818.0,0.0,7577.0,0.55,,108.0,,0.0,-15.0,,0.0,0.0,0.0,0.0,0.0,0.0,0.0,0.0,0.0,0.0,0.0,0.0,0.0,0.0,0.0,0.0,0.0,0.0
s2-retime-grid,pt0.0_dt-15_seed115,3.5,0.4,0.1,0.4,5.6,106.2,21.7,12.9,7.3,32.7,0.2,8.2,5.6,94,88,214818.0,0.0,7577.0,0.55,,115.0,,0.0,-15.0,,0.0,0.0,0.0,0.0,0.0,0.0,0.0,0.0,0.0,0.0,0.0,0.0,0.0,0.0,0.0,0.0,0.0,0.0
s2-retime-grid,pt0.0_dt-15_seed122,3.5,0.4,0.1,0.4,5.6,106.2,21.7,12.9,7.3,32.7,0.2,8.2,5.6,94,88,214818.0,0.0,7577.0,0.55,,122.0,,0.0,-15.0,,0.0,0.0,0.0,0.0,0.0,0.0,0.0,0.0,0.0,0.0,0.0,0.0,0.0,0.0,0.0,0.0,0.0,0.0
s2-retime-grid,pt0.0_dt-15_seed129,3.5,0.4,0.1,0.4,5.6,106.2,21.7,12.9,7.3,32.7,0.2,8.2,5.6,94,88,214818.0,0.0,7577.0,0.55,,129.0,,0.0,-15.0,,0.0,0.0,0.0,0.0,0.0,0.0,0.0,0.0,0.0,0.0,0.0,0.0,0.0,0.0,0.0,0.0,0.0,0.0
s2-retime-grid,pt0.0_dt-15_seed136,3.5,0.4,0.1,0.4,5.6,106.2,21.7,12.9,7.3,32.7,0.2,8.2,5.6,94,88,214818.0,0.0,7577.0,0.55,,136.0,,0.0,-15.0,,0.0,0.0,0.0,0.0,0.0,0.0,0.0,0.0,0.0,0.0,0.0,0.0,0.0,0.0,0.0,0.0,0.0,0.0
s2-retime-grid,pt0.0_dt-15_seed143,3.5,0.4,0.1,0.4,5.6,106.2,21.7,12.9,7.3,32.7,0.2,8.2,5.6,94,88,214818.0,0.0,7577.0,0.55,,143.0,,0.0,-15.0,,0.0,0.0,0.0,0.0,0.0,0.0,0.0,0.0,0.0,0.0,0.0,0.0,0.0,0.0,0.0,0.0,0.0,0.0
s2-retime-grid,pt0.0_dt-15_seed150,3.5,0.4,0.1,0.4,5.6,106.2,21.7,12.9,7.3,32.7,0.2,8.2,5.6,94,88,214818.0,0.0,7577.0,0.55,,150.0,,0.0,-15.0,,0.0,0.0,0.0,0.0,0.0,0.0,0.0,0.0,0.0,0.0,0.0,0.0,0.0,0.0,0.0,0.0,0.0,0.0
s2-retime-grid,pt0.0_dt-15_seed157,3.5,0.4,0.1,0.4,5.6,106.2,21.7,12.9,7.3,32.7,0.2,8.2,5.6,94,88,214818.0,0.0,7577.0,0.55,,157.0,,0.0,-15.0,,0.0,0.0,0.0,0.0,0.0,0.0,0.0,0.0,0.0,0.0,0.0,0.0,0.0,0.0,0.0,0.0,0.0,0.0
s2-retime-grid,pt0.0_dt-15_seed164,3.5,0.4,0.1,0.4,5.6,106.2,21.7,12.9,7.3,32.7,0.2,8.2,5.6,94,88,214818.0,0.0,7577.0,0.55,,164.0,,0.0,-15.0,,0.0,0.0,0.0,0.0,0.0,0.0,0.0,0.0,0.0,0.0,0.0,0.0,0.0,0.0,0.0,0.0,0.0,0.0
s2-retime-grid,pt0.0_dt-15_seed171,3.5,0.4,0.1,0.4,5.6,106.2,21.7,12.9,7.3,32.7,0.2,8.2,5.6,94,88,214818.0,0.0,7577.0,0.55,,171.0,,0.0,-15.0,,0.0,0.0,0.0,0.0,0.0,0.0,0.0,0.0,0.0,0.0,0.0,0.0,0.0,0.0,0.0,0.0,0.0,0.0
s2-retime-grid,pt0.0_dt-15_seed178,3.5,0.4,0.1,0.4,5.6,106.2,21.7,12.9,7.3,32.7,0.2,8.2,5.6,94,88,214818.0,0.0,7577.0,0.55,,178.0,,0.0,-15.0,,0.0,0.0,0.0,0.0,0.0,0.0,0.0,0.0,0.0,0.0,0.0,0.0,0.0,0.0,0.0,0.0,0.0,0.0
s2-retime-grid,pt0.0_dt-15_seed185,3.5,0.4,0.1,0.4,5.6,106.2,21.7,12.9,7.3,32.7,0.2,8.2,5.6,94,88,214818.0,0.0,7577.0,0.55,,185.0,,0.0,-15.0,,0.0,0.0,0.0,0.0,0.0,0.0,0.0,0.0,0.0,0.0,0.0,0.0,0.0,0.0,0.0,0.0,0.0,0.0
s2-retime-grid,pt0.0_dt-15_seed192,3.5,0.4,0.1,0.4,5.6,106.2,21.7,12.9,7.3,32.7,0.2,8.2,5.6,94,88,214818.0,0.0,7577.0,0.55,,192.0,,0.0,-15.0,,0.0,0.0,0.0,0.0,0.0,0.0,0.0,0.0,0.0,0.0,0.0,0.0,0.0,0.0,0.0,0.0,0.0,0.0
s2-retime-grid,pt0.0_dt-15_seed199,3.5,0.4,0.1,0.4,5.6,106.2,21.7,12.9,7.3,32.7,0.2,8.2,5.6,94,88,214818.0,0.0,7577.0,0.55,,199.0,,0.0,-15.0,,0.0,0.0,0.0,0.0,0.0,0.0,0.0,0.0,0.0,0.0,0.0,0.0,0.0,0.0,0.0,0.0,0.0,0.0
s2-retime-grid,pt0.0_dt-15_seed206,3.5,0.4,0.1,0.4,5.6,106.2,21.7,12.9,7.3,32.7,0.2,8.2,5.6,94,88,214818.0,0.0,7577.0,0.55,,206.0,,0.0,-15.0,,0.0,0.0,0.0,0.0,0.0,0.0,0.0,0.0,0.0,0.0,0.0,0.0,0.0,0.0,0.0,0.0,0.0,0.0
s2-retime-grid,pt0.0_dt-15_seed213,3.5,0.4,0.1,0.4,5.6,106.2,21.7,12.9,7.3,32.7,0.2,8.2,5.6,94,88,214818.0,0.0,7577.0,0.55,,213.0,,0.0,-15.0,,0.0,0.0,0.0,0.0,0.0,0.0,0.0,0.0,0.0,0.0,0.0,0.0,0.0,0.0,0.0,0.0,0.0,0.0
s2-retime-grid,pt0.0_dt-15_seed220,3.5,0.4,0.1,0.4,5.6,106.2,21.7,12.9,7.3,32.7,0.2,8.2,5.6,94,88,214818.0,0.0,7577.0,0.55,,220.0,,0.0,-15.0,,0.0,0.0,0.0,0.0,0.0,0.0,0.0,0.0,0.0,0.0,0.0,0.0,0.0,0.0,0.0,0.0,0.0,0.0
s2-retime-grid,pt0.0_dt-15_seed227,3.5,0.4,0.1,0.4,5.6,106.2,21.7,12.9,7.3,32.7,0.2,8.2,5.6,94,88,214818.0,0.0,7577.0,0.55,,227.0,,0.0,-15.0,,0.0,0.0,0.0,0.0,0.0,0.0,0.0,0.0,0.0,0.0,0.0,0.0,0.0,0.0,0.0,0.0,0.0,0.0
s2-retime-grid,pt0.0_dt-15_seed234,3.5,0.4,0.1,0.4,5.6,106.2,21.7,12.9,7.3,32.7,0.2,8.2,5.6,94,88,214818.0,0.0,7577.0,0.55,,234.0,,0.0,-15.0,,0.0,0.0,0.0,0.0,0.0,0.0,0.0,0.0,0.0,0.0,0.0,0.0,0.0,0.0,0.0,0.0,0.0,0.0
s2-retime-grid,pt0.0_dt-15_seed241,3.5,0.4,0.1,0.4,5.6,106.2,21.7,12.9,7.3,32.7,0.2,8.2,5.6,94,88,214818.0,0.0,7577.0,0.55,,241.0,,0.0,-15.0,,0.0,0.0,0.0,0.0,0.0,0.0,0.0,0.0,0.0,0.0,0.0,0.0,0.0,0.0,0.0,0.0,0.0,0.0
s2-retime-grid,pt0.0_dt-15_seed248,3.5,0.4,0.1,0.4,5.6,106.2,21.7,12.9,7.3,32.7,0.2,8.2,5.6,94,88,214818.0,0.0,7577.0,0.55,,248.0,,0.0,-15.0,,0.0,0.0,0.0,0.0,0.0,0.0,0.0,0.0,0.0,0.0,0.0,0.0,0.0,0.0,0.0,0.0,0.0,0.0
s2-retime-grid,pt0.0_dt-15_seed255,3.5,0.4,0.1,0.4,5.6,106.2,21.7,12.9,7.3,32.7,0.2,8.2,5.6,94,88,214818.0,0.0,7577.0,0.55,,255.0,,0.0,-15.0,,0.0,0.0,0.0,0.0,0.0,0.0,0.0,0.0,0.0,0.0,0.0,0.0,0.0,0.0,0.0,0.0,0.0,0.0
s2-retime-grid,pt0.0_dt-15_seed262,3.5,0.4,0.1,0.4,5.6,106.2,21.7,12.9,7.3,32.7,0.2,8.2,5.6,94,88,214818.0,0.0,7577.0,0.55,,262.0,,0.0,-15.0,,0.0,0.0,0.0,0.0,0.0,0.0,0.0,0.0,0.0,0.0,0.0,0.0,0.0,0.0,0.0,0.0,0.0,0.0
s2-retime-grid,pt0.0_dt-30_seed101,3.5,0.4,0.1,0.4,5.6,106.2,21.7,12.9,7.3,32.7,0.2,8.2,5.6,94,88,214818.0,0.0,7577.0,0.55,,101.0,,0.0,-30.0,,0.0,0.0,0.0,0.0,0.0,0.0,0.0,0.0,0.0,0.0,0.0,0.0,0.0,0.0,0.0,0.0,0.0,0.0
s2-retime-grid,pt0.0_dt-30_seed108,3.5,0.4,0.1,0.4,5.6,106.2,21.7,12.9,7.3,32.7,0.2,8.2,5.6,94,88,214818.0,0.0,7577.0,0.55,,108.0,,0.0,-30.0,,0.0,0.0,0.0,0.0,0.0,0.0,0.0,0.0,0.0,0.0,0.0,0.0,0.0,0.0,0.0,0.0,0.0,0.0
s2-retime-grid,pt0.0_dt-30_seed115,3.5,0.4,0.1,0.4,5.6,106.2,21.7,12.9,7.3,32.7,0.2,8.2,5.6,94,88,214818.0,0.0,7577.0,0.55,,115.0,,0.0,-30.0,,0.0,0.0,0.0,0.0,0.0,0.0,0.0,0.0,0.0,0.0,0.0,0.0,0.0,0.0,0.0,0.0,0.0,0.0
s2-retime-grid,pt0.0_dt-30_seed122,3.5,0.4,0.1,0.4,5.6,106.2,21.7,12.9,7.3,32.7,0.2,8.2,5.6,94,88,214818.0,0.0,7577.0,0.55,,122.0,,0.0,-30.0,,0.0,0.0,0.0,0.0,0.0,0.0,0.0,0.0,0.0,0.0,0.0,0.0,0.0,0.0,0.0,0.0,0.0,0.0
s2-retime-grid,pt0.0_dt-30_seed129,3.5,0.4,0.1,0.4,5.6,106.2,21.7,12.9,7.3,32.7,0.2,8.2,5.6,94,88,214818.0,0.0,7577.0,0.55,,129.0,,0.0,-30.0,,0.0,0.0,0.0,0.0,0.0,0.0,0.0,0.0,0.0,0.0,0.0,0.0,0.0,0.0,0.0,0.0,0.0,0.0
s2-retime-grid,pt0.0_dt-30_seed136,3.5,0.4,0.1,0.4,5.6,106.2,21.7,12.9,7.3,32.7,0.2,8.2,5.6,94,88,214818.0,0.0,7577.0,0.55,,136.0,,0.0,-30.0,,0.0,0.0,0.0,0.0,0.0,0.0,0.0,0.0,0.0,0.0,0.0,0.0,0.0,0.0,0.0,0.0,0.0,0.0
s2-retime-grid,pt0.0_dt-30_seed143,3.5,0.4,0.1,0.4,5.6,106.2,21.7,12.9,7.3,32.7,0.2,8.2,5.6,94,88,214818.0,0.0,7577.0,0.55,,143.0,,0.0,-30.0,,0.0,0.0,0.0,0.0,0.0,0.0,0.0,0.0,0.0,0.0,0.0,0.0,0.0,0.0,0.0,0.0,0.0,0.0
s2-retime-grid,pt0.0_dt-30_seed150,3.5,0.4,0.1,0.4,5.6,106.2,21.7,12.9,7.3,32.7,0.2,8.2,5.6,94,88,214818.0,0.0,7577.0,0.55,,150.0,,0.0,-30.0,,0.0,0.0,0.0,0.0,0.0,0.0,0.0,0.0,0.0,0.0,0.0,0.0,0.0,0.0,0.0,0.0,0.0,0.0
s2-retime-grid,pt0.0_dt-30_seed157,3.5,0.4,0.1,0.4,5.6,106.2,21.7,12.9,7.3,32.7,0.2,8.2,5.6,94,88,214818.0,0.0,7577.0,0.55,,157.0,,0.0,-30.0,,0.0,0.0,0.0,0.0,0.0,0.0,0.0,0.0,0.0,0.0,0.0,0.0,0.0,0.0,0.0,0.0,0.0,0.0
s2-retime-grid,pt0.0_dt-30_seed164,3.5,0.4,0.1,0.4,5.6,106.2,21.7,12.9,7.3,32.7,0.2,8.2,5.6,94,88,214818.0,0.0,7577.0,0.55,,164.0,,0.0,-30.0,,0.0,0.0,0.0,0.0,0.0,0.0,0.0,0.0,0.0,0.0,0.0,0.0,0.0,0.0,0.0,0.0,0.0,0.0
s2-retime-grid,pt0.0_dt-30_seed171,3.5,0.4,0.1,0.4,5.6,106.2,21.7,12.9,7.3,32.7,0.2,8.2,5.6,94,88,214818.0,0.0,7577.0,0.55,,171.0,,0.0,-30.0,,0.0,0.0,0.0,0.0,0.0,0.0,0.0,0.0,0.0,0.0,0.0,0.0,0.0,0.0,0.0,0.0,0.0,0.0
s2-retime-grid,pt0.0_dt-30_seed178,3.5,0.4,0.1,0.4,5.6,106.2,21.7,12.9,7.3,32.7,0.2,8.2,5.6,94,88,214818.0,0.0,7577.0,0.55,,178.0,,0.0,-30.0,,0.0,0.0,0.0,0.0,0.0,0.0,0.0,0.0,0.0,0.0,0.0,0.0,0.0,0.0,0.0,0.0,0.0,0.0
s2-retime-grid,pt0.0_dt-30_seed185,3.5,0.4,0.1,0.4,5.6,106.2,21.7,12.9,7.3,32.7,0.2,8.2,5.6,94,88,214818.0,0.0,7577.0,0.55,,185.0,,0.0,-30.0,,0.0,0.0,0.0,0.0,0.0,0.0,0.0,0.0,0.0,0.0,0.0,0.0,0.0,0.0,0.0,0.0,0.0,0.0
s2-retime-grid,pt0.0_dt-30_seed192,3.5,0.4,0.1,0.4,5.6,106.2,21.7,12.9,7.3,32.7,0.2,8.2,5.6,94,88,214818.0,0.0,7577.0,0.55,,192.0,,0.0,-30.0,,0.0,0.0,0.0,0.0,0.0,0.0,0.0,0.0,0.0,0.0,0.0,0.0,0.0,0.0,0.0,0.0,0.0,0.0
s2-retime-grid,pt0.0_dt-30_seed199,3.5,0.4,0.1,0.4,5.6,106.2,21.7,12.9,7.3,32.7,0.2,8.2,5.6,94,88,214818.0,0.0,7577.0,0.55,,199.0,,0.0,-30.0,,0.0,0.0,0.0,0.0,0.0,0.0,0.0,0.0,0.0,0.0,0.0,0.0,0.0,0.0,0.0,0.0,0.0,0.0
s2-retime-grid,pt0.0_dt-30_seed206,3.5,0.4,0.1,0.4,5.6,106.2,21.7,12.9,7.3,32.7,0.2,8.2,5.6,94,88,214818.0,0.0,7577.0,0.55,,206.0,,0.0,-30.0,,0.0,0.0,0.0,0.0,0.0,0.0,0.0,0.0,0.0,0.0,0.0,0.0,0.0,0.0,0.0,0.0,0.0,0.0
s2-retime-grid,pt0.0_dt-30_seed213,3.5,0.4,0.1,0.4,5.6,106.2,21.7,12.9,7.3,32.7,0.2,8.2,5.6,94,88,214818.0,0.0,7577.0,0.55,,213.0,,0.0,-30.0,,0.0,0.0,0.0,0.0,0.0,0.0,0.0,0.0,0.0,0.0,0.0,0.0,0.0,0.0,0.0,0.0,0.0,0.0
s2-retime-grid,pt0.0_dt-30_seed220,3.5,0.4,0.1,0.4,5.6,106.2,21.7,12.9,7.3,32.7,0.2,8.2,5.6,94,88,214818.0,0.0,7577.0,0.55,,220.0,,0.0,-30.0,,0.0,0.0,0.0,0.0,0.0,0.0,0.0,0.0,0.0,0.0,0.0,0.0,0.0,0.0,0.0,0.0,0.0,0.0
s2-retime-grid,pt0.0_dt-30_seed227,3.5,0.4,0.1,0.4,5.6,106.2,21.7,12.9,7.3,32.7,0.2,8.2,5.6,94,88,214818.0,0.0,7577.0,0.55,,227.0,,0.0,-30.0,,0.0,0.0,0.0,0.0,0.0,0.0,0.0,0.0,0.0,0.0,0.0,0.0,0.0,0.0,0.0,0.0,0.0,0.0
s2-retime-grid,pt0.0_dt-30_seed234,3.5,0.4,0.1,0.4,5.6,106.2,21.7,12.9,7.3,32.7,0.2,8.2,5.6,94,88,214818.0,0.0,7577.0,0.55,,234.0,,0.0,-30.0,,0.0,0.0,0.0,0.0,0.0,0.0,0.0,0.0,0.0,0.0,0.0,0.0,0.0,0.0,0.0,0.0,0.0,0.0
s2-retime-grid,pt0.0_dt-30_seed241,3.5,0.4,0.1,0.4,5.6,106.2,21.7,12.9,7.3,32.7,0.2,8.2,5.6,94,88,214818.0,0.0,7577.0,0.55,,241.0,,0.0,-30.0,,0.0,0.0,0.0,0.0,0.0,0.0,0.0,0.0,0.0,0.0,0.0,0.0,0.0,0.0,0.0,0.0,0.0,0.0
s2-retime-grid,pt0.0_dt-30_seed248,3.5,0.4,0.1,0.4,5.6,106.2,21.7,12.9,7.3,32.7,0.2,8.2,5.6,94,88,214818.0,0.0,7577.0,0.55,,248.0,,0.0,-30.0,,0.0,0.0,0.0,0.0,0.0,0.0,0.0,0.0,0.0,0.0,0.0,0.0,0.0,0.0,0.0,0.0,0.0,0.0
s2-retime-grid,pt0.0_dt-30_seed255,3.5,0.4,0.1,0.4,5.6,106.2,21.7,12.9,7.3,32.7,0.2,8.2,5.6,94,88,214818.0,0.0,7577.0,0.55,,255.0,,0.0,-30.0,,0.0,0.0,0.0,0.0,0.0,0.0,0.0,0.0,0.0,0.0,0.0,0.0,0.0,0.0,0.0,0.0,0.0,0.0
s2-retime-grid,pt0.0_dt-30_seed262,3.5,0.4,0.1,0.4,5.6,106.2,21.7,12.9,7.3,32.7,0.2,8.2,5.6,94,88,214818.0,0.0,7577.0,0.55,,262.0,,0.0,-30.0,,0.0,0.0,0.0,0.0,0.0,0.0,0.0,0.0,0.0,0.0,0.0,0.0,0.0,0.0,0.0,0.0,0.0,0.0
s2-retime-grid,pt0.15_dt-15_seed101,4.2,2.5,0.9,0.3,23.7,186.9,43.9,27.1,12.2,17.6,0.5,12.6,6.7,94,88,197388.0,0.0,10692.0,0.55,,101.0,,0.15,-15.0,,20.000000000000004,525.0,800.0,-25.000000000000007,323.2142857142858,75.98870056497175,102.3041474654378,110.07751937984496,67.12328767123287,-46.17737003058104,149.99999999999997,53.658536585365866,19.642857142857153,0.0,0.0,-8.113845208502081,41.11125775372839,0.0
s2-retime-grid,pt0.15_dt-15_seed108,3.5,0.4,0.1,0.2,3.9,126.2,24.9,18.0,11.3,30.1,0.2,9.7,5.9,94,88,215953.0,0.0,7848.0,0.55,,108.0,,0.15,-15.0,,0.0,0.0,0.0,-50.0,-30.357142857142854,18.832391713747647,14.74654377880184,39.53488372093023,54.79452054794521,-7.9510703363914415,0.0,18.292682926829272,5.35714285714287,0.0,0.0,0.5283542347475537,3.5766134353965953,0.0
s2-retime-grid,pt0.15_dt-15_seed115,3.5,0.4,0.1,0.3,9.1,93.6,24.4,14.4,7.4,35.8,0.2,8.7,6.0,94,88,213578.0,0.0,8058.0,0.55,,115.0,,0.15,-15.0,,0.0,0.0,0.0,-25.000000000000007,62.5,-11.864406779661024,12.442396313364053,11.627906976744185,1.3698630136986376,9.480122324159003,0.0,6.097560975609757,7.1428571428571495,0.0,0.0,-0.5772328203409398,6.3481589019400815,0.0
s2-retime-grid,pt0.15_dt-15_seed122,3.3,0.4,0.1,0.3,0.2,116.6,21.4,17.6,7.4,29.9,0.3,8.5,6.0,94,88,217880.0,0.0,7276.0,0.55,,122.0,,0.15,-15.0,,-5.71428571428572,0.0,0.0,-25.000000000000007,-96.42857142857143,9.792843691148768,-1.3824884792626762,36.43410852713179,1.3698630136986376,-8.562691131498482,49.999999999999986,3.6585365853658622,7.1428571428571495,0.0,0.0,1.4253926579709337,-3.972548502045665,0.0
s2-retime-grid,pt0.15_dt-15_seed129,3.5,0.4,0.1,0.3,2.1,130.7,34.4,18.8,10.6,32.1,0.2,9.5,5.9,94,88,214654.0,0.0,8440.0,0.55,,129.0,,0.15,-15.0,,0.0,0.0,0.0,-25.000000000000007,-62.5,23.06967984934085,58.525345622119815,45.736434108527135,45.20547945205479,-1.8348623853211052,0.0,15.853658536585376,5.35714285714287,0.0,0.0,-0.07634369559347913,11.389732083938235,0.0
s2-retime-grid,pt0.15_dt-15_seed136,3.3,0.4,0.1,0.3,10.7,158.9,32.1,39.2,15.6,37.7,0.2,11.3,6.1,94,88,208001.0,0.0,9469.0,0.55,,136.0,,0.15,-15.0,,-5.71428571428572,0.0,0.0,-25.000000000000007,91.07142857142857,49.62335216572505,47.926267281106,203.87596899224806,113.69863013698631,15.29051987767584,0.0,37.80487804878051,8.928571428571429,0.0,0.0,-3.1733839808582145,24.97030487000132,0.0
s2-retime-grid,pt0.15_dt-15_seed143,3.4,0.4,0.1,0.3,3.3,156.9,24.1,18.4,7.7,31.9,0.3,8.6,5.8,94,88,215123.0,0.0,7920.0,0.55,,143.0,,0.15,-15.0,,-2.85714285714286,0.0,0.0,-25.000000000000007,-41.07142857142857,47.740112994350284,11.059907834101393,42.635658914728666,5.479452054794526,-2.4464831804281473,49.999999999999986,4.87804878048781,3.5714285714285747,0.0,0.0,0.1419806533903118,4.526857595354362,0.0
s2-retime-grid,pt0.15_dt-15_seed150,3.5,0.4,0.1,0.2,12.2,132.7,26.0,13.4,7.3,22.4,0.2,8.3,5.8,94,88,216423.0,0.0,7462.0,0.55,,150.0,,0.15,-15.0,,0.0,0.0,0.0,-50.0,117.85714285714286,24.952919020715616,19.81566820276498,3.875968992248062,0.0,-31.49847094801224,0.0,1.2195121951219685,3.5714285714285747,0.0,0.0,0.7471440940703293,-1.5177510888214334,0.0
s2-retime-grid,pt0.15_dt-15_seed157,3.6,0.4,0.1,0.3,0.7,123.5,49.5,40.7,11.9,20.4,0.2,11.2,7.1,94,88,217510.0,0.0,8257.0,0.55,,157.0,,0.15,-15.0,,2.85714285714286,0.0,0.0,-25.000000000000007,-87.5,16.290018832391713,128.110599078341,215.50387596899228,63.01369863013699,-37.61467889908258,0.0,36.585365853658544,26.785714285714285,0.0,0.0,1.2531538325466207,8.97452817737891,0.0
s2-retime-grid,pt0.15_dt-15_seed164,3.6,0.4,0.1,0.3,0.1,85.4,16.9,9.9,1.3,24.2,0.2,7.4,5.6,94,88,226953.0,0.0,5823.0,0.55,,164.0,,0.15,-15.0,,2.85714285714286,0.0,0.0,-25.000000000000007,-98.21428571428572,-19.585687382297547,-22.11981566820277,-23.25581395348837,-82.19178082191782,-25.993883792048937,0.0,-9.756097560975597,0.0,0.0,0.0,5.648967963578471,-23.149003563415597,0.0
s2-retime-grid,pt0.15_dt-15_seed171,13.7,5.3,1.9,0.3,35.9,212.8,48.0,23.0,12.9,3.5,2.1,12.2,9.2,94,88,191782.0,0.0,10816.0,0.55,,171.0,,0.15,-15.0,,291.4285714285714,1224.9999999999998,1799.9999999999995,-25.000000000000007,541.0714285714286,100.37664783427496,121.19815668202764,78.29457364341084,76.7123287671233,-89.29663608562691,950.0,48.78048780487806,64.28571428571428,0.0,0.0,-10.723496168849909,42.747789362544545,0.0
s2-retime-grid,pt0.15_dt-15_seed178,3.4,0.6,0.7,0.5,21.8,167.4,36.4,24.0,12.1,3.3,0.2,10.7,5.7,94,88,206566.0,0.0,8607.0,0.55,,178.0,,0.15,-15.0,,-2.85714285714286,49.999999999999986,599.9999999999999,24.999999999999993,289.2857142857144,57.6271186440678,67.74193548387096,86.04651162790698,65.75342465753424,-89.90825688073394,0.0,30.487804878048784,1.7857142857142954,0.0,0.0,-3.841391317301157,13.593770621618054,0.0
s2-retime-grid,pt0.15_dt-15_seed185,3.3,0.4,0.1,0.2,1.2,106.1,22.5,15.4,4.5,30.0,0.2,8.1,5.6,94,88,219297.0,0.0,7093.0,0.55,,185.0,,0.15,-15.0,,-5.71428571428572,0.0,0.0,-50.0,-78.57142857142857,-0.09416195856874626,3.6866359447004644,19.37984496124031,-38.35616438356164,-8.256880733944962,0.0,-1.219512195121947,0.0,0.0,0.0,2.0850208083121524,-6.38775240860499,0.0
s2-retime-grid,pt0.15_dt-15_seed192,3.4,0.4,0.1,0.2,2.0,109.9,23.0,20.3,7.2,19.9,0.2,8.7,5.6,94,88,223860.0,0.0,6610.0,0.55,,192.0,,0.15,-15.0,,-2.85714285714286,0.0,0.0,-50.0,-64.28571428571428,3.4839924670433167,5.990783410138252,57.36434108527132,-1.3698630136986254,-39.143730886850165,0.0,6.097560975609757,0.0,0.0,0.0,4.209144485099014,-12.762306981655009,0.0
s2-retime-grid,pt0.15_dt-15_seed199,3.3,0.4,0.1,0.2,2.0,133.6,22.9,14.1,4.3,31.8,0.2,8.0,6.2,94,88,217185.0,0.0,7487.0,0.55,,199.0,,0.15,-15.0,,-5.71428571428572,0.0,0.0,-50.0,-64.28571428571428,25.800376647834266,5.529953917050688,9.302325581395344,-41.09589041095891,-2.752293577981658,0.0,-2.439024390243894,10.714285714285724,0.0,0.0,1.1018629723766165,-1.1878051999472088,0.0
s2-retime-grid,pt0.15_dt-15_seed206,3.4,0.4,0.1,0.3,4.4,118.0,26.1,14.7,7.5,32.5,0.2,8.2,7.9,94,88,215816.0,0.0,7627.0,0.55,,206.0,,0.15,-15.0,,-2.85714285714286,0.0,0.0,-25.000000000000007,-21.428571428571416,11.111111111111107,20.276497695852544,13.953488372093014,2.739726027397263,-0.6116207951070424,0.0,0.0,41.071428571428584,0.0,0.0,0.4645793183066596,0.6598917777484493,0.0
s2-retime-grid,pt0.15_dt-15_seed213,3.5,0.4,0.1,0.3,0.1,110.5,20.3,14.1,6.9,25.8,0.2,8.4,5.6,94,88,221972.0,0.0,6599.0,0.55,,213.0,,0.15,-15.0,,0.0,0.0,0.0,-25.000000000000007,-98.21428571428572,4.048964218455741,-6.451612903225801,9.302325581395344,-5.479452054794513,-21.100917431192663,0.0,2.4390243902439157,0.0,0.0,0.0,3.3302609650960346,-12.907483172759667,0.0
s2-retime-grid,pt0.15_dt-15_seed220,3.6,0.4,0.2,0.3,14.3,158.3,25.7,15.5,7.7,3.9,0.2,8.6,5.7,94,88,212308.0,0.0,7720.0,0.55,,220.0,,0.15,-15.0,,2.85714285714286,0.0,100.0,-25.000000000000007,155.3571428571429,49.05838041431262,18.433179723502306,20.15503875968992,5.479452054794526,-88.07339449541286,0.0,4.87804878048781,1.7857142857142954,0.0,0.0,-1.1684309508514183,1.887290484360565,0.0
s2-retime-grid,pt0.15_dt-15_seed227,3.5,0.4,0.1,0.2,2.1,126.3,22.0,14.4,4.1,35.0,0.3,8.0,5.7,94,88,214714.0,0.0,7997.0,0.55,,227.0,,0.15,-15.0,,0.0,0.0,0.0,-50.0,-62.5,18.92655367231638,1.3824884792626762,11.627906976744185,-43.83561643835617,7.033639143730877,49.999999999999986,-2.439024390243894,1.7857142857142954,0.0,0.0,-0.0484130752544014,5.543090933086973,0.0
s2-retime-grid,pt0.15_dt-15_seed234,3.4,0.4,0.1,0.3,4.3,115.3,22.4,14.9,6.1,31.9,0.2,8.1,5.3,94,88,217814.0,0.0,7289.0,0.55,,234.0,,0.15,-15.0,,-2.85714285714286,0.0,0.0,-25.000000000000007,-23.21428571428571,8.568738229755175,3.2258064516129004,15.503875968992247,-16.438356164383563,-2.4464831804281473,0.0,-1.219512195121947,-5.357142857142854,0.0,0.0,1.394668975597948,-3.8009766398310676,0.0
s2-retime-grid,pt0.15_dt-15_seed241,11.9,5.2,1.7,0.4,39.7,206.7,51.3,29.1,17.8,8.1,1.4,17.4,7.8,94,88,189345.0,0.0,12100.0,0.55,,241.0,,0.15,-15.0,,240.0,1199.9999999999998,1599.9999999999998,0.0,608.9285714285716,94.63276836158191,136.40552995391704,125.58139534883723,143.83561643835617,-75.22935779816513,599.9999999999999,112.19512195121952,39.28571428571429,0.0,0.0,-11.857944864955451,59.69381021512472,0.0
s2-retime-grid,pt0.15_dt-15_seed248,3.4,0.9,0.7,0.3,20.8,182.2,35.8,20.0,12.0,18.9,0.2,10.1,5.6,94,88,205558.0,0.0,9175.0,0.55,,248.0,,0.15,-15.0,,-2.85714285714286,125.0,599.9999999999999,-25.000000000000007,271.4285714285715,71.56308851224104,64.97695852534562,55.03875968992248,64.38356164383562,-42.201834862385326,0.0,23.17073170731708,0.0,0.0,0.0,-4.310625738997663,21.09014121684044,0.0
s2-retime-grid,pt0.15_dt-15_seed255,4.2,2.3,0.9,0.3,22.5,200.3,37.1,22.1,11.0,23.9,0.5,10.0,6.0,94,88,200706.0,0.0,9679.0,0.55,,255.0,,0.15,-15.0,,20.000000000000004,474.9999999999999,800.0,-25.000000000000007,301.7857142857143,88.60640301318267,70.96774193548389,71.31782945736434,50.68493150684932,-26.911314984709488,149.99999999999997,21.951219512195134,7.1428571428571495,0.0,0.0,-6.569281903751083,27.741850336544804,0.0
s2-retime-grid,pt0.15_dt-15_seed262,3.4,0.5,0.1,0.6,10.6,135.6,36.4,23.0,12.2,44.3,0.2,10.5,8.4,94,88,205782.0,0.0,9772.0,0.55,,262.0,,0.15,-15.0,,-2.85714285714286,24.999999999999993,0.0,49.999999999999986,89.28571428571429,27.683615819209027,67.74193548387096,78.29457364341084,67.12328767123287,35.47400611620793,0.0,28.04878048780489,50.000000000000014,0.0,0.0,-4.206351423065106,28.969249043156925,0.0
s2-retime-grid,pt0.15_dt-30_seed101,3.5,0.4,0.1,0.3,0.2,130.7,35.9,65.6,6.7,12.1,0.2,12.0,6.3,94,88,225410.0,0.0,6575.0,0.55,,101.0,,0.15,-30.0,,0.0,0.0,0.0,-25.000000000000007,-96.42857142857143,23.06967984934085,65.43778801843317,408.5271317829457,-8.219178082191776,-62.99694189602446,0.0,46.34146341463416,12.500000000000004,0.0,0.0,4.930685510525189,-13.224231226078922,0.0
s2-retime-grid,pt0.15_dt-30_seed108,3.7,0.4,0.1,0.2,0.2,145.8,47.5,45.2,10.6,4.4,0.3,11.1,9.8,94,88,223641.0,0.0,6514.0,0.55,,108.0,,0.15,-30.0,,5.71428571428572,0.0,0.0,-50.0,-96.42857142857143,37.288135593220346,118.89400921658988,250.38759689922486,45.20547945205479,-86.54434250764527,49.999999999999986,35.365853658536594,75.00000000000003,0.0,0.0,4.107197720861381,-14.029299194932033,0.0
s2-retime-grid,pt0.15_dt-30_seed115,3.5,0.4,0.1,0.3,0.3,129.0,32.0,47.3,11.6,20.9,0.2,11.6,5.6,94,88,217950.0,0.0,7699.0,0.55,,115.0,,0.15,-30.0,,0.0,0.0,0.0,-25.000000000000007,-94.64285714285715,21.46892655367231,47.46543778801844,266.66666666666663,58.9041095890411,-36.085626911314996,0.0,41.46341463414635,0.0,0.0,0.0,1.4579783816998575,1.610135937706216,0.0
s2-retime-grid,pt0.15_dt-30_seed122,3.4,0.4,0.1,0.3,5.4,158.7,44.9,21.6,15.8,26.1,0.2,10.6,7.3,94,88,212134.0,0.0,9306.0,0.55,,122.0,,0.15,-30.0,,-2.85714285714286,0.0,0.0,-25.000000000000007,-3.5714285714285587,49.43502824858756,106.91244239631337,67.44186046511629,116.43835616438356,-20.183486238532115,0.0,29.268292682926838,30.35714285714286,0.0,0.0,-1.2494297498347438,22.819057674541376,0.0
s2-retime-grid,pt0.15_dt-30_seed129,3.7,0.4,0.1,0.4,1.9,119.1,44.2,15.4,7.8,16.4,0.2,9.0,8.8,94,88,221149.0,0.0,6855.0,0.55,,129.0,,0.15,-30.0,,5.71428571428572,0.0,0.0,0.0,-66.07142857142857,12.146892655367223,103.68663594470048,19.37984496124031,6.8493150684931505,-49.84709480122325,0.0,9.75609756097562,57.14285714285716,0.0,0.0,2.9471459561116853,-9.528837270687607,0.0
s2-retime-grid,pt0.15_dt-30_seed136,3.3,0.4,0.1,0.3,0.1,111.3,21.7,39.2,7.0,18.4,0.2,9.7,5.6,94,88,223522.0,0.0,6187.0,0.55,,136.0,,0.15,-30.0,,-5.71428571428572,0.0,0.0,-25.000000000000007,-98.21428571428572,4.802259887005644,0.0,203.87596899224806,-4.109589041095888,-43.73088685015291,0.0,18.292682926829272,0.0,0.0,0.0,4.051801990522209,-18.34499142140689,0.0
s2-retime-grid,pt0.15_dt-30_seed143,3.5,0.4,0.1,0.3,0.2,112.5,20.9,15.5,7.1,20.5,0.2,8.3,5.2,94,88,224440.0,0.0,6281.0,0.55,,143.0,,0.15,-30.0,,0.0,0.0,0.0,-25.000000000000007,-96.42857142857143,5.932203389830506,-3.6866359447004644,20.15503875968992,-2.739726027397263,-37.308868501529055,0.0,1.2195121951219685,-7.142857142857134,0.0,0.0,4.4791404817100995,-17.104394879239806,0.0
s2-retime-grid,pt0.15_dt-30_seed150,3.4,0.4,0.1,0.3,0.2,130.6,22.0,33.8,7.6,26.1,0.2,9.7,5.7,94,88,218848.0,0.0,7147.0,0.55,,150.0,,0.15,-30.0,,-2.85714285714286,0.0,0.0,-25.000000000000007,-96.42857142857143,22.975517890772117,1.3824884792626762,162.01550387596896,4.109589041095888,-20.183486238532115,0.0,18.292682926829272,1.7857142857142954,0.0,0.0,1.8760066661080543,-5.675069288636664,0.0
s2-retime-grid,pt0.15_dt-30_seed157,3.6,0.4,0.1,0.3,0.1,95.5,23.8,13.4,4.9,8.8,0.3,7.7,5.8,94,88,231921.0,0.0,5467.0,0.55,,157.0,,0.15,-30.0,,2.85714285714286,0.0,0.0,-25.000000000000007,-98.21428571428572,-10.075329566854993,9.677419354838717,3.875968992248062,-32.87671232876711,-73.08868501529052,49.999999999999986,-6.0975609756097455,3.5714285714285747,0.0,0.0,7.961623327654108,-27.847433020984557,0.0
s2-retime-grid,pt0.15_dt-30_seed164,3.6,0.5,0.1,0.3,0.1,108.8,23.4,28.0,7.0,11.3,0.2,8.8,5.5,94,88,231776.0,0.0,5716.0,0.55,,164.0,,0.15,-30.0,,2.85714285714286,24.999999999999993,0.0,-25.000000000000007,-98.21428571428572,2.4482109227871884,7.834101382488476,117.05426356589146,-4.109589041095888,-65.4434250764526,0.0,7.3170731707317245,-1.7857142857142794,0.0,0.0,7.894124328501335,-24.561171967797282,0.0
s2-retime-grid,pt0.15_dt-30_seed171,7.0,3.0,1.5,0.3,28.7,217.9,49.2,23.5,11.8,2.9,0.9,10.5,7.9,94,88,197095.0,0.0,9764.0,0.55,,171.0,,0.15,-30.0,,100.0,650.0,1399.9999999999998,-25.000000000000007,412.5000000000001,105.1789077212806,126.72811059907836,82.1705426356589,61.643835616438366,-91.13149847094802,349.99999999999994,28.04878048780489,41.071428571428584,0.0,0.0,-8.250239737824577,28.863666358717172,0.0
s2-retime-grid,pt0.15_dt-30_seed178,3.6,0.4,0.1,0.3,0.2,108.2,22.9,14.9,5.1,26.2,0.3,8.0,5.9,94,88,222324.0,0.0,6879.0,0.55,,178.0,,0.15,-30.0,,2.85714285714286,0.0,0.0,-25.000000000000007,-96.42857142857143,1.8832391713747645,5.529953917050688,15.503875968992247,-30.136986301369866,-19.877675840978604,49.999999999999986,-2.439024390243894,5.35714285714287,0.0,0.0,3.494120604418624,-9.212089217368352,0.0
s2-retime-grid,pt0.15_dt-30_seed185,3.5,0.4,0.1,0.3,0.2,111.8,22.8,12.8,6.8,27.3,0.2,8.3,5.3,94,88,222233.0,0.0,6612.0,0.55,,185.0,,0.15,-30.0,,0.0,0.0,0.0,-25.000000000000007,-96.42857142857143,5.2730696798493355,5.069124423963141,-0.7751937984496096,-6.8493150684931505,-16.513761467889914,0.0,1.2195121951219685,-5.357142857142854,0.0,0.0,3.451759163571023,-12.73591131054507,0.0
s2-retime-grid,pt0.15_dt-30_seed192,3.5,0.4,0.1,0.3,0.1,88.5,23.2,34.6,6.0,9.5,0.2,9.0,5.9,94,88,233008.0,0.0,5398.0,0.55,,192.0,,0.15,-30.0,,0.0,0.0,0.0,-25.000000000000007,-98.21428571428572,-16.666666666666668,6.912442396313365,168.2170542635659,-17.80821917808219,-70.9480122324159,0.0,9.75609756097562,5.35714285714287,0.0,0.0,8.4676330661304,-28.75808367427742,0.0
s2-retime-grid,pt0.15_dt-30_seed199,3.3,0.5,0.1,0.3,0.1,87.0,16.2,12.2,2.4,18.9,0.2,7.5,5.2,94,88,230187.0,0.0,5006.0,0.55,,199.0,,0.15,-30.0,,-5.71428571428572,24.999999999999993,0.0,-25.000000000000007,-98.21428571428572,-18.079096045197744,-25.34562211981567,-5.426356589147295,-67.12328767123287,-42.201834862385326,0.0,-8.53658536585365,-7.142857142857134,0.0,0.0,7.15442839985476,-33.93163521182526,0.0
s2-retime-grid,pt0.15_dt-30_seed206,3.4,0.4,0.1,0.3,1.8,135.3,46.0,18.8,11.7,16.4,0.3,9.8,7.5,94,88,219316.0,0.0,7722.0,0.55,,206.0,,0.15,-30.0,,-2.85714285714286,0.0,0.0,-25.000000000000007,-67.85714285714286,27.401129943502834,111.98156682027651,45.736434108527135,60.273972602739725,-49.84709480122325,49.999999999999986,19.51219512195124,33.92857142857144,0.0,0.0,2.0938655047528605,1.913686155470503,0.0
s2-retime-grid,pt0.15_dt-30_seed213,3.7,0.4,0.1,0.3,0.1,86.6,19.0,31.0,4.2,16.2,0.2,8.6,5.2,94,88,230994.0,0.0,5581.0,0.55,,213.0,,0.15,-30.0,,5.71428571428572,0.0,0.0,-25.000000000000007,-98.21428571428572,-18.4557438794727,-12.442396313364053,140.31007751937986,-42.465753424657535,-50.458715596330286,0.0,4.87804878048781,-7.142857142857134,0.0,0.0,7.5300952434153565,-26.34287976771809,0.0
s2-retime-grid,pt0.15_dt-30_seed220,3.4,0.4,0.1,0.3,0.2,110.4,19.9,26.8,7.0,18.7,0.2,8.9,5.6,94,88,226438.0,0.0,6282.0,0.55,,220.0,,0.15,-30.0,,-2.85714285714286,0.0,0.0,-25.000000000000007,-96.42857142857143,3.954802259887008,-8.29493087557604,107.75193798449611,-4.109589041095888,-42.81345565749236,0.0,8.536585365853671,0.0,0.0,0.0,5.409230139001387,-17.091197043684836,0.0
s2-retime-grid,pt0.15_dt-30_seed227,4.6,2.1,0.9,0.3,22.4,159.2,29.2,15.5,7.0,4.0,0.3,8.5,6.9,94,88,207509.0,0.0,8108.0,0.55,,227.0,,0.15,-30.0,,31.428571428571416,425.0,800.0,-25.000000000000007,299.99999999999994,49.90583804143125,34.56221198156682,20.15503875968992,-4.109589041095888,-87.76758409785933,49.999999999999986,3.6585365853658622,23.21428571428573,0.0,0.0,-3.402415067638652,7.008050679688531,0.0
s2-retime-grid,pt0.15_dt-30_seed234,3.4,0.4,0.1,0.3,0.2,126.0,22.9,15.1,7.2,30.8,0.2,8.4,5.6,94,88,220235.0,0.0,7080.0,0.55,,234.0,,0.15,-30.0,,-2.85714285714286,0.0,0.0,-25.000000000000007,-96.42857142857143,18.644067796610166,5.529953917050688,17.054263565891468,-1.3698630136986254,-5.810397553516826,0.0,2.4390243902439157,0.0,0.0,0.0,2.5216695062797343,-6.559324270819586,0.0
s2-retime-grid,pt0.15_dt-30_seed241,4.5,2.5,1.8,0.3,30.7,222.2,43.7,28.0,11.2,4.5,0.5,13.9,6.1,94,88,196664.0,0.0,10671.0,0.55,,241.0,,0.15,-30.0,,28.57142857142857,525.0,1700.0,-25.000000000000007,448.2142857142858,109.22787193973633,101.3824884792627,117.05426356589146,53.42465753424656,-86.23853211009175,149.99999999999997,69.51219512195124,8.928571428571429,0.0,0.0,-8.450874693926952,40.834103207074044,0.0
s2-retime-grid,pt0.15_dt-30_seed248,3.9,0.4,0.1,0.3,0.2,102.9,25.2,45.4,6.7,22.0,0.2,10.5,5.2,94,88,224630.0,0.0,6578.0,0.55,,248.0,,0.15,-30.0,,11.428571428571425,0.0,0.0,-25.000000000000007,-96.42857142857143,-3.107344632768359,16.129032258064516,251.93798449612405,-8.219178082191776,-32.721712538226306,0.0,28.04878048780489,-7.142857142857134,0.0,0.0,4.567587446117178,-13.184637719414017,0.0
s2-retime-grid,pt0.15_dt-30_seed255,3.4,0.4,0.1,0.3,1.9,107.9,14.7,9.5,1.7,18.7,0.2,7.1,5.4,94,88,228498.0,0.0,5645.0,0.55,,255.0,,0.15,-30.0,,-2.85714285714286,0.0,0.0,-25.000000000000007,-66.07142857142857,1.6007532956685524,-32.25806451612903,-26.356589147286826,-76.71232876712328,-42.81345565749236,0.0,-13.414634146341461,-3.5714285714285587,0.0,0.0,6.3681814373097225,-25.498218292200082,0.0
s2-retime-grid,pt0.15_dt-30_seed262,3.5,0.4,0.1,0.3,4.9,139.9,25.3,16.1,7.0,31.4,0.3,8.9,5.9,94,88,216408.0,0.0,7822.0,0.55,,262.0,,0.15,-30.0,,0.0,0.0,0.0,-25.000000000000007,-12.499999999999988,31.732580037664786,16.58986175115208,24.806201550387605,-4.109589041095888,-3.975535168195731,49.999999999999986,8.536585365853671,5.35714285714287,0.0,0.0,0.7401614389855599,3.2334697109674018,0.0
s2-retime-grid,pt0.1_dt-15_seed101,3.5,0.4,0.1,0.3,4.5,140.3,43.0,37.2,15.6,32.7,0.2,12.1,7.2,94,88,212552.0,0.0,8679.0,0.55,,101.0,,0.1,-15.0,,0.0,0.0,0.0,-25.000000000000007,-19.642857142857135,32.109227871939744,98.15668202764978,188.37209302325584,113.69863013698631,0.0,0.0,47.560975609756106,28.57142857142858,0.0,0.0,-1.054846428139169,14.54401478157582,0.0
s2-retime-grid,pt0.1_dt-15_seed108,3.4,0.4,0.1,0.3,1.9,130.1,22.7,23.5,7.6,26.2,0.2,9.6,5.3,94,88,219894.0,0.0,7021.0,0.55,,108.0,,0.1,-15.0,,-2.85714285714286,0.0,0.0,-25.000000000000007,-66.07142857142857,22.50470809792843,4.6082949308755765,82.1705426356589,4.109589041095888,-19.877675840978604,0.0,17.073170731707325,-5.357142857142854,0.0,0.0,2.362930480685976,-7.337996568562756,0.0
s2-retime-grid,pt0.1_dt-15_seed115,10.3,3.5,1.3,0.3,34.4,221.4,58.9,28.8,10.9,3.1,1.2,14.6,10.4,94,88,193024.0,0.0,10975.0,0.55,,115.0,,0.1,-15.0,,194.2857142857143,775.0,1199.9999999999998,-25.000000000000007,514.2857142857142,108.47457627118644,171.42857142857144,123.25581395348837,49.31506849315069,-90.51987767584097,500.0,78.04878048780489,85.71428571428574,0.0,0.0,-10.145332327831001,44.84624521578461,0.0
s2-retime-grid,pt0.1_dt-15_seed122,3.2,0.4,0.1,0.4,2.1,162.8,27.0,18.1,8.1,33.8,0.2,8.5,5.9,94,88,214844.0,0.0,7872.0,0.55,,122.0,,0.1,-15.0,,-8.571428571428566,0.0,0.0,0.0,-62.5,53.29566854990584,24.42396313364056,40.31007751937985,10.958904109589039,3.3639143730886674,0.0,3.6585365853658622,5.35714285714287,0.0,0.0,0.01210326881360035,3.8933614887158505,0.0
s2-retime-grid,pt0.1_dt-15_seed129,3.3,0.4,0.1,0.3,2.0,94.0,29.0,46.3,7.3,19.2,0.2,10.5,5.7,94,88,220486.0,0.0,6904.0,0.55,,129.0,,0.1,-15.0,,-5.71428571428572,0.0,0.0,-25.000000000000007,-64.28571428571428,-11.487758945386066,33.64055299539171,258.9147286821705,0.0,-41.28440366972478,0.0,28.04878048780489,1.7857142857142954,0.0,0.0,2.6385126013648765,-8.882143328494127,0.0
s2-retime-grid,pt0.1_dt-15_seed136,11.4,4.8,1.8,0.3,37.3,233.8,44.7,28.8,13.0,3.6,1.5,14.5,7.0,94,88,192237.0,0.0,11313.0,0.55,,136.0,,0.1,-15.0,,225.71428571428572,1099.9999999999998,1700.0,-25.000000000000007,566.0714285714286,120.15065913371,105.99078341013828,123.25581395348837,78.08219178082192,-88.9908256880734,650.0,76.82926829268294,25.000000000000007,0.0,0.0,-10.511688964611904,49.30711363336413,0.0
s2-retime-grid,pt0.1_dt-15_seed143,3.4,0.4,0.1,0.3,5.5,121.6,22.7,17.3,7.1,31.0,0.3,9.2,5.5,94,88,214773.0,0.0,7590.0,0.55,,143.0,,0.1,-15.0,,-2.85714285714286,0.0,0.0,-25.000000000000007,-1.7857142857142794,14.500941619585678,4.6082949308755765,34.10852713178294,-2.739726027397263,-5.198776758409794,49.999999999999986,12.195121951219514,-1.7857142857142794,0.0,0.0,-0.0209479652543083,0.1715718622145968,0.0
s2-retime-grid,pt0.1_dt-15_seed150,19.5,5.3,8.9,0.2,39.6,300.1,71.9,27.8,14.2,3.4,3.2,16.3,22.3,94,88,186492.0,0.0,12292.0,0.55,,150.0,,0.1,-15.0,,457.1428571428571,1224.9999999999998,8800.0,-50.0,607.1428571428572,182.58003766478345,231.33640552995396,115.50387596899225,94.52054794520548,-89.60244648318043,1500.0,98.78048780487806,298.2142857142858,0.0,0.0,-13.186045862078597,62.22779464167877,0.0
s2-retime-grid,pt0.1_dt-15_seed157,3.7,0.4,0.1,0.3,3.9,120.6,23.0,13.9,7.2,30.8,0.2,8.4,5.8,94,88,215197.0,0.0,7635.0,0.55,,157.0,,0.1,-15.0,,5.71428571428572,0.0,0.0,-25.000000000000007,-30.357142857142854,13.559322033898297,5.990783410138252,7.751937984496124,-1.3698630136986254,-5.810397553516826,0.0,2.4390243902439157,3.5714285714285747,0.0,0.0,0.17642841847517432,0.7654744621882011,0.0
s2-retime-grid,pt0.1_dt-15_seed164,3.4,0.4,0.1,0.2,9.5,120.1,30.3,16.6,10.8,31.9,0.2,9.1,5.3,94,88,213642.0,0.0,7931.0,0.55,,164.0,,0.1,-15.0,,-2.85714285714286,0.0,0.0,-50.0,69.64285714285715,13.088512241054605,39.63133640552996,28.682170542635667,47.94520547945207,-2.4464831804281473,0.0,10.975609756097567,-5.357142857142854,0.0,0.0,-0.5474401586459235,4.6720337864590205,0.0
s2-retime-grid,pt0.1_dt-15_seed171,3.5,0.5,0.4,0.3,16.5,157.8,30.6,18.7,7.4,31.8,0.2,8.8,5.6,94,88,207457.0,0.0,8966.0,0.55,,171.0,,0.1,-15.0,,0.0,24.999999999999993,300.00000000000006,-25.000000000000007,194.64285714285717,48.587570621468934,41.01382488479264,44.961240310077514,1.3698630136986376,-2.752293577981658,0.0,7.3170731707317245,0.0,0.0,0.0,-3.4266216052658534,18.331793585851923,0.0
s2-retime-grid,pt0.1_dt-15_seed178,3.4,0.4,0.1,0.3,6.9,150.0,41.4,21.8,12.9,30.5,0.2,10.3,6.3,94,88,210898.0,0.0,9558.0,0.55,,178.0,,0.1,-15.0,,-2.85714285714286,0.0,0.0,-25.000000000000007,23.21428571428573,41.24293785310734,90.78341013824884,68.9922480620155,76.7123287671233,-6.727828746177378,0.0,25.609756097560993,12.500000000000004,0.0,0.0,-1.824800528819745,26.14491223439356,0.0
s2-retime-grid,pt0.1_dt-15_seed185,3.4,0.4,0.1,0.3,0.1,90.6,21.5,36.9,7.2,9.5,0.2,9.1,6.1,94,88,230118.0,0.0,5590.0,0.55,,185.0,,0.1,-15.0,,-2.85714285714286,0.0,0.0,-25.000000000000007,-98.21428571428572,-14.689265536723173,-0.9216589861751119,186.04651162790697,-1.3698630136986254,-70.9480122324159,0.0,10.975609756097567,8.928571428571429,0.0,0.0,7.122308186464821,-26.224099247723377,0.0
s2-retime-grid,pt0.1_dt-15_seed192,4.0,1.4,0.9,0.3,21.8,183.5,39.4,17.0,9.8,2.6,0.2,9.3,7.5,94,88,205299.0,0.0,8485.0,0.55,,192.0,,0.1,-15.0,,14.285714285714285,249.99999999999994,800.0,-25.000000000000007,289.2857142857144,72.78719397363464,81.5668202764977,31.782945736434105,34.24657534246577,-92.04892966360856,0.0,13.41463414634148,33.92857142857144,0.0,0.0,-4.431192916794682,11.983634683911838,0.0
s2-retime-grid,pt0.1_dt-15_seed199,3.5,0.4,0.1,0.2,0.7,92.8,23.0,14.7,7.4,22.0,0.2,8.5,5.4,94,88,221766.0,0.0,6832.0,0.55,,199.0,,0.1,-15.0,,0.0,0.0,0.0,-50.0,-87.5,-12.617702448210927,5.990783410138252,13.953488372093014,1.3698630136986376,-32.721712538226306,0.0,3.6585365853658622,-3.5714285714285587,0.0,0.0,3.234365835265201,-9.832387488451893,0.0
s2-retime-grid,pt0.1_dt-15_seed206,3.2,0.4,0.1,0.2,14.9,193.2,34.8,19.8,11.5,33.8,0.2,9.4,6.0,94,88,206896.0,0.0,9299.0,0.55,,206.0,,0.1,-15.0,,-8.571428571428566,0.0,0.0,-50.0,166.0714285714286,81.92090395480224,60.36866359447004,53.48837209302326,57.53424657534247,3.3639143730886674,0.0,14.634146341463428,7.1428571428571495,0.0,0.0,-3.68777290543623,22.726672825656593,0.0
s2-retime-grid,pt0.1_dt-15_seed213,3.5,0.4,0.1,0.3,4.4,119.9,26.0,16.4,7.3,36.9,0.2,8.6,5.8,94,88,212273.0,0.0,8275.0,0.55,,213.0,,0.1,-15.0,,0.0,0.0,0.0,-25.000000000000007,-21.428571428571416,12.900188323917138,19.81566820276498,27.131782945736422,0.0,12.844036697247693,0.0,4.87804878048781,3.5714285714285747,0.0,0.0,-1.1847238127158803,9.212089217368352,0.0
s2-retime-grid,pt0.1_dt-15_seed220,3.3,0.4,0.1,0.3,12.1,153.1,33.9,18.1,8.5,35.4,0.2,9.0,6.1,94,88,211568.0,0.0,8616.0,0.55,,220.0,,0.1,-15.0,,-5.71428571428572,0.0,0.0,-25.000000000000007,116.07142857142858,44.16195856873822,56.22119815668203,40.31007751937985,16.438356164383563,8.256880733944941,0.0,9.75609756097562,8.928571428571429,0.0,0.0,-1.5129086017000437,13.712551141612774,0.0
s2-retime-grid,pt0.1_dt-15_seed227,3.4,0.4,0.1,0.2,6.5,126.6,31.0,17.9,10.6,34.0,0.3,9.5,5.6,94,88,211243.0,0.0,8589.0,0.55,,227.0,,0.1,-15.0,,-2.85714285714286,0.0,0.0,-50.0,16.071428571428577,19.20903954802259,42.85714285714286,38.759689922480604,45.20547945205479,3.9755351681957096,49.999999999999986,15.853658536585376,0.0,0.0,0.0,-1.664199461870048,13.356209581628613,0.0
s2-retime-grid,pt0.1_dt-15_seed234,3.5,0.4,0.2,0.2,10.6,171.2,64.8,29.3,13.4,24.8,0.3,13.0,10.6,94,88,206684.0,0.0,9639.0,0.55,,234.0,,0.1,-15.0,,0.0,0.0,100.0,-50.0,89.28571428571429,61.20527306967983,198.6175115207373,127.13178294573642,83.56164383561645,-24.15902140672783,49.999999999999986,58.536585365853675,89.28571428571429,0.0,0.0,-3.786461097300971,27.21393691434605,0.0
s2-retime-grid,pt0.1_dt-15_seed241,4.5,2.5,2.1,0.3,24.0,194.4,49.0,30.0,12.4,17.4,0.5,15.2,6.6,94,88,198082.0,0.0,10635.0,0.55,,241.0,,0.1,-15.0,,28.57142857142857,525.0,2000.0,-25.000000000000007,328.57142857142856,83.05084745762711,125.80645161290323,132.55813953488374,69.86301369863016,-46.78899082568808,149.99999999999997,85.3658536585366,17.857142857142858,0.0,0.0,-7.7907810332467475,40.358981127095156,0.0
s2-retime-grid,pt0.1_dt-15_seed248,13.2,4.1,1.6,0.3,39.1,306.5,70.1,24.5,14.9,3.7,2.4,15.8,15.2,94,88,187940.0,0.0,12259.0,0.55,,248.0,,0.1,-15.0,,277.1428571428571,924.9999999999998,1500.0,-25.000000000000007,598.2142857142858,188.60640301318267,223.04147465437785,89.92248062015503,104.1095890410959,-88.68501529051989,1099.9999999999998,92.68292682926833,171.42857142857144,0.0,0.0,-12.511986891228855,61.79226606836479,0.0
s2-retime-grid,pt0.1_dt-15_seed255,3.7,0.4,0.1,0.3,0.2,110.2,28.7,23.3,8.3,27.3,0.2,9.2,5.5,94,88,220113.0,0.0,7228.0,0.55,,255.0,,0.1,-15.0,,5.71428571428572,0.0,0.0,-25.000000000000007,-96.42857142857143,3.766478342749529,32.25806451612903,80.62015503875969,13.698630136986315,-16.513761467889914,0.0,12.195121951219514,-1.7857142857142794,0.0,0.0,2.46487724492361,-4.606044608684176,0.0
s2-retime-grid,pt0.1_dt-15_seed262,3.6,0.4,0.1,0.3,4.5,160.7,27.3,19.5,11.5,31.8,0.3,9.4,6.0,94,88,213211.0,0.0,8240.0,0.55,,262.0,,0.1,-15.0,,2.85714285714286,0.0,0.0,-25.000000000000007,-19.642857142857135,51.31826741996232,25.80645161290323,51.16279069767441,57.53424657534247,-2.752293577981658,49.999999999999986,14.634146341463428,7.1428571428571495,0.0,0.0,-0.7480751147482986,8.750164972944436,0.0
s2-retime-grid,pt0.1_dt-30_seed101,3.4,0.4,0.1,0.3,1.7,149.2,19.5,14.8,4.7,31.8,0.2,7.9,6.4,94,88,218625.0,0.0,7707.0,0.55,,101.0,,0.1,-30.0,,-2.85714285714286,0.0,0.0,-25.000000000000007,-69.64285714285714,40.489642184557425,-10.138248847926265,14.728682170542637,-35.61643835616438,-2.752293577981658,0.0,-3.658536585365841,14.285714285714299,0.0,0.0,1.772197860514482,1.7157186221459682,0.0
s2-retime-grid,pt0.1_dt-30_seed108,3.6,0.4,0.1,0.3,1.6,106.3,23.7,15.1,7.0,21.2,0.2,8.6,5.5,94,88,222052.0,0.0,7078.0,0.55,,108.0,,0.1,-30.0,,2.85714285714286,0.0,0.0,-25.000000000000007,-71.42857142857143,0.09416195856873287,9.216589861751153,17.054263565891468,-4.109589041095888,-35.168195718654445,0.0,4.87804878048781,-1.7857142857142794,0.0,0.0,3.3675017922148056,-6.585719941929523,0.0
s2-retime-grid,pt0.1_dt-30_seed115,4.3,1.9,0.7,0.3,21.5,249.9,55.4,24.7,15.2,2.7,0.2,14.4,8.5,94,88,199879.0,0.0,10137.0,0.55,,115.0,,0.1,-30.0,,22.85714285714285,375.0,599.9999999999999,-25.000000000000007,283.92857142857144,135.31073446327682,155.29953917050693,91.47286821705424,108.21917808219177,-91.74311926605505,0.0,75.609756097561,51.78571428571429,0.0,0.0,-6.954258954091371,33.7864590207206,0.0
s2-retime-grid,pt0.1_dt-30_seed122,3.6,0.4,0.1,0.3,0.1,74.7,17.2,16.9,2.8,11.9,0.2,7.8,5.3,94,88,235244.0,0.0,4299.0,0.55,,122.0,,0.1,-30.0,,2.85714285714286,0.0,0.0,-25.000000000000007,-98.21428571428572,-29.66101694915254,-20.737327188940093,31.00775193798448,-61.64383561643836,-63.60856269113151,0.0,-4.8780487804877986,-5.357142857142854,0.0,0.0,9.50851418410003,-43.26250494918833,0.0
s2-retime-grid,pt0.1_dt-30_seed129,3.3,0.4,0.1,0.3,7.0,112.1,14.8,8.7,1.3,21.3,0.2,7.0,5.4,94,88,225808.0,0.0,5925.0,0.55,,129.0,,0.1,-30.0,,-5.71428571428572,0.0,0.0,-25.000000000000007,25.000000000000007,5.555555555555547,-31.79723502304147,-32.55813953488373,-82.19178082191782,-34.862385321100916,0.0,-14.634146341463408,-3.5714285714285587,0.0,0.0,5.1159586254410705,-21.80282433680876,0.0
s2-retime-grid,pt0.1_dt-30_seed136,10.3,3.9,1.8,0.2,34.4,186.5,41.7,28.5,11.6,3.5,1.2,13.1,7.0,94,88,195580.0,0.0,10466.0,0.55,,136.0,,0.1,-30.0,,194.2857142857143,875.0,1700.0,-50.0,514.2857142857142,75.6120527306968,92.16589861751154,120.93023255813952,58.9041095890411,-89.29663608562691,500.0,59.75609756097562,25.000000000000007,0.0,0.0,-8.95548790138629,38.1285469183054,0.0
s2-retime-grid,pt0.1_dt-30_seed143,3.5,0.4,0.1,0.3,1.5,146.6,45.4,21.0,11.6,34.3,0.2,10.1,8.4,94,88,215146.0,0.0,8465.0,0.55,,143.0,,0.1,-30.0,,0.0,0.0,0.0,-25.000000000000007,-73.21428571428571,38.041431261770235,109.21658986175116,62.7906976744186,58.9041095890411,4.892966360856251,0.0,23.17073170731708,50.000000000000014,0.0,0.0,0.15268739118695826,11.719677972812459,0.0
s2-retime-grid,pt0.1_dt-30_seed150,3.3,0.4,0.1,0.3,1.9,106.8,24.2,78.8,6.9,4.2,0.2,12.6,5.4,94,88,228091.0,0.0,5993.0,0.55,,150.0,,0.1,-30.0,,-5.71428571428572,0.0,0.0,-25.000000000000007,-66.07142857142857,0.564971751412424,11.52073732718894,510.8527131782945,-5.479452054794513,-87.1559633027523,0.0,53.658536585365866,-3.5714285714285587,0.0,0.0,6.178718729342979,-20.905371519070872,0.0
s2-retime-grid,pt0.1_dt-30_seed157,3.3,0.4,0.1,0.3,0.1,90.3,17.9,13.9,3.0,17.7,0.2,7.6,5.1,94,88,231194.0,0.0,5004.0,0.55,,157.0,,0.1,-30.0,,-5.71428571428572,0.0,0.0,-25.000000000000007,-98.21428571428572,-14.971751412429382,-17.511520737327192,7.751937984496124,-58.9041095890411,-45.87155963302753,0.0,-7.317073170731704,-8.928571428571429,0.0,0.0,7.623197311212282,-33.9580308829352,0.0
s2-retime-grid,pt0.1_dt-30_seed164,3.5,0.4,0.1,0.3,4.9,111.6,17.3,16.4,4.7,18.2,0.2,7.9,5.6,94,88,222780.0,0.0,6331.0,0.55,,164.0,,0.1,-30.0,,0.0,0.0,0.0,-25.000000000000007,-12.499999999999988,5.084745762711856,-20.27649769585253,27.131782945736422,-35.61643835616438,-44.34250764525994,0.0,-3.658536585365841,0.0,0.0,0.0,3.7063933189956146,-16.444503101491357,0.0
s2-retime-grid,pt0.1_dt-30_seed171,3.4,0.4,0.1,0.3,1.9,117.9,15.9,14.4,2.3,19.4,0.2,7.4,5.3,94,88,226167.0,0.0,5579.0,0.55,,171.0,,0.1,-30.0,,-2.85714285714286,0.0,0.0,-25.000000000000007,-66.07142857142857,11.016949152542376,-26.728110599078335,11.627906976744185,-68.4931506849315,-40.672782874617745,0.0,-9.756097560975597,-5.357142857142854,0.0,0.0,5.283076837136553,-26.369275438828033,0.0
s2-retime-grid,pt0.1_dt-30_seed178,3.4,0.4,0.1,0.3,1.9,112.6,18.0,18.7,4.3,18.5,0.2,7.9,5.1,94,88,226102.0,0.0,6025.0,0.55,,178.0,,0.1,-30.0,,-2.85714285714286,0.0,0.0,-25.000000000000007,-66.07142857142857,6.0263653483992385,-17.05069124423963,44.961240310077514,-41.09589041095891,-43.42507645259939,0.0,-3.658536585365841,-8.928571428571429,0.0,0.0,5.252818665102552,-20.483040781311864,0.0
s2-retime-grid,pt0.1_dt-30_seed185,3.4,0.4,0.1,0.3,0.1,95.8,24.0,14.6,3.2,11.1,0.2,7.8,5.7,94,88,230611.0,0.0,5576.0,0.55,,185.0,,0.1,-30.0,,-2.85714285714286,0.0,0.0,-25.000000000000007,-98.21428571428572,-9.79284369114878,10.59907834101383,13.178294573643404,-56.164383561643824,-66.05504587155964,0.0,-4.8780487804877986,1.7857142857142954,0.0,0.0,7.351804783584244,-26.40886894549294,0.0
s2-retime-grid,pt0.1_dt-30_seed192,3.5,0.5,0.1,0.3,0.1,86.9,18.2,25.9,4.1,12.1,0.3,8.5,5.2,94,88,232559.0,0.0,5330.0,0.55,,192.0,,0.1,-30.0,,0.0,24.999999999999993,0.0,-25.000000000000007,-98.21428571428572,-18.173258003766477,-16.129032258064516,100.77519379844959,-43.83561643835617,-62.99694189602446,49.999999999999986,3.6585365853658622,-7.142857142857134,0.0,0.0,8.258618923926301,-29.65553649201531,0.0
s2-retime-grid,pt0.1_dt-30_seed199,7.7,3.5,2.2,0.3,33.3,267.3,68.2,34.2,15.1,4.0,1.1,17.1,10.8,94,88,191902.0,0.0,11627.0,0.55,,199.0,,0.1,-30.0,,120.0,775.0,2100.0,-25.000000000000007,494.6428571428571,151.69491525423732,214.28571428571428,165.11627906976747,106.84931506849315,-87.76758409785933,450.0,108.53658536585368,92.85714285714289,0.0,0.0,-10.667634928171754,53.45123399762439,0.0
s2-retime-grid,pt0.1_dt-30_seed206,3.5,0.4,0.1,0.3,0.1,75.7,12.5,14.0,2.8,15.2,0.2,7.4,5.7,94,88,236070.0,0.0,4225.0,0.55,,206.0,,0.1,-30.0,,0.0,0.0,0.0,-25.000000000000007,-98.21428571428572,-28.71939736346516,-42.3963133640553,8.527131782945734,-61.64383561643836,-53.51681957186545,0.0,-9.756097560975597,1.7857142857142954,0.0,0.0,9.893025724101333,-44.23914478025604,0.0
s2-retime-grid,pt0.1_dt-30_seed213,7.2,3.4,1.6,0.3,35.2,213.9,46.7,27.0,13.8,5.6,0.9,13.0,6.9,94,88,194954.0,0.0,10671.0,0.55,,213.0,,0.1,-30.0,,105.71428571428572,750.0,1500.0,-25.000000000000007,528.5714285714287,101.41242937853107,115.20737327188941,109.30232558139534,89.04109589041097,-82.87461773700305,349.99999999999994,58.536585365853675,23.21428571428573,0.0,0.0,-9.246897373590668,40.834103207074044,0.0
s2-retime-grid,pt0.1_dt-30_seed220,3.4,0.4,0.1,0.2,11.0,174.0,57.2,42.1,15.7,39.5,0.3,13.4,11.4,94,88,205616.0,0.0,9887.0,0.55,,220.0,,0.1,-30.0,,-2.85714285714286,0.0,0.0,-50.0,96.42857142857144,63.84180790960452,163.59447004608296,226.35658914728683,115.06849315068493,20.79510703363913,49.999999999999986,63.414634146341484,103.57142857142858,0.0,0.0,-4.283626139336555,30.487000131978352,0.0
s2-retime-grid,pt0.1_dt-30_seed227,3.3,0.4,0.1,0.2,1.9,112.3,23.6,13.5,7.1,31.8,0.2,8.3,5.5,94,88,219027.0,0.0,7227.0,0.55,,227.0,,0.1,-30.0,,-5.71428571428572,0.0,0.0,-50.0,-66.07142857142857,5.743879472693027,8.755760368663605,4.651162790697672,-2.739726027397263,-2.752293577981658,0.0,1.2195121951219685,-1.7857142857142794,0.0,0.0,1.9593330167863028,-4.619242444239145,0.0
s2-retime-grid,pt0.1_dt-30_seed234,3.4,0.4,0.1,0.3,2.1,103.2,15.5,11.9,2.2,19.9,0.2,7.5,5.8,94,88,226031.0,0.0,6113.0,0.55,,234.0,,0.1,-30.0,,-2.85714285714286,0.0,0.0,-25.000000000000007,-62.5,-2.824858757062147,-28.57142857142857,-7.751937984496124,-69.86301369863014,-39.143730886850165,0.0,-8.53658536585365,3.5714285714285747,0.0,0.0,5.219767431034644,-19.321631252474596,0.0
s2-retime-grid,pt0.1_dt-30_seed241,3.4,0.4,0.1,0.3,0.1,92.0,24.9,75.8,7.7,11.8,0.2,12.3,5.3,94,88,227509.0,0.0,6049.0,0.55,,241.0,,0.1,-30.0,,-2.85714285714286,0.0,0.0,-25.000000000000007,-98.21428571428572,-13.370998116760832,14.74654377880184,487.5968992248062,5.479452054794526,-63.91437308868502,0.0,50.00000000000002,-5.357142857142854,0.0,0.0,5.907791712053925,-20.16629272799261,0.0
s2-retime-grid,pt0.1_dt-30_seed248,3.3,0.4,0.1,0.3,0.9,97.8,25.0,49.1,10.1,14.4,0.2,10.5,5.5,94,88,222914.0,0.0,6401.0,0.55,,248.0,,0.1,-30.0,,-5.71428571428572,0.0,0.0,-25.000000000000007,-83.92857142857142,-7.909604519774016,15.207373271889404,280.6201550387597,38.35616438356164,-55.963302752293586,0.0,28.04878048780489,-1.7857142857142794,0.0,0.0,3.7687717044195552,-15.520654612643526,0.0
s2-retime-grid,pt0.1_dt-30_seed255,3.4,0.4,0.1,0.2,0.2,116.7,31.2,25.1,11.5,27.0,0.2,10.2,6.0,94,88,217118.0,0.0,7543.0,0.55,,255.0,,0.1,-30.0,,-2.85714285714286,0.0,0.0,-50.0,-96.42857142857143,9.887005649717514,43.77880184331797,94.57364341085271,57.53424657534247,-17.431192660550465,0.0,24.39024390243903,7.1428571428571495,0.0,0.0,1.0706737796646464,-0.44872640886894544,0.0
s2-retime-grid,pt0.1_dt-30_seed262,4.4,2.6,2.0,0.2,31.0,167.6,45.1,25.8,15.5,12.6,0.5,12.0,6.7,94,88,201269.0,0.0,9712.0,0.55,,262.0,,0.1,-30.0,,25.714285714285722,550.0,1899.9999999999995,-50.0,453.57142857142856,57.815442561205266,107.8341013824885,100.0,112.32876712328765,-61.46788990825688,149.99999999999997,46.34146341463416,19.642857142857153,0.0,0.0,-6.3071995829027365,28.177378909858785,0.0
s2-retime-grid,pt0.25_dt-15_seed101,7.2,3.9,3.7,0.3,33.1,215.5,48.5,28.8,15.2,3.9,0.8,14.7,7.1,94,88,195285.0,0.0,11120.0,0.55,,101.0,,0.25,-15.0,,105.71428571428572,875.0,3600.0,-25.000000000000007,491.07142857142856,102.91902071563088,123.50230414746544,123.25581395348837,108.21917808219177,-88.07339449541286,300.00000000000006,79.26829268292683,26.785714285714285,0.0,0.0,-9.092813451386755,46.759931371255114,0.0
s2-retime-grid,pt0.25_dt-15_seed108,3.6,0.4,0.2,0.3,14.0,165.4,32.0,18.4,8.6,36.4,0.3,9.1,5.8,94,88,208940.0,0.0,9198.0,0.55,,108.0,,0.25,-15.0,,2.85714285714286,0.0,100.0,-25.000000000000007,150.00000000000003,55.74387947269304,47.46543778801844,42.635658914728666,17.80821917808219,11.314984709480107,49.999999999999986,10.975609756097567,3.5714285714285747,0.0,0.0,-2.736269772551648,21.393691434604726,0.0
s2-retime-grid,pt0.25_dt-15_seed115,3.6,0.4,0.1,0.5,0.1,95.8,31.5,40.9,7.0,12.4,0.3,10.3,6.4,94,88,225653.0,0.0,6282.0,0.55,,115.0,,0.25,-15.0,,2.85714285714286,0.0,0.0,24.999999999999993,-98.21428571428572,-9.79284369114878,45.16129032258065,217.05426356589146,-4.109589041095888,-62.07951070336393,49.999999999999986,25.609756097560993,14.285714285714299,0.0,0.0,5.043804522898453,-17.091197043684836,0.0
s2-retime-grid,pt0.25_dt-15_seed122,3.4,0.4,0.1,0.4,1.0,140.9,32.5,19.6,7.9,29.0,0.3,9.0,6.0,94,88,217313.0,0.0,7961.0,0.55,,122.0,,0.25,-15.0,,-2.85714285714286,0.0,0.0,0.0,-82.14285714285714,32.674199623352166,49.76958525345623,51.93798449612403,8.219178082191789,-11.31498470948013,49.999999999999986,9.75609756097562,7.1428571428571495,0.0,0.0,1.161448295766649,5.06796885310809,0.0
s2-retime-grid,pt0.25_dt-15_seed129,7.3,3.4,1.8,0.3,29.1,223.2,44.9,26.2,15.8,3.3,0.9,12.5,6.6,94,88,197877.0,0.0,9957.0,0.55,,129.0,,0.25,-15.0,,108.57142857142857,750.0,1700.0,-25.000000000000007,419.6428571428572,110.1694915254237,106.91244239631337,103.10077519379843,116.43835616438356,-89.90825688073394,349.99999999999994,52.439024390243915,17.857142857142858,0.0,0.0,-7.886210652738597,31.410848620826187,0.0
s2-retime-grid,pt0.25_dt-15_seed136,21.3,7.0,10.3,0.3,40.7,330.0,77.8,35.9,18.4,16.1,3.7,24.9,12.7,94,88,181310.0,0.0,14229.0,0.55,,136.0,,0.25,-15.0,,508.5714285714286,1649.9999999999995,10200.0,-25.000000000000007,626.7857142857143,210.73446327683615,258.5253456221198,178.29457364341087,152.05479452054792,-50.764525993883794,1750.0,203.65853658536585,126.78571428571428,0.0,0.0,-15.598320438696945,87.79200211165369,0.0
s2-retime-grid,pt0.25_dt-15_seed143,4.9,3.2,1.9,0.4,25.4,229.4,46.6,26.1,15.3,3.4,0.9,12.4,6.0,94,88,198842.0,0.0,10289.0,0.55,,143.0,,0.25,-15.0,,40.00000000000001,700.0,1799.9999999999995,0.0,353.57142857142856,116.0075329566855,114.74654377880185,102.32558139534885,109.58904109589041,-89.60244648318043,349.99999999999994,51.219512195121965,7.1428571428571495,0.0,0.0,-7.436993175618431,35.792530025075884,0.0
s2-retime-grid,pt0.25_dt-15_seed150,3.9,0.4,0.1,0.4,2.1,127.7,29.1,21.2,8.3,27.2,0.3,9.7,5.8,94,88,215481.0,0.0,8303.0,0.55,,150.0,,0.25,-15.0,,11.428571428571425,0.0,0.0,0.0,-62.5,20.24482109227872,34.101382488479274,64.34108527131782,13.698630136986315,-16.819571865443432,49.999999999999986,18.292682926829272,3.5714285714285747,0.0,0.0,0.3086333547468089,9.581628612907483,0.0
s2-retime-grid,pt0.25_dt-15_seed157,15.1,4.4,4.2,0.3,32.4,276.8,56.3,32.6,15.4,3.0,2.6,17.8,8.9,94,88,186653.0,0.0,12256.0,0.55,,157.0,,0.25,-15.0,,331.4285714285714,1000.0,4100.0,-25.000000000000007,478.57142857142856,160.64030131826743,159.44700460829492,152.71317829457368,110.95890410958906,-90.82568807339449,1199.9999999999998,117.07317073170735,58.928571428571445,0.0,0.0,-13.111098697502072,61.75267256169988,0.0
s2-retime-grid,pt0.25_dt-15_seed164,16.5,5.4,3.3,0.8,42.2,239.8,54.8,33.9,17.5,19.3,2.9,19.9,7.5,94,88,183042.0,0.0,13610.0,0.55,,164.0,,0.25,-15.0,,371.42857142857144,1250.0,3199.9999999999995,100.0,653.5714285714287,125.8003766478343,152.53456221198155,162.7906976744186,139.72602739726028,-40.97859327217125,1349.9999999999998,142.6829268292683,33.92857142857144,0.0,0.0,-14.792056531575568,79.62254190312788,0.0
s2-retime-grid,pt0.25_dt-15_seed171,3.5,0.4,0.1,0.3,5.7,116.8,33.5,22.3,10.3,40.2,0.2,9.9,6.5,94,88,209841.0,0.0,9242.0,0.55,,171.0,,0.25,-15.0,,0.0,0.0,0.0,-25.000000000000007,1.7857142857142954,9.981167608286247,54.37788018433181,72.86821705426357,41.095890410958916,22.93577981651376,0.0,20.731707317073187,16.071428571428577,0.0,0.0,-2.3168449571264977,21.97439619902336,0.0
s2-retime-grid,pt0.25_dt-15_seed178,3.4,0.4,0.1,0.3,10.5,188.0,37.3,23.9,15.0,3.3,0.2,11.0,6.0,94,88,211677.0,0.0,8531.0,0.55,,178.0,,0.25,-15.0,,-2.85714285714286,0.0,0.0,-25.000000000000007,87.50000000000001,77.02448210922786,71.88940092165898,85.27131782945735,105.47945205479452,-89.90825688073394,0.0,34.14634146341465,7.1428571428571495,0.0,0.0,-1.4621679747507192,12.59073511944041,0.0
s2-retime-grid,pt0.25_dt-15_seed185,17.1,6.4,5.9,0.3,40.7,277.9,61.4,32.4,17.5,13.3,3.2,19.4,7.5,94,88,183693.0,0.0,13300.0,0.55,,185.0,,0.25,-15.0,,388.5714285714286,1500.0,5800.000000000001,-25.000000000000007,626.7857142857143,161.67608286252351,182.9493087557604,151.1627906976744,139.72602739726028,-59.32721712538226,1500.0,136.58536585365854,33.92857142857144,0.0,0.0,-14.489009300896575,75.53121288108751,0.0
s2-retime-grid,pt0.25_dt-15_seed192,3.5,0.4,0.1,0.3,7.2,151.5,35.9,17.4,12.1,33.0,0.2,9.5,6.6,94,88,212498.0,0.0,8735.0,0.55,,192.0,,0.25,-15.0,,0.0,0.0,0.0,-25.000000000000007,28.57142857142858,42.655367231638415,65.43778801843317,34.88372093023254,65.75342465753424,0.9174311926605416,0.0,15.853658536585376,17.857142857142858,0.0,0.0,-1.0799839864443388,15.283093572654085,0.0
s2-retime-grid,pt0.25_dt-15_seed199,13.6,4.0,1.9,0.4,37.5,222.5,65.9,29.8,16.4,3.6,1.8,16.9,10.4,94,88,189173.0,0.0,11966.0,0.55,,199.0,,0.25,-15.0,,288.57142857142856,900.0,1799.9999999999995,0.0,569.6428571428571,109.51035781544256,203.6866359447005,131.0077519379845,124.65753424657531,-88.9908256880734,800.0,106.09756097560977,85.71428571428574,0.0,0.0,-11.938012643260807,57.92530025075887,0.0
s2-retime-grid,pt0.25_dt-15_seed206,3.8,1.6,1.0,0.2,25.5,193.5,40.8,21.2,12.1,37.7,0.3,11.4,6.4,94,88,199690.0,0.0,10822.0,0.55,,206.0,,0.25,-15.0,,8.571428571428566,300.00000000000006,900.0,-50.0,355.35714285714283,82.20338983050847,88.0184331797235,64.34108527131782,65.75342465753424,15.29051987767584,49.999999999999986,39.02439024390246,14.285714285714299,0.0,0.0,-7.042240408159466,42.82697637587436,0.0
s2-retime-grid,pt0.25_dt-15_seed213,3.4,0.4,0.1,0.3,4.5,167.3,42.7,66.5,14.3,35.3,0.3,14.3,6.2,94,88,209079.0,0.0,9651.0,0.55,,213.0,,0.25,-15.0,,-2.85714285714286,0.0,0.0,-25.000000000000007,-19.642857142857135,57.53295668549907,96.77419354838712,415.50387596899225,95.89041095890413,7.951070336391419,49.999999999999986,74.39024390243904,10.714285714285724,0.0,0.0,-2.6715638354327846,27.372310941005672,0.0
s2-retime-grid,pt0.25_dt-15_seed220,3.5,0.4,0.1,0.3,1.9,147.8,30.2,23.3,8.1,33.7,0.2,9.9,6.2,94,88,214312.0,0.0,8565.0,0.55,,220.0,,0.25,-15.0,,0.0,0.0,0.0,-25.000000000000007,-66.07142857142857,39.171374764595114,39.1705069124424,80.62015503875969,10.958904109589039,3.0581039755351678,0.0,20.731707317073187,10.714285714285724,0.0,0.0,-0.2355482315262222,13.039461528309356,0.0
s2-retime-grid,pt0.25_dt-15_seed227,3.5,0.7,0.1,0.6,7.2,204.5,78.8,23.4,12.0,41.9,0.2,12.3,13.9,94,88,200985.0,0.0,11010.0,0.55,,227.0,,0.25,-15.0,,0.0,74.99999999999997,0.0,49.999999999999986,28.57142857142858,92.56120527306967,263.13364055299536,81.3953488372093,64.38356164383562,28.13455657492353,0.0,50.00000000000002,148.21428571428575,0.0,0.0,-6.439404519174372,45.308169460208525,0.0
s2-retime-grid,pt0.25_dt-15_seed234,3.9,0.9,0.1,0.8,8.3,160.3,41.3,20.6,11.7,47.2,0.3,10.9,6.6,94,88,203000.0,0.0,10651.0,0.55,,234.0,,0.25,-15.0,,11.428571428571425,125.0,0.0,100.0,48.21428571428574,50.94161958568739,90.32258064516128,59.68992248062016,60.273972602739725,44.342507645259936,49.999999999999986,32.9268292682927,17.857142857142858,0.0,0.0,-5.501401186120344,40.57014649597466,0.0
s2-retime-grid,pt0.25_dt-15_seed241,3.7,0.4,0.1,0.3,1.8,166.5,36.9,23.0,13.0,38.6,0.2,10.8,7.4,94,88,211169.0,0.0,9316.0,0.55,,241.0,,0.25,-15.0,,5.71428571428572,0.0,0.0,-25.000000000000007,-67.85714285714286,56.77966101694915,70.04608294930875,78.29457364341084,78.08219178082192,18.042813455657488,0.0,31.707317073170753,32.14285714285715,0.0,0.0,-1.6986472269549107,22.951036030091064,0.0
s2-retime-grid,pt0.25_dt-15_seed248,3.3,0.9,0.1,0.7,8.9,171.2,45.7,33.3,15.1,46.0,0.2,12.3,6.6,94,88,202750.0,0.0,10978.0,0.55,,248.0,,0.25,-15.0,,-5.71428571428572,125.0,0.0,74.99999999999997,58.928571428571445,61.20527306967983,110.59907834101384,158.13953488372093,106.84931506849315,40.672782874617724,0.0,50.00000000000002,17.857142857142858,0.0,0.0,-5.617778770866501,44.88583872244952,0.0
s2-retime-grid,pt0.25_dt-15_seed255,13.5,4.1,2.1,0.3,35.4,245.9,48.1,25.9,11.5,3.3,1.6,13.8,9.6,94,88,191743.0,0.0,11185.0,0.55,,255.0,,0.25,-15.0,,285.7142857142857,924.9999999999998,2000.0,-25.000000000000007,532.1428571428571,131.54425612052728,121.65898617511522,100.77519379844959,57.53424657534247,-89.90825688073394,700.0,68.2926829268293,71.42857142857143,0.0,0.0,-10.74165107207031,47.6177906823281,0.0
s2-retime-grid,pt0.25_dt-15_seed262,4.5,2.6,0.8,0.3,23.5,227.0,41.5,28.1,10.9,4.9,0.5,13.6,6.4,94,88,198147.0,0.0,10261.0,0.55,,262.0,,0.25,-15.0,,28.57142857142857,550.0,700.0,-25.000000000000007,319.6428571428571,113.74764595103576,91.24423963133641,117.8294573643411,49.31506849315069,-85.01529051987768,149.99999999999997,65.85365853658539,14.285714285714299,0.0,0.0,-7.760522861212747,35.422990629536756,0.0
s2-retime-grid,pt0.25_dt-30_seed101,15.9,4.7,4.0,0.3,41.2,370.8,70.8,43.4,21.3,15.6,3.2,22.5,7.5,94,88,178852.0,0.0,15207.0,0.55,,101.0,,0.25,-30.0,,354.28571428571433,1074.9999999999998,3900.0,-25.000000000000007,635.7142857142858,249.15254237288136,226.26728110599075,236.43410852713177,191.78082191780823,-52.293577981651374,1500.0,174.39024390243904,33.92857142857144,0.0,0.0,-16.742544851921163,100.69948528441334,0.0
s2-retime-grid,pt0.25_dt-30_seed108,3.7,0.8,0.1,0.5,9.7,217.9,54.3,114.6,18.2,49.4,0.3,23.6,6.7,94,88,200136.0,0.0,12147.0,0.55,,108.0,,0.25,-30.0,,5.71428571428572,100.0,0.0,24.999999999999993,73.21428571428571,105.1789077212806,150.23041474654374,788.3720930232557,149.31506849315065,51.07033639143729,49.999999999999986,187.80487804878052,19.642857142857153,0.0,0.0,-6.8346227969723214,60.31410848620826,0.0
s2-retime-grid,pt0.25_dt-30_seed115,3.6,0.4,0.1,0.4,0.2,99.0,16.4,13.2,2.6,15.6,0.2,7.3,5.5,94,88,232024.0,0.0,5861.0,0.55,,115.0,,0.25,-30.0,,2.85714285714286,0.0,0.0,0.0,-96.42857142857143,-6.779661016949155,-24.42396313364056,2.325581395348829,-64.3835616438356,-52.293577981651374,0.0,-10.975609756097555,-1.7857142857142794,0.0,0.0,8.009570892569524,-22.647485812326778,0.0
s2-retime-grid,pt0.25_dt-30_seed122,4.0,0.9,0.1,0.9,8.4,151.4,29.9,25.5,7.6,51.3,0.3,7.0,11.9,94,88,202643.0,0.0,10765.0,0.55,,122.0,,0.25,-30.0,,14.285714285714285,125.0,0.0,125.0,50.000000000000014,42.56120527306968,37.78801843317972,97.67441860465115,4.109589041095888,56.88073394495411,49.999999999999986,-14.634146341463408,112.50000000000003,0.0,0.0,-5.667588377137856,42.07469974924113,0.0
s2-retime-grid,pt0.25_dt-30_seed129,3.6,0.4,0.1,0.5,1.9,126.5,32.0,26.7,11.4,28.5,0.2,10.7,5.9,94,88,214036.0,0.0,8469.0,0.55,,129.0,,0.25,-30.0,,2.85714285714286,0.0,0.0,24.999999999999993,-66.07142857142857,19.114877589453858,47.46543778801844,106.9767441860465,56.16438356164385,-12.844036697247713,0.0,30.487804878048784,5.35714285714287,0.0,0.0,-0.36402908508597975,11.772469315032334,0.0
s2-retime-grid,pt0.25_dt-30_seed136,3.8,0.9,0.1,0.9,5.2,149.2,19.0,14.3,3.6,36.7,0.2,8.0,6.5,94,88,214392.0,0.0,8825.0,0.55,,136.0,,0.25,-30.0,,8.571428571428566,125.0,0.0,125.0,-7.142857142857134,40.489642184557425,-12.442396313364053,10.852713178294577,-50.68493150684932,12.232415902140671,0.0,-2.439024390243894,16.071428571428577,0.0,0.0,-0.19830740440745187,16.470898772601295,0.0
s2-retime-grid,pt0.25_dt-30_seed143,29.7,8.6,5.3,2.0,61.0,417.6,83.9,47.9,35.0,12.5,6.3,30.4,12.0,94,88,169963.0,0.0,17295.0,0.55,,143.0,,0.25,-30.0,,748.5714285714286,2049.9999999999995,5200.0,400.0,989.2857142857142,293.22033898305085,286.63594470046087,271.3178294573643,379.45205479452056,-61.773700305810394,3049.9999999999995,270.7317073170732,114.2857142857143,0.0,0.0,-20.88046625515553,128.2565659231886,0.0
s2-retime-grid,pt0.25_dt-30_seed150,3.9,0.4,0.1,0.2,0.6,117.8,16.5,13.8,4.2,21.5,0.3,7.3,5.1,94,88,227979.0,0.0,6070.0,0.55,,150.0,,0.25,-30.0,,11.428571428571425,0.0,0.0,-50.0,-89.28571428571429,10.92278719397363,-23.963133640552993,6.976744186046514,-42.465753424657535,-34.25076452599389,49.999999999999986,-10.975609756097555,-8.928571428571429,0.0,0.0,6.1265815713767005,-19.88913818133826,0.0
s2-retime-grid,pt0.25_dt-30_seed157,3.6,0.5,0.1,0.5,2.4,181.8,33.6,29.5,15.4,37.8,0.2,11.1,5.9,94,88,211415.0,0.0,9718.0,0.55,,157.0,,0.25,-30.0,,2.85714285714286,24.999999999999993,0.0,24.999999999999993,-57.14285714285714,71.18644067796612,54.83870967741936,128.68217054263567,110.95890410958906,15.59633027522934,0.0,35.365853658536594,5.35714285714287,0.0,0.0,-1.5841316835646921,28.2565659231886,0.0
s2-retime-grid,pt0.25_dt-30_seed164,3.7,0.4,0.1,0.4,0.1,129.0,21.7,29.7,7.1,24.0,0.3,9.3,5.6,94,88,223779.0,0.0,7014.0,0.55,,164.0,,0.25,-30.0,,5.71428571428572,0.0,0.0,0.0,-98.21428571428572,21.46892655367231,0.0,130.23255813953486,-2.739726027397263,-26.60550458715597,49.999999999999986,13.41463414634148,0.0,0.0,0.0,4.171438147641259,-7.430381417447538,0.0
s2-retime-grid,pt0.25_dt-30_seed171,3.6,0.7,0.1,0.7,4.7,141.6,27.5,15.8,4.8,42.7,0.2,8.7,6.8,94,88,209824.0,0.0,9371.0,0.55,,171.0,,0.25,-30.0,,2.85714285714286,74.99999999999997,0.0,74.99999999999997,-16.071428571428566,33.33333333333333,26.72811059907835,22.48062015503876,-34.24657534246575,30.58103975535168,0.0,6.097560975609757,21.428571428571434,0.0,0.0,-2.3247586328892367,23.676916985614362,0.0
s2-retime-grid,pt0.25_dt-30_seed178,3.6,0.4,0.1,0.4,2.0,135.6,24.1,15.8,3.6,40.9,0.2,6.2,10.8,94,88,213332.0,0.0,8663.0,0.55,,178.0,,0.25,-30.0,,2.85714285714286,0.0,0.0,0.0,-64.28571428571428,27.683615819209027,11.059907834101393,22.48062015503876,-50.68493150684932,25.076452599388364,0.0,-24.390243902439014,92.85714285714289,0.0,0.0,-0.6917483637311584,14.33284941269632,0.0
s2-retime-grid,pt0.25_dt-30_seed185,17.9,5.7,3.5,0.3,49.3,353.9,83.2,35.2,19.6,7.2,3.0,23.4,21.6,94,88,181551.0,0.0,13831.0,0.55,,185.0,,0.25,-30.0,,411.4285714285714,1324.9999999999998,3400.0,-25.000000000000007,780.3571428571428,233.23917137476457,283.41013824884794,172.8682170542636,168.49315068493152,-77.98165137614679,1399.9999999999998,185.3658536585366,285.7142857142857,0.0,0.0,-15.48613244700165,82.53926356077604,0.0
s2-retime-grid,pt0.25_dt-30_seed192,4.1,1.0,0.1,1.0,3.4,148.4,34.5,32.6,12.9,36.0,0.2,10.9,7.8,94,88,209928.0,0.0,10079.0,0.55,,192.0,,0.25,-30.0,,17.14285714285713,149.99999999999997,0.0,149.99999999999997,-39.285714285714285,39.736346516007536,58.986175115207374,152.71317829457368,76.7123287671233,10.091743119266045,0.0,32.9268292682927,39.28571428571429,0.0,0.0,-2.276345557634835,33.020984558532405,0.0
s2-retime-grid,pt0.25_dt-30_seed199,18.3,6.5,3.1,0.3,45.4,335.3,82.8,39.6,19.6,11.3,3.0,24.1,9.7,94,88,177736.0,0.0,15306.0,0.55,,199.0,,0.25,-30.0,,422.8571428571429,1524.9999999999998,3000.0,-25.000000000000007,710.7142857142857,215.7250470809793,281.5668202764977,206.97674418604652,168.49315068493152,-65.4434250764526,1399.9999999999998,193.90243902439028,73.21428571428571,0.0,0.0,-17.262054390228005,102.00607100435528,0.0
s2-retime-grid,pt0.25_dt-30_seed206,3.6,0.7,0.1,0.5,9.3,200.8,44.1,32.3,12.6,46.5,0.2,12.6,7.1,94,88,199945.0,0.0,11488.0,0.55,,206.0,,0.25,-30.0,,2.85714285714286,74.99999999999997,0.0,24.999999999999993,66.0714285714286,89.07721280602637,103.22580645161293,150.38759689922477,72.6027397260274,42.201834862385304,0.0,53.658536585365866,26.785714285714285,0.0,0.0,-6.923535271718386,51.616734855483706,0.0
s2-retime-grid,pt0.25_dt-30_seed213,22.4,6.9,3.4,0.3,50.5,324.2,67.3,40.8,17.8,16.3,4.3,21.4,9.8,94,88,176478.0,0.0,14476.0,0.55,,213.0,,0.25,-30.0,,540.0,1625.0,3299.999999999999,-25.000000000000007,801.7857142857142,205.27306967984936,210.13824884792623,216.27906976744185,143.83561643835617,-50.152905198776764,2049.9999999999995,160.97560975609758,75.00000000000003,0.0,0.0,-17.847666396670668,91.05186749373104,0.0
s2-retime-grid,pt0.25_dt-30_seed220,10.8,4.2,1.6,0.3,37.8,291.4,52.1,29.7,11.9,31.8,1.3,17.6,8.3,94,88,186642.0,0.0,12934.0,0.55,,220.0,,0.25,-30.0,,208.57142857142858,950.0,1500.0,-25.000000000000007,575.0,174.38794726930317,140.09216589861754,130.23255813953486,63.01369863013699,-2.752293577981658,550.0,114.63414634146345,48.21428571428574,0.0,0.0,-13.116219311230903,70.70080506796886,0.0
s2-retime-grid,pt0.25_dt-30_seed227,3.8,0.9,0.1,1.1,7.9,228.8,55.3,56.4,18.4,51.3,0.2,15.6,8.2,94,88,196653.0,0.0,12689.0,0.55,,227.0,,0.25,-30.0,,8.571428571428566,125.0,0.0,175.0,41.071428571428584,115.44256120527308,154.83870967741933,337.20930232558135,152.05479452054792,56.88073394495411,0.0,90.24390243902441,46.42857142857142,0.0,0.0,-8.455995307655783,67.46733535700146,0.0
s2-retime-grid,pt0.25_dt-30_seed234,3.9,0.8,0.1,0.7,8.5,146.6,30.1,20.0,7.5,46.3,0.3,6.5,12.1,94,88,205094.0,0.0,10275.0,0.55,,234.0,,0.25,-30.0,,11.428571428571425,100.0,0.0,74.99999999999997,51.78571428571429,38.041431261770235,38.70967741935485,55.03875968992248,2.739726027397263,41.59021406727826,49.999999999999986,-20.731707317073162,116.07142857142858,0.0,0.0,-4.52662253628653,35.60776032730632,0.0
s2-retime-grid,pt0.25_dt-30_seed241,3.7,0.7,0.1,0.7,5.0,204.9,63.7,35.5,14.8,41.6,0.2,14.2,10.4,94,88,204498.0,0.0,11283.0,0.55,,241.0,,0.25,-30.0,,5.71428571428572,74.99999999999997,0.0,74.99999999999997,-10.714285714285708,92.93785310734464,193.5483870967742,175.19379844961242,102.73972602739727,27.217125382262992,0.0,73.17073170731709,85.71428571428574,0.0,0.0,-4.804066698321369,48.91117856671506,0.0
s2-retime-grid,pt0.25_dt-30_seed248,3.5,0.7,0.1,0.7,5.8,147.8,31.9,21.9,6.5,48.4,0.2,7.7,12.7,94,88,206526.0,0.0,10152.0,0.55,,248.0,,0.25,-30.0,,0.0,74.99999999999997,0.0,74.99999999999997,3.5714285714285747,39.171374764595114,47.004608294930875,69.7674418604651,-10.958904109589039,48.012232415902126,0.0,-6.0975609756097455,126.78571428571428,0.0,0.0,-3.8600117308605424,33.984426554045136,0.0
s2-retime-grid,pt0.25_dt-30_seed255,4.2,1.0,0.1,1.7,10.3,159.4,34.5,23.6,9.0,53.3,0.2,6.7,14.2,94,88,199720.0,0.0,11287.0,0.55,,255.0,,0.25,-30.0,,20.000000000000004,149.99999999999997,0.0,324.99999999999994,83.92857142857146,50.09416195856874,58.986175115207374,82.94573643410853,23.28767123287672,62.99694189602444,0.0,-18.292682926829258,153.57142857142858,0.0,0.0,-7.028275097989926,48.963969908934935,0.0
s2-retime-grid,pt0.25_dt-30_seed262,3.7,0.4,0.1,0.2,5.9,197.4,48.3,27.2,16.6,30.9,0.2,12.0,7.2,94,88,205142.0,0.0,11061.0,0.55,,262.0,,0.25,-30.0,,5.71428571428572,0.0,0.0,-50.0,5.35714285714287,85.87570621468926,122.58064516129032,110.85271317829456,127.39726027397262,-5.504587155963316,0.0,46.34146341463416,28.57142857142858,0.0,0.0,-4.504278040015269,45.98125907351194,0.0
s2-retime-grid,pt0.2_dt-15_seed101,3.6,0.4,0.1,0.2,4.8,113.4,16.4,10.7,1.6,37.5,0.2,7.2,7.1,94,88,217427.0,0.0,7662.0,0.55,,101.0,,0.2,-15.0,,2.85714285714286,0.0,0.0,-50.0,-14.285714285714283,6.779661016949155,-24.42396313364056,-17.054263565891482,-78.0821917808219,14.678899082568797,0.0,-12.195121951219502,26.785714285714285,0.0,0.0,1.2145164744108967,1.1218160221723636,0.0
s2-retime-grid,pt0.2_dt-15_seed108,3.4,0.4,0.1,0.6,4.6,141.0,33.8,31.6,8.0,42.3,0.2,10.3,6.4,94,88,207360.0,0.0,9672.0,0.55,,108.0,,0.2,-15.0,,-2.85714285714286,0.0,0.0,49.999999999999986,-17.857142857142858,32.7683615819209,55.76036866359446,144.96124031007753,9.589041095890414,29.357798165137595,0.0,25.609756097560993,14.285714285714299,0.0,0.0,-3.471776108147362,27.649465487660024,0.0
s2-retime-grid,pt0.2_dt-15_seed115,3.9,2.0,1.1,0.4,23.0,192.8,43.4,24.6,12.2,8.3,0.3,11.5,7.0,94,88,199973.0,0.0,9911.0,0.55,,115.0,,0.2,-15.0,,11.428571428571425,400.0,1000.0,0.0,310.7142857142857,81.54425612052731,100.0,90.69767441860466,67.12328767123287,-74.61773700305811,49.999999999999986,40.2439024390244,25.000000000000007,0.0,0.0,-6.910500982226815,30.803748185297614,0.0
s2-retime-grid,pt0.2_dt-15_seed122,13.7,4.6,2.5,0.3,42.0,250.2,52.2,29.5,18.3,15.6,1.9,17.2,7.1,94,88,185627.0,0.0,12751.0,0.55,,122.0,,0.2,-15.0,,291.4285714285714,1049.9999999999998,2399.9999999999995,-25.000000000000007,650.0,135.59322033898303,140.55299539170508,128.68217054263567,150.68493150684932,-52.293577981651374,850.0,109.75609756097562,26.785714285714285,0.0,0.0,-13.588712305300302,68.28560116140953,0.0
s2-retime-grid,pt0.2_dt-15_seed129,3.4,0.4,0.1,0.3,6.8,130.0,27.8,14.5,6.4,38.3,0.3,8.5,5.8,94,88,211448.0,0.0,8775.0,0.55,,129.0,,0.2,-15.0,,-2.85714285714286,0.0,0.0,-25.000000000000007,21.428571428571434,22.410546139359695,28.11059907834102,12.403100775193796,-12.328767123287664,17.125382262996926,49.999999999999986,3.6585365853658622,3.5714285714285747,0.0,0.0,-1.5687698423781993,15.811006994852844,0.0
s2-retime-grid,pt0.2_dt-15_seed136,3.6,0.4,0.1,0.4,4.0,123.2,34.8,44.8,15.7,34.3,0.2,11.9,5.9,94,88,209379.0,0.0,9332.0,0.55,,136.0,,0.2,-15.0,,2.85714285714286,0.0,0.0,0.0,-28.571428571428566,16.0075329566855,60.36866359447004,247.28682170542635,115.06849315068493,4.892966360856251,0.0,45.12195121951221,5.35714285714287,0.0,0.0,-2.531910733737396,23.16220139897057,0.0
s2-retime-grid,pt0.2_dt-15_seed143,3.6,0.4,0.1,0.3,2.1,148.7,35.9,26.7,12.4,29.5,0.2,10.7,5.9,94,88,214373.0,0.0,8205.0,0.55,,143.0,,0.2,-15.0,,2.85714285714286,0.0,0.0,-25.000000000000007,-62.5,40.01883239171373,65.43778801843317,106.9767441860465,69.86301369863016,-9.785932721712546,0.0,30.487804878048784,5.35714285714287,0.0,0.0,-0.20715210084815985,8.288240728520522,0.0
s2-retime-grid,pt0.2_dt-15_seed150,3.4,0.4,0.1,0.3,0.2,122.8,21.7,13.5,7.1,31.4,0.2,8.4,5.9,94,88,219646.0,0.0,7010.0,0.55,,150.0,,0.2,-15.0,,-2.85714285714286,0.0,0.0,-25.000000000000007,-96.42857142857143,15.63088512241054,0.0,4.651162790697672,-2.739726027397263,-3.975535168195731,0.0,2.4390243902439157,5.35714285714287,0.0,0.0,2.2474839166177882,-7.483172759667414,0.0
s2-retime-grid,pt0.2_dt-15_seed157,8.7,3.6,1.4,0.2,33.7,209.8,50.1,29.4,12.0,3.9,1.1,17.5,7.2,94,88,191482.0,0.0,11316.0,0.55,,157.0,,0.2,-15.0,,148.57142857142856,800.0,1299.9999999999998,-50.0,501.78571428571433,97.55178907721282,130.87557603686636,127.90697674418605,64.38356164383562,-88.07339449541286,450.0,113.41463414634147,28.57142857142858,0.0,0.0,-10.863149270545298,49.34670714002903,0.0
s2-retime-grid,pt0.2_dt-15_seed164,7.4,3.5,1.5,0.2,31.9,239.1,43.8,26.4,11.0,4.9,0.8,13.7,7.7,94,88,195360.0,0.0,10666.0,0.55,,164.0,,0.2,-15.0,,111.42857142857143,775.0,1399.9999999999998,-50.0,469.6428571428571,125.1412429378531,101.84331797235022,104.65116279069765,50.68493150684932,-85.01529051987768,300.00000000000006,67.07317073170732,37.500000000000014,0.0,0.0,-9.057900175962908,40.7681140292992,0.0
s2-retime-grid,pt0.2_dt-15_seed171,3.6,0.4,0.1,0.3,5.6,112.9,27.8,46.0,7.0,10.5,0.3,10.4,6.7,94,88,223658.0,0.0,6925.0,0.55,,171.0,,0.2,-15.0,,2.85714285714286,0.0,0.0,-25.000000000000007,0.0,6.308851224105464,28.11059907834102,256.58914728682174,-4.109589041095888,-67.88990825688074,49.999999999999986,26.82926829268294,19.642857142857153,0.0,0.0,4.115111396624119,-8.60498878183978,0.0
s2-retime-grid,pt0.2_dt-15_seed178,3.5,0.4,0.1,0.4,6.0,130.2,22.0,27.8,7.7,19.9,0.2,9.4,5.2,94,88,220958.0,0.0,7354.0,0.55,,178.0,,0.2,-15.0,,0.0,0.0,0.0,0.0,7.1428571428571495,22.598870056497162,1.3824884792626762,115.50387596899225,5.479452054794526,-39.143730886850165,0.0,14.634146341463428,-7.142857142857134,0.0,0.0,2.8582334813656214,-2.9431173287580834,0.0
s2-retime-grid,pt0.2_dt-15_seed185,3.5,0.4,0.1,0.2,2.6,149.7,30.7,17.3,8.0,35.7,0.2,9.5,6.0,94,88,213164.0,0.0,8393.0,0.55,,185.0,,0.2,-15.0,,0.0,0.0,0.0,-50.0,-53.57142857142857,40.960451977401114,41.474654377880185,34.10852713178294,9.589041095890414,9.174311926605503,0.0,15.853658536585376,7.1428571428571495,0.0,0.0,-0.7699541006805761,10.769433812854693,0.0
s2-retime-grid,pt0.2_dt-15_seed192,3.3,0.8,0.1,0.6,10.6,200.4,45.2,38.9,15.4,47.3,0.2,17.6,5.9,94,88,199819.0,0.0,11478.0,0.55,,192.0,,0.2,-15.0,,-5.71428571428572,100.0,0.0,49.999999999999986,89.28571428571429,88.70056497175142,108.29493087557607,201.5503875968992,110.95890410958906,44.648318042813436,0.0,114.63414634146345,5.35714285714287,0.0,0.0,-6.982189574430447,51.484756499934015,0.0
s2-retime-grid,pt0.2_dt-15_seed199,13.4,4.2,1.8,0.3,35.3,251.5,45.2,27.4,13.0,5.7,1.7,17.0,7.7,94,88,189007.0,0.0,11844.0,0.55,,199.0,,0.2,-15.0,,282.8571428571429,950.0,1700.0,-25.000000000000007,530.3571428571428,136.81732580037666,108.29493087557607,112.40310077519378,78.08219178082192,-82.56880733944955,750.0,107.31707317073173,37.500000000000014,0.0,0.0,-12.015287359532255,56.315164313052655,0.0
s2-retime-grid,pt0.2_dt-15_seed206,3.6,0.4,0.1,0.4,8.8,168.4,75.8,30.4,12.1,8.0,0.2,14.4,12.4,94,88,207262.0,0.0,10192.0,0.55,,206.0,,0.2,-15.0,,2.85714285714286,0.0,0.0,0.0,57.14285714285716,58.568738229755176,249.30875576036863,135.65891472868216,65.75342465753424,-75.53516819571865,0.0,75.609756097561,121.42857142857144,0.0,0.0,-3.517396121367856,34.512339976243894,0.0
s2-retime-grid,pt0.2_dt-15_seed213,3.4,0.7,0.1,0.6,8.5,185.4,52.4,133.3,15.0,30.3,0.2,18.8,7.2,94,88,205459.0,0.0,10719.0,0.55,,213.0,,0.2,-15.0,,-2.85714285714286,74.99999999999997,0.0,49.999999999999986,51.78571428571429,74.57627118644068,141.47465437788017,933.3333333333334,105.47945205479452,-7.339449541284409,0.0,129.26829268292687,28.57142857142858,0.0,0.0,-4.356711262557141,41.46759931371255,0.0
s2-retime-grid,pt0.2_dt-15_seed220,15.2,4.4,1.5,0.3,33.3,247.0,53.8,28.0,12.7,6.2,2.7,17.6,9.3,94,88,190316.0,0.0,11620.0,0.55,,220.0,,0.2,-15.0,,334.2857142857143,1000.0,1399.9999999999998,-25.000000000000007,494.6428571428571,132.58003766478345,147.92626728110596,117.05426356589146,73.97260273972603,-81.03975535168196,1250.0,114.63414634146345,66.0714285714286,0.0,0.0,-11.405934325801375,53.35884914873961,0.0
s2-retime-grid,pt0.2_dt-15_seed227,3.3,0.4,0.1,0.3,4.4,133.7,26.9,22.3,11.1,32.8,0.2,9.8,5.8,94,88,213890.0,0.0,8403.0,0.55,,227.0,,0.2,-15.0,,-5.71428571428572,0.0,0.0,-25.000000000000007,-21.428571428571416,25.894538606403,23.963133640552993,72.86821705426357,52.054794520547944,0.30581039755349937,0.0,19.51219512195124,3.5714285714285747,0.0,0.0,-0.4319935945777355,10.90141216840438,0.0
s2-retime-grid,pt0.2_dt-15_seed234,3.5,0.4,0.1,0.3,0.1,112.3,28.6,42.3,7.2,21.1,0.3,10.1,6.7,94,88,223563.0,0.0,6751.0,0.55,,234.0,,0.2,-15.0,,0.0,0.0,0.0,-25.000000000000007,-98.21428571428572,5.743879472693027,31.797235023041488,227.906976744186,-1.3698630136986254,-35.47400611620795,49.999999999999986,23.17073170731708,19.642857142857153,0.0,0.0,4.070887914420579,-10.90141216840438,0.0
s2-retime-grid,pt0.2_dt-15_seed241,3.5,0.6,0.1,0.5,8.0,157.3,37.9,19.0,9.0,42.7,0.2,10.0,6.8,94,88,205286.0,0.0,10161.0,0.55,,241.0,,0.2,-15.0,,0.0,49.999999999999986,0.0,24.999999999999993,42.85714285714287,48.116760828625246,74.65437788018433,47.28682170542635,23.28767123287672,30.58103975535168,0.0,21.951219512195134,21.428571428571434,0.0,0.0,-4.437244551201482,34.10320707403986,0.0
s2-retime-grid,pt0.2_dt-15_seed248,3.6,0.9,0.1,1.0,10.5,212.8,49.6,31.2,15.1,48.3,0.2,12.9,7.4,94,88,199946.0,0.0,11403.0,0.55,,248.0,,0.2,-15.0,,2.85714285714286,125.0,0.0,149.99999999999997,87.50000000000001,100.37664783427496,128.57142857142858,141.86046511627904,106.84931506849315,47.706422018348604,0.0,57.317073170731724,32.14285714285715,0.0,0.0,-6.9230697613793994,50.494918833311345,0.0
s2-retime-grid,pt0.2_dt-15_seed255,3.4,0.4,0.1,0.5,6.3,171.7,38.0,18.9,11.1,39.5,0.2,9.7,6.1,94,88,207420.0,0.0,9642.0,0.55,,255.0,,0.2,-15.0,,-2.85714285714286,0.0,0.0,24.999999999999993,12.500000000000004,61.67608286252353,75.1152073732719,46.51162790697673,52.054794520547944,20.79510703363913,0.0,18.292682926829272,8.928571428571429,0.0,0.0,-3.4438454878082845,27.25353042101095,0.0
s2-retime-grid,pt0.2_dt-15_seed262,3.4,0.4,0.1,0.5,2.9,168.5,41.8,18.6,8.6,37.2,0.2,9.8,6.8,94,88,209065.0,0.0,9552.0,0.55,,262.0,,0.2,-15.0,,-2.85714285714286,0.0,0.0,24.999999999999993,-48.214285714285715,58.66290018832391,92.62672811059907,44.186046511627914,17.80821917808219,13.761467889908255,0.0,19.51219512195124,21.428571428571434,0.0,0.0,-2.6780809801785694,26.065725221063747,0.0
s2-retime-grid,pt0.2_dt-30_seed101,3.4,0.4,0.1,0.3,1.4,160.7,53.5,19.8,10.7,21.8,0.2,10.0,11.4,94,88,218067.0,0.0,8593.0,0.55,,101.0,,0.2,-30.0,,-2.85714285714286,0.0,0.0,-25.000000000000007,-74.99999999999999,51.31826741996232,146.54377880184333,53.48837209302326,46.575342465753415,-33.333333333333336,0.0,21.951219512195134,103.57142857142858,0.0,0.0,1.5124430913610591,13.409000923848488,0.0
s2-retime-grid,pt0.2_dt-30_seed108,3.7,0.4,0.1,0.3,0.1,127.7,39.2,23.6,11.3,16.4,0.2,9.2,7.6,94,88,224582.0,0.0,6566.0,0.55,,108.0,,0.2,-30.0,,5.71428571428572,0.0,0.0,-25.000000000000007,-98.21428571428572,20.24482109227872,80.64516129032259,82.94573643410853,54.79452054794521,-49.84709480122325,0.0,12.195121951219514,35.714285714285715,0.0,0.0,4.545242949845916,-13.343011746073644,0.0
s2-retime-grid,pt0.2_dt-30_seed115,3.5,0.4,0.1,0.3,1.0,105.5,15.5,14.7,2.3,36.6,0.2,5.7,9.5,94,88,218794.0,0.0,7226.0,0.55,,115.0,,0.2,-30.0,,0.0,0.0,0.0,-25.000000000000007,-82.14285714285714,-0.6591337099811703,-28.57142857142857,13.953488372093014,-68.4931506849315,11.926605504587151,0.0,-30.487804878048774,69.64285714285715,0.0,0.0,1.8508691078028845,-4.632440279794114,0.0
s2-retime-grid,pt0.2_dt-30_seed122,3.3,0.7,0.1,0.6,2.7,129.3,22.7,19.3,7.2,31.1,0.2,9.5,6.6,94,88,214598.0,0.0,8360.0,0.55,,122.0,,0.2,-30.0,,-5.71428571428572,74.99999999999997,0.0,49.999999999999986,-51.78571428571428,21.75141242937854,4.6082949308755765,49.6124031007752,-1.3698630136986254,-4.892966360856273,0.0,15.853658536585376,17.857142857142858,0.0,0.0,-0.10241227457661835,10.333905239540716,0.0
s2-retime-grid,pt0.2_dt-30_seed129,3.6,0.4,0.1,0.3,9.7,147.6,45.1,19.5,12.1,16.7,0.2,9.6,6.7,94,88,213814.0,0.0,8695.0,0.55,,129.0,,0.2,-30.0,,2.85714285714286,0.0,0.0,-25.000000000000007,73.21428571428571,38.98305084745762,107.8341013824885,51.16279069767441,65.75342465753424,-48.9296636085627,0.0,17.073170731707325,19.642857142857153,0.0,0.0,-0.4673723803405674,14.755180150455324,0.0
s2-retime-grid,pt0.2_dt-30_seed136,3.7,0.4,0.1,0.2,3.6,143.9,33.1,32.1,14.3,38.8,0.3,10.6,6.0,94,88,211430.0,0.0,9239.0,0.55,,136.0,,0.2,-30.0,,5.71428571428572,0.0,0.0,-50.0,-35.71428571428571,35.49905838041432,52.53456221198158,148.8372093023256,95.89041095890413,18.654434250764506,49.999999999999986,29.268292682926838,7.1428571428571495,0.0,0.0,-1.5771490284799226,21.934802692358453,0.0
s2-retime-grid,pt0.2_dt-30_seed143,3.7,0.4,0.1,0.4,10.4,136.2,20.5,13.2,4.3,3.4,0.3,8.0,5.5,94,88,222995.0,0.0,5876.0,0.55,,143.0,,0.2,-30.0,,5.71428571428572,0.0,0.0,0.0,85.71428571428574,28.248587570621453,-5.529953917050688,2.325581395348829,-41.09589041095891,-89.60244648318043,49.999999999999986,-2.439024390243894,-1.7857142857142794,0.0,0.0,3.80647804187731,-22.44951827900224,0.0
s2-retime-grid,pt0.2_dt-30_seed150,3.7,0.4,0.1,0.3,0.3,122.3,21.8,12.9,1.9,31.3,0.2,8.2,6.9,94,88,219764.0,0.0,7295.0,0.55,,150.0,,0.2,-30.0,,5.71428571428572,0.0,0.0,-25.000000000000007,-94.64285714285715,15.16007532956685,0.4608294930875642,0.0,-73.97260273972603,-4.281345565749241,0.0,0.0,23.21428571428573,0.0,0.0,2.3024141366179744,-3.721789626501254,0.0
s2-retime-grid,pt0.2_dt-30_seed157,26.1,8.9,3.0,0.5,47.2,390.9,69.1,42.6,25.2,16.5,5.5,27.1,9.3,94,88,171693.0,0.0,15863.0,0.55,,157.0,,0.2,-30.0,,645.7142857142858,2125.0,2899.9999999999995,24.999999999999993,742.857142857143,268.07909604519773,218.43317972350226,230.2325581395349,245.2054794520548,-49.54128440366973,2649.9999999999995,230.48780487804882,66.0714285714286,0.0,0.0,-20.07513336871212,109.35726540847301,0.0
s2-retime-grid,pt0.2_dt-30_seed164,13.8,4.8,4.4,0.2,36.4,267.5,57.6,28.7,19.2,3.5,2.6,16.8,8.4,94,88,186439.0,0.0,12678.0,0.55,,164.0,,0.2,-30.0,,294.28571428571433,1099.9999999999998,4300.000000000001,-50.0,550.0,151.88323917137475,165.4377880184332,122.48062015503875,163.01369863013696,-89.29663608562691,1199.9999999999998,104.87804878048783,50.000000000000014,0.0,0.0,-13.210717910044782,67.32215916589679,0.0
s2-retime-grid,pt0.2_dt-30_seed171,3.6,0.4,0.1,0.4,1.9,118.0,21.6,13.6,6.9,20.0,0.3,7.9,5.9,94,88,223342.0,0.0,6895.0,0.55,,171.0,,0.2,-30.0,,2.85714285714286,0.0,0.0,0.0,-66.07142857142857,11.111111111111107,-0.4608294930875478,5.426356589147281,-5.479452054794513,-38.83792048929664,49.999999999999986,-3.658536585365841,5.35714285714287,0.0,0.0,3.9680101295049766,-9.000923848488847,0.0
s2-retime-grid,pt0.2_dt-30_seed178,7.9,3.7,3.2,0.2,32.2,243.6,51.1,33.5,12.8,4.6,1.1,18.1,7.3,94,88,194488.0,0.0,11264.0,0.55,,178.0,,0.2,-30.0,,125.71428571428574,825.0,3100.0,-50.0,475.0000000000001,129.3785310734463,135.48387096774195,159.68992248062017,75.34246575342468,-85.93272171253822,450.0,120.73170731707322,30.35714285714286,0.0,0.0,-9.463825191557504,48.660419691170645,0.0
s2-retime-grid,pt0.2_dt-30_seed185,3.7,0.4,0.1,0.3,0.1,132.7,23.4,39.9,7.2,20.5,0.3,10.0,6.2,94,88,222398.0,0.0,6779.0,0.55,,185.0,,0.2,-30.0,,5.71428571428572,0.0,0.0,-25.000000000000007,-98.21428571428572,24.952919020715616,7.834101382488476,209.3023255813953,-1.3698630136986254,-37.308868501529055,49.999999999999986,21.951219512195134,10.714285714285724,0.0,0.0,3.528568369503487,-10.53187277286525,0.0
s2-retime-grid,pt0.2_dt-30_seed192,3.5,0.4,0.1,0.3,2.1,90.7,18.1,13.5,6.8,19.8,0.2,8.1,5.0,94,88,226134.0,0.0,6054.0,0.55,,192.0,,0.2,-30.0,,0.0,0.0,0.0,-25.000000000000007,-62.5,-14.595103578154426,-16.589861751152064,4.651162790697672,-6.8493150684931505,-39.44954128440367,0.0,-1.219512195121947,-10.714285714285708,0.0,0.0,5.26771499595006,-20.100303550217763,0.0
s2-retime-grid,pt0.2_dt-30_seed199,3.5,0.4,0.1,0.4,0.1,92.1,22.8,62.8,7.8,11.5,0.2,11.0,5.2,94,88,230038.0,0.0,6188.0,0.55,,199.0,,0.2,-30.0,,0.0,0.0,0.0,0.0,-98.21428571428572,-13.276836158192099,5.069124423963141,386.8217054263566,6.8493150684931505,-64.83180428134557,0.0,34.14634146341465,-7.142857142857134,0.0,0.0,7.08506735934605,-18.331793585851923,0.0
s2-retime-grid,pt0.2_dt-30_seed206,4.1,1.3,1.1,0.3,22.4,245.3,43.3,22.3,12.8,3.2,0.2,11.7,6.7,94,88,201220.0,0.0,9628.0,0.55,,206.0,,0.2,-30.0,,17.14285714285713,225.0,1000.0,-25.000000000000007,299.99999999999994,130.9792843691149,99.53917050691243,72.86821705426357,75.34246575342468,-90.21406727828747,0.0,42.6829268292683,19.642857142857153,0.0,0.0,-6.330009589512983,27.068760723241386,0.0
s2-retime-grid,pt0.2_dt-30_seed213,3.7,0.4,0.1,0.3,10.2,149.6,39.2,19.7,11.0,32.4,0.2,9.4,6.9,94,88,211593.0,0.0,8736.0,0.55,,213.0,,0.2,-30.0,,5.71428571428572,0.0,0.0,-25.000000000000007,82.14285714285714,40.86629001883239,80.64516129032259,52.71317829457364,50.68493150684932,-0.9174311926605634,0.0,14.634146341463428,23.21428571428573,0.0,0.0,-1.501270843225428,15.296291408209054,0.0
s2-retime-grid,pt0.2_dt-30_seed220,3.6,0.4,0.1,0.2,0.1,95.4,21.4,40.5,7.0,18.6,0.2,9.6,5.1,94,88,229035.0,0.0,5824.0,0.55,,220.0,,0.2,-30.0,,2.85714285714286,0.0,0.0,-50.0,-98.21428571428572,-10.169491525423725,-1.3824884792626762,213.95348837209303,-4.109589041095888,-43.11926605504588,0.0,17.073170731707325,-8.928571428571429,0.0,0.0,6.6181604893444685,-23.13580572786063,0.0
s2-retime-grid,pt0.2_dt-30_seed227,5.4,3.0,1.1,0.3,27.9,232.0,49.3,29.8,15.0,3.4,0.9,16.4,6.8,94,88,194548.0,0.0,10810.0,0.55,,227.0,,0.2,-30.0,,54.28571428571429,650.0,1000.0,-25.000000000000007,398.21428571428567,118.45574387947269,127.18894009216591,131.0077519379845,105.47945205479452,-89.60244648318043,349.99999999999994,100.0,21.428571428571434,0.0,0.0,-9.435894571218427,42.66860234921473,0.0
s2-retime-grid,pt0.2_dt-30_seed234,3.5,0.4,0.1,0.4,7.6,160.5,25.5,14.0,7.0,38.3,0.2,8.3,6.0,94,88,211811.0,0.0,8827.0,0.55,,234.0,,0.2,-30.0,,0.0,0.0,0.0,0.0,35.714285714285715,51.12994350282486,17.511520737327192,8.527131782945734,-4.109589041095888,17.125382262996926,0.0,1.2195121951219685,7.1428571428571495,0.0,0.0,-1.3997895893267789,16.49729444371123,0.0
s2-retime-grid,pt0.2_dt-30_seed241,3.5,0.6,0.1,0.5,3.2,150.7,30.7,31.3,13.9,38.6,0.2,10.9,6.4,94,88,212271.0,0.0,9532.0,0.55,,241.0,,0.2,-30.0,,0.0,49.999999999999986,0.0,24.999999999999993,-42.85714285714285,41.9020715630885,41.474654377880185,142.63565891472868,90.41095890410959,18.042813455657488,0.0,32.9268292682927,14.285714285714299,0.0,0.0,-1.1856548333938497,25.80176850996437,0.0
s2-retime-grid,pt0.2_dt-30_seed248,3.6,0.7,0.1,0.6,6.9,140.6,30.6,16.9,4.8,48.0,0.3,8.1,8.9,94,88,206827.0,0.0,9905.0,0.55,,248.0,,0.2,-30.0,,2.85714285714286,74.99999999999997,0.0,49.999999999999986,23.21428571428573,32.391713747645944,41.01382488479264,31.00775193798448,-34.24657534246575,46.78899082568806,49.999999999999986,-1.219512195121947,58.928571428571445,0.0,0.0,-3.719893118826169,30.724561171967796,0.0
s2-retime-grid,pt0.2_dt-30_seed255,3.7,0.4,0.1,0.3,2.1,141.4,22.8,18.5,2.9,37.8,0.2,7.9,7.5,94,88,214585.0,0.0,8712.0,0.55,,255.0,,0.2,-30.0,,5.71428571428572,0.0,0.0,-25.000000000000007,-62.5,33.14500941619586,5.069124423963141,43.410852713178286,-60.27397260273973,15.59633027522934,0.0,-3.658536585365841,33.92857142857144,0.0,0.0,-0.10846390898341854,14.979543354889799,0.0
s2-retime-grid,pt0.2_dt-30_seed262,4.3,2.5,1.0,0.3,25.2,229.7,40.2,19.9,11.8,3.2,0.6,10.5,6.0,94,88,201865.0,0.0,9244.0,0.55,,262.0,,0.2,-30.0,,22.85714285714285,525.0,900.0,-25.000000000000007,350.00000000000006,116.2900188323917,85.25345622119818,54.26356589147285,61.643835616438366,-90.21406727828747,199.99999999999997,28.04878048780489,7.1428571428571495,0.0,0.0,-6.029755420867898,22.0007918701333,0.0
s3-joint,pt0.05_dt-15_m0.05_seed101,3.2,0.4,0.1,0.3,4.1,106.6,20.7,14.7,3.6,2.9,0.3,7.9,5.9,94,88,223119.0,0.0,5202.0,0.55,,101.0,,0.05,-15.0,0.05,-8.571428571428566,0.0,0.0,-25.000000000000007,-26.785714285714285,0.37664783427494486,-4.6082949308755765,13.953488372093014,-50.68493150684932,-91.13149847094802,49.999999999999986,-3.658536585365841,5.35714285714287,0.0,0.0,3.8642013239114044,-31.344859443051337,0.0
s3-joint,pt0.05_dt-15_m0.05_seed108,3.3,0.5,0.4,0.3,17.4,182.3,32.1,18.9,8.0,2.8,0.2,9.8,5.5,94,88,209370.0,0.0,7513.0,0.55,,108.0,,0.05,-15.0,0.05,-5.71428571428572,24.999999999999993,300.00000000000006,-25.000000000000007,210.71428571428572,71.6572504708098,47.926267281106,46.51162790697673,9.589041095890414,-91.43730886850153,0.0,19.51219512195124,-1.7857142857142794,0.0,0.0,-2.536100326788258,-0.8446614755180151,0.0
s3-joint,pt0.05_dt-15_m0.05_seed115,3.3,0.4,0.1,0.3,9.3,117.0,21.2,13.7,4.0,3.2,0.3,7.8,6.1,94,88,220565.0,0.0,5822.0,0.55,,115.0,,0.05,-15.0,0.05,-5.71428571428572,0.0,0.0,-25.000000000000007,66.0714285714286,10.169491525423725,-2.3041474654377883,6.201550387596891,-45.20547945205479,-90.21406727828747,49.999999999999986,-4.8780487804877986,8.928571428571429,0.0,0.0,2.675287918144662,-23.16220139897057,0.0
s3-joint,pt0.05_dt-15_m0.05_seed122,3.3,0.4,0.1,0.3,0.2,141.2,35.5,16.7,8.3,22.4,0.2,9.1,7.3,94,88,221128.0,0.0,6683.0,0.55,,122.0,,0.05,-15.0,0.05,-5.71428571428572,0.0,0.0,-25.000000000000007,-96.42857142857143,32.956685499058366,63.594470046082954,29.457364341085263,13.698630136986315,-31.49847094801224,0.0,10.975609756097567,30.35714285714286,0.0,0.0,2.937370238993008,-11.798864986142272,0.0
s3-joint,pt0.05_dt-15_m0.05_seed129,3.3,0.4,0.1,0.2,0.1,121.2,25.2,32.9,7.4,23.9,0.2,9.6,6.4,94,88,220174.0,0.0,6484.0,0.55,,129.0,,0.05,-15.0,0.05,-5.71428571428572,0.0,0.0,-50.0,-98.21428571428572,14.124293785310735,16.129032258064516,155.03875968992247,1.3698630136986376,-26.911314984709488,0.0,17.073170731707325,14.285714285714299,0.0,0.0,2.493273375601672,-14.425234261581101,0.0
s3-joint,pt0.05_dt-15_m0.05_seed136,3.4,0.4,0.1,0.2,0.1,102.4,25.3,30.8,6.1,23.3,0.3,9.5,5.8,94,88,223726.0,0.0,6177.0,0.55,,136.0,,0.05,-15.0,0.05,-2.85714285714286,0.0,0.0,-50.0,-98.21428571428572,-3.5781544256120497,16.58986175115208,138.7596899224806,-16.438356164383563,-28.746177370030583,49.999999999999986,15.853658536585376,3.5714285714285747,0.0,0.0,4.146766099675074,-18.47696977695658,0.0
s3-joint,pt0.05_dt-15_m0.05_seed143,3.3,0.4,0.1,0.3,0.1,129.3,42.5,18.2,7.2,19.3,0.2,9.1,8.8,94,88,224019.0,0.0,6296.0,0.55,,143.0,,0.05,-15.0,0.05,-5.71428571428572,0.0,0.0,-25.000000000000007,-98.21428571428572,21.75141242937854,95.85253456221199,41.085271317829445,-1.3698630136986254,-40.97859327217125,0.0,10.975609756097567,57.14285714285716,0.0,0.0,4.28316062899757,-16.90642734591527,0.0
s3-joint,pt0.05_dt-15_m0.05_seed150,3.6,0.4,0.1,0.2,1.6,93.9,27.1,12.0,3.4,21.8,0.2,7.8,5.7,94,88,222285.0,0.0,6103.0,0.55,,150.0,,0.05,-15.0,0.05,2.85714285714286,0.0,0.0,-50.0,-71.42857142857143,-11.5819209039548,24.88479262672812,-6.976744186046514,-53.42465753424658,-33.333333333333336,0.0,-4.8780487804877986,1.7857142857142954,0.0,0.0,3.4759657011982235,-19.453609608024284,0.0
s3-joint,pt0.05_dt-15_m0.05_seed157,3.4,0.4,0.3,0.3,13.3,182.1,30.4,17.9,6.8,2.9,0.2,9.2,5.9,94,88,211240.0,0.0,7263.0,0.55,,157.0,,0.05,-15.0,0.05,-2.85714285714286,0.0,199.99999999999997,-25.000000000000007,137.50000000000003,71.4689265536723,40.09216589861751,38.759689922480604,-6.8493150684931505,-91.13149847094802,0.0,12.195121951219514,5.35714285714287,0.0,0.0,-1.665595992887002,-4.144120364260261,0.0
s3-joint,pt0.05_dt-15_m0.05_seed164,3.3,0.4,0.1,0.3,0.1,101.2,23.8,16.6,3.0,28.8,0.3,8.7,5.8,94,88,219797.0,0.0,6550.0,0.55,,164.0,,0.05,-15.0,0.05,-5.71428571428572,0.0,0.0,-25.000000000000007,-98.21428571428572,-4.708097928436912,9.677419354838717,28.682170542635667,-58.9041095890411,-11.92660550458716,49.999999999999986,6.097560975609757,3.5714285714285747,0.0,0.0,2.317775977804467,-13.554177114953148,0.0
s3-joint,pt0.05_dt-15_m0.05_seed171,3.6,0.4,0.1,0.3,0.1,99.4,26.4,52.1,10.1,21.6,0.2,11.1,5.8,94,88,220671.0,0.0,6567.0,0.55,,171.0,,0.05,-15.0,0.05,2.85714285714286,0.0,0.0,-25.000000000000007,-98.21428571428572,-6.403013182674197,21.658986175115206,303.8759689922481,38.35616438356164,-33.94495412844037,0.0,35.365853658536594,3.5714285714285747,0.0,0.0,2.7246320140770326,-13.329813910518675,0.0
s3-joint,pt0.05_dt-15_m0.05_seed178,3.2,0.7,0.5,0.2,18.8,166.4,32.6,18.6,9.3,2.2,0.2,8.8,6.5,94,88,208392.0,0.0,7567.0,0.55,,178.0,,0.05,-15.0,0.05,-8.571428571428566,74.99999999999997,400.0,-50.0,235.71428571428578,56.685499058380415,50.230414746543794,44.186046511627914,27.397260273972616,-93.27217125382263,0.0,7.3170731707317245,16.071428571428577,0.0,0.0,-2.991369438315225,-0.13197835554968984,0.0
s3-joint,pt0.05_dt-15_m0.05_seed185,3.3,0.4,0.1,0.3,0.1,102.3,36.3,42.8,6.8,17.9,0.2,10.4,6.1,94,88,223470.0,0.0,6284.0,0.55,,185.0,,0.05,-15.0,0.05,-5.71428571428572,0.0,0.0,-25.000000000000007,-98.21428571428572,-3.672316384180796,67.2811059907834,231.78294573643407,-6.8493150684931505,-45.2599388379205,0.0,26.82926829268294,8.928571428571429,0.0,0.0,4.027595452895008,-17.064801372574898,0.0
s3-joint,pt0.05_dt-15_m0.05_seed192,3.5,0.4,0.1,0.4,0.1,93.9,20.5,22.8,5.9,17.5,0.2,8.6,5.7,94,88,228390.0,0.0,5382.0,0.55,,192.0,,0.05,-15.0,0.05,0.0,0.0,0.0,0.0,-98.21428571428572,-11.5819209039548,-5.529953917050688,76.74418604651163,-19.178082191780817,-46.48318042813456,0.0,4.87804878048781,1.7857142857142954,0.0,0.0,6.317906320699383,-28.969249043156925,0.0
s3-joint,pt0.05_dt-15_m0.05_seed199,3.1,0.4,0.1,0.3,0.1,108.1,21.6,22.6,7.4,6.9,0.2,8.8,5.4,94,88,229291.0,0.0,5107.0,0.55,,199.0,,0.05,-15.0,0.05,-11.428571428571425,0.0,0.0,-25.000000000000007,-98.21428571428572,1.7890772128060184,-0.4608294930875478,75.19379844961242,1.3698630136986376,-78.89908256880734,0.0,7.3170731707317245,-3.5714285714285587,0.0,0.0,6.737331136124533,-32.59865382077339,0.0
s3-joint,pt0.05_dt-15_m0.05_seed206,3.3,0.4,0.1,0.3,0.6,141.4,27.4,33.2,8.4,27.4,0.3,10.2,5.5,94,88,217277.0,0.0,7065.0,0.55,,206.0,,0.05,-15.0,0.05,-5.71428571428572,0.0,0.0,-25.000000000000007,-89.28571428571429,33.14500941619586,26.26728110599078,157.36434108527135,15.068493150684938,-16.207951070336403,49.999999999999986,24.39024390243903,-1.7857142857142794,0.0,0.0,1.1446899235632022,-6.757291804144121,0.0
s3-joint,pt0.05_dt-15_m0.05_seed213,3.5,0.5,0.5,0.3,15.5,193.4,30.7,16.2,7.3,3.0,0.2,9.2,5.5,94,88,210192.0,0.0,7366.0,0.55,,213.0,,0.05,-15.0,0.05,0.0,24.999999999999993,400.0,-25.000000000000007,176.7857142857143,82.10922787193974,41.474654377880185,25.581395348837198,0.0,-90.82568807339449,0.0,12.195121951219514,-1.7857142857142794,0.0,0.0,-2.153450828142893,-2.7847433020984558,0.0
s3-joint,pt0.05_dt-15_m0.05_seed220,3.2,0.4,0.1,0.4,7.1,158.7,23.1,13.1,3.2,2.7,0.2,7.6,6.1,94,88,223052.0,0.0,5315.0,0.55,,220.0,,0.05,-15.0,0.05,-8.571428571428566,0.0,0.0,0.0,26.785714285714285,49.43502824858756,6.451612903225816,1.5503875968992191,-56.164383561643824,-91.74311926605505,0.0,-7.317073170731704,8.928571428571429,0.0,0.0,3.833012131199434,-29.853504025339845,0.0
s3-joint,pt0.05_dt-15_m0.05_seed227,3.2,0.4,0.1,0.3,0.1,86.3,15.9,44.3,5.0,8.4,0.2,9.4,5.2,94,88,233171.0,0.0,4557.0,0.55,,227.0,,0.05,-15.0,0.05,-8.571428571428566,0.0,0.0,-25.000000000000007,-98.21428571428572,-18.73822975517891,-26.728110599078335,243.4108527131783,-31.506849315068493,-74.3119266055046,0.0,14.634146341463428,-7.142857142857134,0.0,0.0,8.543511251384892,-39.857463376006336,0.0
s3-joint,pt0.05_dt-15_m0.05_seed234,3.4,0.4,0.1,0.2,0.1,129.3,20.2,40.6,4.8,20.7,0.2,9.9,5.1,94,88,220891.0,0.0,6226.0,0.55,,234.0,,0.05,-15.0,0.05,-2.85714285714286,0.0,0.0,-50.0,-98.21428571428572,21.75141242937854,-6.912442396313365,214.72868217054267,-34.24657534246575,-36.697247706422026,0.0,20.731707317073187,-8.928571428571429,0.0,0.0,2.827044288653651,-17.8302758347631,0.0
s3-joint,pt0.05_dt-15_m0.05_seed241,3.3,0.4,0.1,0.3,0.1,100.0,13.4,9.9,1.5,18.9,0.2,7.4,5.2,94,88,227713.0,0.0,4969.0,0.55,,241.0,,0.05,-15.0,0.05,-5.71428571428572,0.0,0.0,-25.000000000000007,-98.21428571428572,-5.8380414312617726,-38.248847926267274,-23.25581395348837,-79.45205479452055,-42.201834862385326,0.0,-9.756097560975597,-7.142857142857134,0.0,0.0,6.002755821206789,-34.41995512735912,0.0
s3-joint,pt0.05_dt-15_m0.05_seed248,3.5,0.4,0.1,0.2,0.1,69.3,7.7,6.4,1.2,13.8,0.3,6.7,5.1,94,88,236114.0,0.0,4111.0,0.55,,248.0,,0.05,-15.0,0.05,0.0,0.0,0.0,-50.0,-98.21428571428572,-34.74576271186441,-64.51612903225806,-50.3875968992248,-83.56164383561644,-57.798165137614674,49.999999999999986,-18.292682926829258,-8.928571428571429,0.0,0.0,9.913508179016656,-45.7436980335225,0.0
s3-joint,pt0.05_dt-15_m0.05_seed255,3.2,0.4,0.1,0.3,0.1,91.1,18.1,15.1,3.6,20.4,0.2,7.8,5.2,94,88,224794.0,0.0,5375.0,0.55,,255.0,,0.05,-15.0,0.05,-8.571428571428566,0.0,0.0,-25.000000000000007,-98.21428571428572,-14.21845574387948,-16.589861751152064,17.054263565891468,-50.68493150684932,-37.61467889908258,0.0,-4.8780487804877986,-7.142857142857134,0.0,0.0,4.643931141710658,-29.061633892041705,0.0
s3-joint,pt0.05_dt-15_m0.05_seed262,3.0,0.4,0.1,0.2,2.4,102.9,16.6,8.5,1.8,19.5,0.2,7.1,5.1,94,88,224528.0,0.0,5415.0,0.55,,262.0,,0.05,-15.0,0.05,-14.285714285714285,0.0,0.0,-50.0,-57.14285714285714,-3.107344632768359,-23.502304147465427,-34.10852713178294,-75.34246575342466,-40.36697247706423,0.0,-13.414634146341461,-8.928571428571429,0.0,0.0,4.5201053915407465,-28.533720469842944,0.0
s3-joint,pt0.05_dt-15_m0.0_seed101,3.6,0.4,0.1,0.3,1.9,124.4,32.8,17.8,6.9,30.3,0.2,9.2,5.8,94,88,216146.0,0.0,7706.0,0.55,,101.0,,0.05,-15.0,0.0,2.85714285714286,0.0,0.0,-25.000000000000007,-66.07142857142857,17.13747645951036,51.15207373271888,37.98449612403101,-5.479452054794513,-7.339449541284409,0.0,12.195121951219514,3.5714285714285747,0.0,0.0,0.6181977301715871,1.702520786590999,0.0
s3-joint,pt0.05_dt-15_m0.0_seed108,3.3,0.4,0.1,0.3,2.0,127.6,30.3,17.6,11.5,34.2,0.2,9.2,5.4,94,88,214939.0,0.0,7741.0,0.55,,108.0,,0.05,-15.0,0.0,-5.71428571428572,0.0,0.0,-25.000000000000007,-64.28571428571428,20.150659133709972,39.63133640552996,36.43410852713179,57.53424657534247,4.587155963302751,0.0,12.195121951219514,-3.5714285714285587,0.0,0.0,0.05632675101714009,2.1644450310149135,0.0
s3-joint,pt0.05_dt-15_m0.0_seed115,4.1,1.6,1.0,0.2,22.9,161.4,26.4,16.0,7.4,2.5,0.2,8.5,5.8,94,88,209200.0,0.0,7847.0,0.55,,115.0,,0.05,-15.0,0.0,17.14285714285713,300.00000000000006,900.0,-50.0,308.9285714285714,51.9774011299435,21.658986175115206,24.03100775193798,1.3698630136986376,-92.35474006116208,0.0,3.6585365853658622,3.5714285714285747,0.0,0.0,-2.6152370844156447,3.563415599841626,0.0
s3-joint,pt0.05_dt-15_m0.0_seed122,3.4,0.4,0.1,0.4,7.2,128.7,27.4,27.9,8.6,34.6,0.3,9.9,6.0,94,88,212074.0,0.0,8852.0,0.55,,122.0,,0.05,-15.0,0.0,-2.85714285714286,0.0,0.0,0.0,28.57142857142858,21.186440677966086,26.26728110599078,116.27906976744184,17.80821917808219,5.810397553516815,49.999999999999986,20.731707317073187,7.1428571428571495,0.0,0.0,-1.2773603701738216,16.827240332585454,0.0
s3-joint,pt0.05_dt-15_m0.0_seed129,4.5,2.4,1.3,0.3,22.8,243.5,47.6,26.0,12.7,4.4,0.5,16.0,7.0,94,88,194691.0,0.0,10944.0,0.55,,129.0,,0.05,-15.0,0.0,28.57142857142857,500.0,1199.9999999999998,-25.000000000000007,307.1428571428572,129.2843691148776,119.35483870967742,101.55038759689923,73.97260273972603,-86.54434250764527,149.99999999999997,95.12195121951221,25.000000000000007,0.0,0.0,-9.369326592743626,44.43711231358057,0.0
s3-joint,pt0.05_dt-15_m0.0_seed136,3.5,0.4,0.1,0.3,0.4,123.1,22.9,40.0,8.3,25.1,0.2,10.2,5.3,94,88,219830.0,0.0,6863.0,0.55,,136.0,,0.05,-15.0,0.0,0.0,0.0,0.0,-25.000000000000007,-92.85714285714285,15.913370998116752,5.529953917050688,210.07751937984497,13.698630136986315,-23.24159021406728,0.0,24.39024390243903,-5.357142857142854,0.0,0.0,2.3331378189909597,-9.423254586247856,0.0
s3-joint,pt0.05_dt-15_m0.0_seed143,3.2,0.5,0.6,0.2,17.3,174.7,39.8,21.4,11.3,3.1,0.3,9.8,6.3,94,88,207871.0,0.0,8483.0,0.55,,143.0,,0.05,-15.0,0.0,-8.571428571428566,24.999999999999993,500.0,-50.0,208.92857142857144,64.50094161958567,83.41013824884791,65.89147286821704,54.79452054794521,-90.51987767584097,49.999999999999986,19.51219512195124,12.500000000000004,0.0,0.0,-3.2339003249262164,11.9572390128019,0.0
s3-joint,pt0.05_dt-15_m0.0_seed150,3.3,0.4,0.1,0.2,6.5,108.4,21.4,12.9,4.3,19.4,0.2,7.7,6.1,94,88,220106.0,0.0,6780.0,0.55,,150.0,,0.05,-15.0,0.0,-5.71428571428572,0.0,0.0,-50.0,16.071428571428577,2.0715630885122436,-1.3824884792626762,0.0,-41.09589041095891,-40.672782874617745,0.0,-6.0975609756097455,8.928571428571429,0.0,0.0,2.4616186725507174,-10.518674937310282,0.0
s3-joint,pt0.05_dt-15_m0.0_seed157,3.3,0.4,0.1,0.4,5.6,124.8,31.6,54.5,12.3,32.2,0.2,12.1,6.5,94,88,212669.0,0.0,8408.0,0.55,,157.0,,0.05,-15.0,0.0,-5.71428571428572,0.0,0.0,0.0,0.0,17.514124293785304,45.62211981566821,322.48062015503876,68.49315068493152,-1.5290519877675839,0.0,47.560975609756106,16.071428571428577,0.0,0.0,-1.0003817184779673,10.967401346179226,0.0
s3-joint,pt0.05_dt-15_m0.0_seed164,3.6,0.4,0.1,0.3,2.1,93.2,24.0,19.9,7.8,29.4,0.2,9.0,6.1,94,88,218857.0,0.0,7248.0,0.55,,164.0,,0.05,-15.0,0.0,2.85714285714286,0.0,0.0,-25.000000000000007,-62.5,-12.24105461393597,10.59907834101383,54.26356589147285,6.8493150684931505,-10.091743119266066,0.0,9.75609756097562,8.928571428571429,0.0,0.0,1.8801962591589159,-4.342087897584796,0.0
s3-joint,pt0.05_dt-15_m0.0_seed171,3.6,0.4,0.1,0.3,1.6,154.2,32.1,39.5,11.7,34.0,0.2,11.2,5.9,94,88,215296.0,0.0,8313.0,0.55,,171.0,,0.05,-15.0,0.0,2.85714285714286,0.0,0.0,-25.000000000000007,-71.42857142857143,45.19774011299433,47.926267281106,206.2015503875969,60.273972602739725,3.9755351681957096,0.0,36.585365853658544,5.35714285714287,0.0,0.0,0.22251394203465258,9.713606968457173,0.0
s3-joint,pt0.05_dt-15_m0.0_seed178,6.8,3.0,1.1,0.4,29.7,222.6,46.9,22.4,15.4,4.1,1.0,13.1,7.0,94,88,196702.0,0.0,10367.0,0.55,,178.0,,0.05,-15.0,0.0,94.28571428571428,650.0,1000.0,0.0,430.3571428571429,109.6045197740113,116.12903225806453,73.64341085271316,110.95890410958906,-87.46177370030581,400.0,59.75609756097562,25.000000000000007,0.0,0.0,-8.433185301045535,36.82196119836347,0.0
s3-joint,pt0.05_dt-15_m0.0_seed185,3.3,0.4,0.1,0.3,4.1,113.8,27.9,19.5,7.3,31.5,0.2,9.2,5.6,94,88,215399.0,0.0,7721.0,0.55,,185.0,,0.05,-15.0,0.0,-5.71428571428572,0.0,0.0,-25.000000000000007,-26.785714285714285,7.156308851224099,28.57142857142857,51.16279069767441,0.0,-3.6697247706422105,0.0,12.195121951219514,0.0,0.0,0.0,0.2704615069500693,1.9004883199155338,0.0
s3-joint,pt0.05_dt-15_m0.0_seed192,3.8,0.4,0.1,0.3,5.5,161.3,29.4,34.2,11.9,30.9,0.3,10.7,5.5,94,88,212035.0,0.0,8217.0,0.55,,192.0,,0.05,-15.0,0.0,8.571428571428566,0.0,0.0,-25.000000000000007,-1.7857142857142794,51.883239171374775,35.48387096774193,165.11627906976747,63.01369863013699,-5.504587155963316,49.999999999999986,30.487804878048784,-1.7857142857142794,0.0,0.0,-1.2955152733942221,8.44661475518015,0.0
s3-joint,pt0.05_dt-15_m0.0_seed199,3.5,0.4,0.1,0.3,1.0,135.2,38.2,46.2,11.0,23.9,0.2,11.2,6.6,94,88,219422.0,0.0,7395.0,0.55,,199.0,,0.05,-15.0,0.0,0.0,0.0,0.0,-25.000000000000007,-82.14285714285714,27.306967984934072,76.03686635944702,258.13953488372096,50.68493150684932,-26.911314984709488,0.0,36.585365853658544,17.857142857142858,0.0,0.0,2.143209600685231,-2.4020060710043554,0.0
s3-joint,pt0.05_dt-15_m0.0_seed206,3.5,0.4,0.1,0.2,1.5,111.4,24.1,15.5,7.7,27.7,0.2,8.4,5.4,94,88,220565.0,0.0,6938.0,0.55,,206.0,,0.05,-15.0,0.0,0.0,0.0,0.0,-50.0,-73.21428571428571,4.89642184557439,11.059907834101393,20.15503875968992,5.479452054794526,-15.290519877675852,0.0,2.4390243902439157,-3.5714285714285587,0.0,0.0,2.675287918144662,-8.433416919625182,0.0
s3-joint,pt0.05_dt-15_m0.0_seed213,3.5,0.4,0.1,0.3,5.2,118.1,29.1,21.8,7.7,31.6,0.2,9.3,5.8,94,88,214673.0,0.0,8102.0,0.55,,213.0,,0.05,-15.0,0.0,0.0,0.0,0.0,-25.000000000000007,-7.142857142857134,11.20527306967984,34.101382488479274,68.9922480620155,5.479452054794526,-3.363914373088689,0.0,13.41463414634148,3.5714285714285747,0.0,0.0,-0.06749899915277117,6.928863666358717,0.0
s3-joint,pt0.05_dt-15_m0.0_seed220,9.0,4.0,1.3,0.3,32.8,223.4,40.9,26.2,11.5,3.4,1.2,13.9,6.9,94,88,194925.0,0.0,10672.0,0.55,,220.0,,0.05,-15.0,0.0,157.14285714285714,900.0,1199.9999999999998,-25.000000000000007,485.71428571428567,110.3578154425612,88.47926267281106,103.10077519379843,57.53424657534247,-89.60244648318043,500.0,69.51219512195124,23.21428571428573,0.0,0.0,-9.260397173421222,40.847301042629006,0.0
s3-joint,pt0.05_dt-15_m0.0_seed227,3.4,0.7,0.6,0.4,23.7,155.1,31.4,22.0,10.7,5.5,0.2,9.5,6.1,94,88,210451.0,0.0,8441.0,0.55,,227.0,,0.05,-15.0,0.0,-2.85714285714286,74.99999999999997,500.0,0.0,323.2142857142858,46.04519774011299,44.70046082949309,70.54263565891472,46.575342465753415,-83.18042813455658,0.0,15.853658536585376,8.928571428571429,0.0,0.0,-2.0328836503458745,11.402929919493204,0.0
s3-joint,pt0.05_dt-15_m0.0_seed234,3.4,0.4,0.1,0.4,4.4,145.1,45.7,19.3,12.2,34.8,0.2,9.8,8.6,94,88,212915.0,0.0,8492.0,0.55,,234.0,,0.05,-15.0,0.0,-2.85714285714286,0.0,0.0,0.0,-21.428571428571416,36.62900188323916,110.59907834101384,49.6124031007752,67.12328767123287,6.422018348623835,0.0,19.51219512195124,53.57142857142857,0.0,0.0,-0.8858661750877487,12.076019532796622,0.0
s3-joint,pt0.05_dt-15_m0.0_seed241,3.3,0.4,0.1,0.3,10.9,139.5,42.4,23.9,15.4,23.8,0.2,11.1,6.8,94,88,213523.0,0.0,8478.0,0.55,,241.0,,0.05,-15.0,0.0,-5.71428571428572,0.0,0.0,-25.000000000000007,94.64285714285717,31.355932203389823,95.39170506912443,85.27131782945735,110.95890410958906,-27.217125382263003,0.0,35.365853658536594,21.428571428571434,0.0,0.0,-0.6028358889850944,11.891249835027056,0.0
s3-joint,pt0.05_dt-15_m0.0_seed248,3.3,0.4,0.1,0.3,2.1,133.2,50.2,34.4,12.3,18.9,0.2,11.9,7.6,94,88,215846.0,0.0,7996.0,0.55,,248.0,,0.05,-15.0,0.0,-5.71428571428572,0.0,0.0,-25.000000000000007,-62.5,25.42372881355931,131.33640552995394,166.66666666666666,68.49315068493152,-42.201834862385326,0.0,45.12195121951221,35.714285714285715,0.0,0.0,0.47854462847619844,5.529893097532005,0.0
s3-joint,pt0.05_dt-15_m0.0_seed255,3.4,0.4,0.1,0.3,5.4,105.7,23.7,20.5,7.7,31.7,0.2,9.1,6.0,94,88,214974.0,0.0,7553.0,0.55,,255.0,,0.05,-15.0,0.0,-2.85714285714286,0.0,0.0,-25.000000000000007,-3.5714285714285587,-0.4708097928436911,9.216589861751153,58.914728682170534,5.479452054794526,-3.058103975535179,0.0,10.975609756097567,7.1428571428571495,0.0,0.0,0.0726196128816021,-0.31674805331925565,0.0
s3-joint,pt0.05_dt-15_m0.0_seed262,3.4,0.4,0.1,0.3,0.2,110.7,22.0,19.3,6.9,25.2,0.2,8.4,5.5,94,88,222452.0,0.0,6564.0,0.55,,262.0,,0.05,-15.0,0.0,-2.85714285714286,0.0,0.0,-25.000000000000007,-96.42857142857143,4.23728813559322,1.3824884792626762,49.6124031007752,-5.479452054794513,-22.935779816513772,0.0,2.4390243902439157,-1.7857142857142794,0.0,0.0,3.5537059278086565,-13.369407417183583,0.0
s3-joint,pt0.05_dt-15_m0.15_seed101,3.2,0.4,0.1,0.3,0.1,59.3,12.3,15.1,1.0,12.0,0.2,7.4,5.1,94,88,234201.0,0.0,3218.0,0.55,,101.0,,0.05,-15.0,0.15,-8.571428571428566,0.0,0.0,-25.000000000000007,-98.21428571428572,-44.161958568738235,-43.31797235023041,17.054263565891468,-86.3013698630137,-63.30275229357798,0.0,-9.756097560975597,-8.928571428571429,0.0,0.0,9.022986900539061,-57.52936518410981,0.0
s3-joint,pt0.05_dt-15_m0.15_seed108,3.0,0.4,0.1,0.2,0.1,55.4,6.2,7.0,1.0,3.5,0.2,6.5,5.0,94,88,243050.0,0.0,2155.0,0.55,,108.0,,0.05,-15.0,0.15,-14.285714285714285,0.0,0.0,-50.0,-98.21428571428572,-47.834274952919024,-71.42857142857143,-45.736434108527135,-86.3013698630137,-89.29663608562691,0.0,-20.731707317073162,-10.714285714285708,0.0,0.0,13.14228789021404,-71.55866437904183,0.0
s3-joint,pt0.05_dt-15_m0.15_seed115,3.0,0.4,0.2,0.2,13.5,174.3,36.7,20.0,7.5,2.3,0.2,9.7,6.0,94,88,206600.0,0.0,6885.0,0.55,,115.0,,0.05,-15.0,0.15,-14.285714285714285,0.0,100.0,-50.0,141.07142857142858,64.12429378531074,69.12442396313367,55.03875968992248,2.739726027397263,-92.96636085626912,0.0,18.292682926829272,7.1428571428571495,0.0,0.0,-3.82556396577568,-9.132902204038537,0.0
s3-joint,pt0.05_dt-15_m0.15_seed122,3.0,0.4,0.1,0.3,1.5,104.0,13.5,8.2,1.2,2.3,0.2,6.9,5.1,94,88,229021.0,0.0,3078.0,0.55,,122.0,,0.05,-15.0,0.15,-14.285714285714285,0.0,0.0,-25.000000000000007,-73.21428571428571,-2.0715630885122436,-37.78801843317972,-36.43410852713179,-83.56164383561644,-92.96636085626912,0.0,-15.853658536585355,-8.928571428571429,0.0,0.0,6.611643344598683,-59.37706216180546,0.0
s3-joint,pt0.05_dt-15_m0.15_seed129,3.1,0.4,0.1,0.3,0.1,58.3,6.6,12.8,1.3,4.8,0.2,6.8,5.3,94,88,243076.0,0.0,2173.0,0.55,,129.0,,0.05,-15.0,0.15,-11.428571428571425,0.0,0.0,-25.000000000000007,-98.21428571428572,-45.10357815442562,-69.5852534562212,-0.7751937984496096,-82.19178082191782,-85.3211009174312,0.0,-17.073170731707314,-5.357142857142854,0.0,0.0,13.154391159027643,-71.3211033390524,0.0
s3-joint,pt0.05_dt-15_m0.15_seed136,2.9,0.4,0.1,0.2,0.1,87.8,16.9,19.6,2.6,20.8,0.2,8.6,5.4,94,88,222388.0,0.0,4857.0,0.55,,136.0,,0.05,-15.0,0.15,-17.142857142857146,0.0,0.0,-50.0,-98.21428571428572,-17.32580037664784,-22.11981566820277,51.93798449612403,-64.3835616438356,-36.391437308868504,0.0,4.87804878048781,-3.5714285714285587,0.0,0.0,3.5239132661136403,-35.89811270951564,0.0
s3-joint,pt0.05_dt-15_m0.15_seed143,2.7,0.4,0.1,0.3,0.1,71.7,16.3,11.7,1.0,8.5,0.2,7.4,5.1,94,88,234467.0,0.0,3553.0,0.55,,143.0,,0.05,-15.0,0.15,-22.85714285714285,0.0,0.0,-25.000000000000007,-98.21428571428572,-32.48587570621469,-24.884792626728107,-9.302325581395356,-86.3013698630137,-74.00611620795108,0.0,-9.756097560975597,-8.928571428571429,0.0,0.0,9.146812650708974,-53.108090273195195,0.0
s3-joint,pt0.05_dt-15_m0.15_seed150,3.0,0.4,0.1,0.3,0.1,73.5,6.9,8.9,1.0,5.8,0.2,6.7,5.4,94,88,240921.0,0.0,2463.0,0.55,,150.0,,0.05,-15.0,0.15,-14.285714285714285,0.0,0.0,-25.000000000000007,-98.21428571428572,-30.7909604519774,-68.20276497695852,-31.007751937984494,-86.3013698630137,-82.26299694189603,0.0,-18.292682926829258,-3.5714285714285587,0.0,0.0,12.151216378515766,-67.4937310281114,0.0
s3-joint,pt0.05_dt-15_m0.15_seed157,3.0,0.4,0.1,0.3,0.1,65.6,20.9,20.1,1.1,3.2,0.2,7.9,6.3,94,88,237505.0,0.0,2900.0,0.55,,157.0,,0.05,-15.0,0.15,-14.285714285714285,0.0,0.0,-25.000000000000007,-98.21428571428572,-38.22975517890772,-3.6866359447004644,55.81395348837211,-84.93150684931507,-90.21406727828747,0.0,-3.658536585365841,12.500000000000004,0.0,0.0,10.561033060544275,-61.72627689058995,0.0
s3-joint,pt0.05_dt-15_m0.15_seed164,3.2,0.4,0.1,0.3,0.1,69.6,15.9,9.7,1.3,8.4,0.2,7.3,5.4,94,88,237769.0,0.0,3398.0,0.55,,164.0,,0.05,-15.0,0.15,-8.571428571428566,0.0,0.0,-25.000000000000007,-98.21428571428572,-34.463276836158194,-26.728110599078335,-24.806201550387605,-82.19178082191782,-74.3119266055046,0.0,-10.975609756097555,-3.5714285714285587,0.0,0.0,10.683927790036217,-55.153754784215394,0.0
s3-joint,pt0.05_dt-15_m0.15_seed171,3.2,0.4,0.1,0.3,0.1,40.5,5.2,7.4,1.5,4.7,0.2,6.4,5.1,94,88,242581.0,0.0,1996.0,0.55,,171.0,,0.05,-15.0,0.15,-8.571428571428566,0.0,0.0,-25.000000000000007,-98.21428571428572,-61.86440677966102,-76.036866359447,-42.63565891472868,-79.45205479452055,-85.62691131498471,0.0,-21.95121951219511,-8.928571428571429,0.0,0.0,12.923963541230252,-73.6571202322819,0.0
s3-joint,pt0.05_dt-15_m0.15_seed178,3.1,0.4,0.1,0.3,0.1,44.4,2.2,2.1,1.3,10.4,0.2,5.7,4.9,94,88,240418.0,0.0,2612.0,0.55,,178.0,,0.05,-15.0,0.15,-11.428571428571425,0.0,0.0,-25.000000000000007,-98.21428571428572,-58.192090395480236,-89.86175115207374,-83.72093023255815,-82.19178082191782,-68.19571865443426,0.0,-30.487804878048774,-12.499999999999988,0.0,0.0,11.917064678006499,-65.52725353042102,0.0
s3-joint,pt0.05_dt-15_m0.15_seed185,3.3,0.4,0.1,0.3,0.1,46.2,14.0,19.4,1.0,7.8,0.2,7.7,5.2,94,88,239734.0,0.0,2624.0,0.55,,185.0,,0.05,-15.0,0.15,-5.71428571428572,0.0,0.0,-25.000000000000007,-98.21428571428572,-56.49717514124294,-35.48387096774193,50.387596899224796,-86.3013698630137,-76.14678899082568,0.0,-6.0975609756097455,-7.142857142857134,0.0,0.0,11.598655606141012,-65.36887950376138,0.0
s3-joint,pt0.05_dt-15_m0.15_seed192,2.9,0.4,0.1,0.2,0.1,95.0,21.5,11.9,2.8,19.8,0.2,7.7,5.2,94,88,223435.0,0.0,4739.0,0.55,,192.0,,0.05,-15.0,0.15,-17.142857142857146,0.0,0.0,-50.0,-98.21428571428572,-10.546139359698683,-0.9216589861751119,-7.751937984496124,-61.64383561643836,-39.44954128440367,0.0,-6.0975609756097455,-7.142857142857134,0.0,0.0,4.011302591030547,-37.455457305001985,0.0
s3-joint,pt0.05_dt-15_m0.15_seed199,2.8,0.4,0.1,0.2,0.1,43.2,5.9,13.4,1.2,4.7,0.2,6.9,5.2,94,88,243787.0,0.0,2088.0,0.55,,199.0,,0.05,-15.0,0.15,-20.000000000000004,0.0,0.0,-50.0,-98.21428571428572,-59.32203389830508,-72.81105990783409,3.875968992248062,-83.56164383561644,-85.62691131498471,0.0,-15.853658536585355,-7.142857142857134,0.0,0.0,13.485369010045714,-72.44291936122475,0.0
s3-joint,pt0.05_dt-15_m0.15_seed206,3.0,0.4,0.1,0.3,0.1,73.9,12.3,9.6,1.3,4.1,0.2,6.9,5.1,94,88,236386.0,0.0,2900.0,0.55,,206.0,,0.05,-15.0,0.15,-14.285714285714285,0.0,0.0,-25.000000000000007,-98.21428571428572,-30.414312617702443,-43.31797235023041,-25.581395348837216,-82.19178082191782,-87.46177370030581,0.0,-15.853658536585355,-8.928571428571429,0.0,0.0,10.040126991220474,-61.72627689058995,0.0
s3-joint,pt0.05_dt-15_m0.15_seed213,2.9,0.3,0.1,0.2,11.4,162.4,27.4,11.9,5.9,2.7,0.2,8.5,5.4,94,88,211447.0,0.0,6210.0,0.55,,213.0,,0.05,-15.0,0.15,-17.142857142857146,-25.000000000000007,0.0,-50.0,103.57142857142858,52.91902071563088,26.26728110599078,-7.751937984496124,-19.178082191780817,-91.74311926605505,0.0,3.6585365853658622,-3.5714285714285587,0.0,0.0,-1.569235352717184,-18.041441203642602,0.0
s3-joint,pt0.05_dt-15_m0.15_seed220,2.6,0.4,0.1,0.3,3.5,104.2,14.5,10.5,1.5,5.2,0.2,7.1,5.0,94,88,226238.0,0.0,3898.0,0.55,,220.0,,0.05,-15.0,0.15,-25.71428571428571,0.0,0.0,-25.000000000000007,-37.49999999999999,-1.8832391713747645,-33.17972350230414,-18.6046511627907,-79.45205479452055,-84.09785932721712,0.0,-13.414634146341461,-10.714285714285708,0.0,0.0,5.316128071204462,-48.55483700673089,0.0
s3-joint,pt0.05_dt-15_m0.15_seed227,3.2,0.4,0.1,0.3,0.1,48.1,4.8,3.5,1.3,2.8,0.2,6.0,5.0,94,88,246822.0,0.0,1940.0,0.55,,227.0,,0.05,-15.0,0.15,-8.571428571428566,0.0,0.0,-25.000000000000007,-98.21428571428572,-54.70809792843691,-77.88018433179722,-72.86821705426357,-82.19178082191782,-91.43730886850153,0.0,-26.829268292682922,-10.714285714285708,0.0,0.0,14.898192888864061,-74.39619902336017,0.0
s3-joint,pt0.05_dt-15_m0.15_seed234,3.3,0.4,0.1,0.2,0.1,50.2,4.0,2.0,1.1,14.4,0.2,5.8,5.0,94,88,238327.0,0.0,2741.0,0.55,,234.0,,0.05,-15.0,0.15,-5.71428571428572,0.0,0.0,-50.0,-98.21428571428572,-52.730696798493405,-81.5668202764977,-84.49612403100775,-84.93150684931507,-55.963302752293586,0.0,-29.268292682926827,-10.714285714285708,0.0,0.0,10.94368255918964,-63.82473274383001,0.0
s3-joint,pt0.05_dt-15_m0.15_seed241,2.7,0.4,0.1,0.3,0.1,56.9,5.5,4.9,1.1,3.8,0.2,6.2,5.0,94,88,242169.0,0.0,2403.0,0.55,,241.0,,0.05,-15.0,0.15,-22.85714285714285,0.0,0.0,-25.000000000000007,-98.21428571428572,-46.42184557438795,-74.65437788018433,-62.01550387596899,-84.93150684931507,-88.37920489296636,0.0,-24.390243902439014,-10.714285714285708,0.0,0.0,12.732173281568585,-68.28560116140953,0.0
s3-joint,pt0.05_dt-15_m0.15_seed248,3.2,0.4,0.1,0.3,0.1,43.7,0.5,2.2,1.1,2.8,0.3,5.3,4.9,94,88,250977.0,0.0,1305.0,0.55,,248.0,,0.05,-15.0,0.15,-8.571428571428566,0.0,0.0,-25.000000000000007,-98.21428571428572,-58.8512241054614,-97.6958525345622,-82.94573643410853,-84.93150684931507,-91.43730886850153,49.999999999999986,-35.36585365853659,-12.499999999999988,0.0,0.0,16.832388347345194,-82.77682460076548,0.0
s3-joint,pt0.05_dt-15_m0.15_seed255,2.9,0.4,0.1,0.3,0.1,70.0,7.9,15.2,1.3,3.2,0.2,6.9,5.0,94,88,242695.0,0.0,2066.0,0.55,,255.0,,0.05,-15.0,0.15,-17.142857142857146,0.0,0.0,-25.000000000000007,-98.21428571428572,-34.08662900188324,-63.594470046082954,17.829457364341074,-82.19178082191782,-90.21406727828747,0.0,-15.853658536585355,-10.714285714285708,0.0,0.0,12.9770317198745,-72.73327174343407,0.0
s3-joint,pt0.05_dt-15_m0.15_seed262,3.2,0.4,0.1,0.3,0.1,54.5,5.3,4.2,1.1,3.0,0.2,6.1,5.0,94,88,244255.0,0.0,2072.0,0.55,,262.0,,0.05,-15.0,0.15,-8.571428571428566,0.0,0.0,-25.000000000000007,-98.21428571428572,-48.68173258003767,-75.57603686635944,-67.44186046511628,-84.93150684931507,-90.82568807339449,0.0,-25.609756097560975,-10.714285714285708,0.0,0.0,13.703227848690519,-72.65408473010426,0.0
s3-joint,pt0.05_dt-15_m0.1_seed101,3.2,0.4,0.1,0.3,0.1,83.2,14.1,8.7,1.1,15.5,0.2,7.1,5.0,94,88,233625.0,0.0,4303.0,0.55,,101.0,,0.05,-15.0,0.1,-8.571428571428566,0.0,0.0,-25.000000000000007,-98.21428571428572,-21.657250470809792,-35.02304147465438,-32.55813953488373,-84.93150684931507,-52.59938837920489,0.0,-13.414634146341461,-10.714285714285708,0.0,0.0,8.754852945283915,-43.20971360696846,0.0
s3-joint,pt0.05_dt-15_m0.1_seed108,3.1,0.4,0.1,0.2,5.1,93.9,20.2,14.3,2.0,7.8,0.2,7.9,5.5,94,88,227007.0,0.0,4837.0,0.55,,108.0,,0.05,-15.0,0.1,-11.428571428571425,0.0,0.0,-50.0,-8.928571428571429,-11.5819209039548,-6.912442396313365,10.852713178294577,-72.6027397260274,-76.14678899082568,0.0,-3.658536585365841,-1.7857142857142794,0.0,0.0,5.674105521883641,-36.16206942061502,0.0
s3-joint,pt0.05_dt-15_m0.1_seed115,3.1,0.4,0.1,0.3,0.1,77.0,10.9,22.2,1.2,3.0,0.2,7.5,5.3,94,88,239576.0,0.0,3096.0,0.55,,115.0,,0.05,-15.0,0.1,-11.428571428571425,0.0,0.0,-25.000000000000007,-98.21428571428572,-27.495291902071568,-49.76958525345621,72.09302325581395,-83.56164383561644,-90.82568807339449,0.0,-8.53658536585365,-5.357142857142854,0.0,0.0,11.525104972581442,-59.13950112181602,0.0
s3-joint,pt0.05_dt-15_m0.1_seed122,3.1,0.4,0.1,0.3,0.3,72.9,7.7,5.3,1.4,2.9,0.2,6.1,5.0,94,88,239967.0,0.0,2167.0,0.55,,122.0,,0.05,-15.0,0.1,-11.428571428571425,0.0,0.0,-25.000000000000007,-94.64285714285715,-31.355932203389823,-64.51612903225806,-58.91472868217055,-80.82191780821918,-91.13149847094802,0.0,-25.609756097560975,-10.714285714285708,0.0,0.0,11.70711951512443,-71.40029035238221,0.0
s3-joint,pt0.05_dt-15_m0.1_seed129,2.9,0.4,0.1,0.3,0.1,99.2,17.5,10.6,1.5,23.0,0.2,7.4,6.0,94,88,223634.0,0.0,5219.0,0.55,,129.0,,0.05,-15.0,0.1,-17.142857142857146,0.0,0.0,-25.000000000000007,-98.21428571428572,-6.591337099811676,-19.354838709677416,-17.82945736434109,-79.45205479452055,-29.663608562691135,0.0,-9.756097560975597,7.1428571428571495,0.0,0.0,4.103939148488488,-31.12049623861687,0.0
s3-joint,pt0.05_dt-15_m0.1_seed136,3.1,0.4,0.1,0.3,0.1,103.5,16.4,10.8,2.2,20.5,0.2,7.4,5.2,94,88,226528.0,0.0,4951.0,0.55,,136.0,,0.05,-15.0,0.1,-11.428571428571425,0.0,0.0,-25.000000000000007,-98.21428571428572,-2.5423728813559348,-24.42396313364056,-16.279069767441857,-69.86301369863014,-37.308868501529055,0.0,-9.756097560975597,-7.142857142857134,0.0,0.0,5.4511260695100034,-34.657516167348554,0.0
s3-joint,pt0.05_dt-15_m0.1_seed143,3.1,0.4,0.1,0.3,0.1,76.0,13.2,8.3,1.4,19.9,0.2,6.8,6.2,94,88,224634.0,0.0,5133.0,0.55,,143.0,,0.05,-15.0,0.1,-11.428571428571425,0.0,0.0,-25.000000000000007,-98.21428571428572,-28.436911487758948,-39.1705069124424,-35.65891472868217,-80.82191780821918,-39.143730886850165,0.0,-17.073170731707314,10.714285714285724,0.0,0.0,4.569449487473117,-32.255510096344196,0.0
s3-joint,pt0.05_dt-15_m0.1_seed150,3.4,0.4,0.1,0.3,0.1,87.1,12.0,8.4,1.2,19.3,0.2,7.1,5.1,94,88,231826.0,0.0,4595.0,0.55,,150.0,,0.05,-15.0,0.1,-2.85714285714286,0.0,0.0,-25.000000000000007,-98.21428571428572,-17.98493408662901,-44.70046082949309,-34.883720930232556,-83.56164383561644,-40.97859327217125,0.0,-13.414634146341461,-8.928571428571429,0.0,0.0,7.917399845450568,-39.35594562491752,0.0
s3-joint,pt0.05_dt-15_m0.1_seed157,3.3,0.4,0.1,0.3,0.1,76.4,21.5,14.9,1.8,4.6,0.2,7.7,6.3,94,88,235141.0,0.0,3536.0,0.55,,157.0,,0.05,-15.0,0.1,-5.71428571428572,0.0,0.0,-25.000000000000007,-98.21428571428572,-28.06026365348399,-0.9216589861751119,15.503875968992247,-75.34246575342466,-85.93272171253822,0.0,-6.0975609756097455,12.500000000000004,0.0,0.0,9.460566619184613,-53.33245347762967,0.0
s3-joint,pt0.05_dt-15_m0.1_seed164,3.1,0.4,0.3,0.3,14.5,161.2,29.7,14.6,7.9,2.2,0.2,8.4,5.9,94,88,210398.0,0.0,6573.0,0.55,,164.0,,0.05,-15.0,0.1,-11.428571428571425,0.0,199.99999999999997,-25.000000000000007,158.92857142857144,51.78907721280601,36.86635944700461,13.178294573643404,8.219178082191789,-93.27217125382263,0.0,2.4390243902439157,5.35714285714287,0.0,0.0,-2.0575556983120595,-13.25062689718886,0.0
s3-joint,pt0.05_dt-15_m0.1_seed171,3.3,0.4,0.1,0.2,0.1,99.4,16.4,10.5,1.2,20.3,0.3,7.7,5.6,94,88,225193.0,0.0,5166.0,0.55,,171.0,,0.05,-15.0,0.1,-5.71428571428572,0.0,0.0,-50.0,-98.21428571428572,-6.403013182674197,-24.42396313364056,-18.6046511627907,-83.56164383561644,-37.92048929663609,49.999999999999986,-6.0975609756097455,0.0,0.0,0.0,4.829669766965524,-31.819981523030222,0.0
s3-joint,pt0.05_dt-15_m0.1_seed178,3.0,0.4,0.1,0.3,0.1,76.2,21.9,18.9,1.4,3.2,0.2,7.8,6.4,94,88,235422.0,0.0,3611.0,0.55,,178.0,,0.05,-15.0,0.1,-14.285714285714285,0.0,0.0,-25.000000000000007,-98.21428571428572,-28.24858757062147,0.9216589861751119,46.51162790697673,-80.82191780821918,-90.21406727828747,0.0,-4.8780487804877986,14.285714285714299,0.0,0.0,9.591375024439293,-52.342615811007,0.0
s3-joint,pt0.05_dt-15_m0.1_seed185,3.3,0.4,0.1,0.3,3.7,136.8,16.9,8.9,2.5,9.7,0.2,7.3,5.2,94,88,222504.0,0.0,5126.0,0.55,,185.0,,0.05,-15.0,0.1,-5.71428571428572,0.0,0.0,-25.000000000000007,-33.928571428571416,28.813559322033903,-22.11981566820277,-31.007751937984494,-65.75342465753424,-70.33639143730888,0.0,-10.975609756097555,-7.142857142857134,0.0,0.0,3.577912465435858,-32.34789494522899,0.0
s3-joint,pt0.05_dt-15_m0.1_seed192,3.0,0.4,0.1,0.3,0.1,91.7,25.7,45.3,4.9,4.7,0.2,10.1,5.6,94,88,228425.0,0.0,4757.0,0.55,,192.0,,0.05,-15.0,0.1,-14.285714285714285,0.0,0.0,-25.000000000000007,-98.21428571428572,-13.653483992467045,18.433179723502306,251.1627906976744,-32.87671232876711,-85.62691131498471,0.0,23.17073170731708,0.0,0.0,0.0,6.334199182563845,-37.21789626501254,0.0
s3-joint,pt0.05_dt-15_m0.1_seed199,2.9,0.4,0.1,0.3,0.1,99.1,18.6,14.2,3.5,19.4,0.2,7.5,5.3,94,88,226655.0,0.0,4834.0,0.55,,199.0,,0.05,-15.0,0.1,-17.142857142857146,0.0,0.0,-25.000000000000007,-98.21428571428572,-6.6854990583804215,-14.285714285714276,10.077519379844952,-52.054794520547944,-40.672782874617745,0.0,-8.53658536585365,-5.357142857142854,0.0,0.0,5.510245882561052,-36.201662927279926,0.0
s3-joint,pt0.05_dt-15_m0.1_seed206,3.0,0.4,0.1,0.3,0.1,117.0,20.2,12.9,2.2,20.6,0.2,7.6,5.4,94,88,221472.0,0.0,5551.0,0.55,,206.0,,0.05,-15.0,0.1,-14.285714285714285,0.0,0.0,-25.000000000000007,-98.21428571428572,10.169491525423725,-6.912442396313365,0.0,-69.86301369863014,-37.00305810397554,0.0,-7.317073170731704,-3.5714285714285587,0.0,0.0,3.0975057956037206,-26.738814834367165,0.0
s3-joint,pt0.05_dt-15_m0.1_seed213,2.9,0.4,0.2,0.3,21.9,166.0,50.5,19.9,8.9,5.0,0.2,10.5,7.3,94,88,206869.0,0.0,7984.0,0.55,,213.0,,0.05,-15.0,0.1,-17.142857142857146,0.0,100.0,-25.000000000000007,291.07142857142856,56.30885122410546,132.7188940092166,54.26356589147285,21.917808219178088,-84.70948012232417,0.0,28.04878048780489,30.35714285714286,0.0,0.0,-3.700341684588815,5.3715190708723775,0.0
s3-joint,pt0.05_dt-15_m0.1_seed220,3.3,0.4,0.2,0.3,11.0,157.1,26.8,15.9,6.4,4.2,0.2,8.6,5.5,94,88,212111.0,0.0,6539.0,0.55,,220.0,,0.05,-15.0,0.1,-5.71428571428572,0.0,100.0,-25.000000000000007,96.42857142857144,47.92843691148775,23.502304147465445,23.25581395348837,-12.328767123287664,-87.1559633027523,0.0,4.87804878048781,-1.7857142857142794,0.0,0.0,-1.2601364876313903,-13.699353306057807,0.0
s3-joint,pt0.05_dt-15_m0.1_seed227,3.0,0.4,0.1,0.2,0.1,104.5,12.8,10.1,1.6,14.1,0.2,7.1,5.2,94,88,231694.0,0.0,3958.0,0.55,,227.0,,0.05,-15.0,0.1,-14.285714285714285,0.0,0.0,-50.0,-98.21428571428572,-1.6007532956685524,-41.01382488479262,-21.705426356589154,-78.0821917808219,-56.88073394495413,0.0,-13.414634146341461,-7.142857142857134,0.0,0.0,7.855952480704596,-47.76296687343275,0.0
s3-joint,pt0.05_dt-15_m0.1_seed234,3.2,0.4,0.1,0.2,0.1,118.7,29.0,13.5,3.0,21.7,0.2,8.1,5.8,94,88,221284.0,0.0,5636.0,0.55,,234.0,,0.05,-15.0,0.1,-8.571428571428566,0.0,0.0,-50.0,-98.21428571428572,11.770244821092279,33.64055299539171,4.651162790697672,-58.9041095890411,-33.63914373088686,0.0,-1.219512195121947,3.5714285714285747,0.0,0.0,3.00998985187461,-25.6169988121948,0.0
s3-joint,pt0.05_dt-15_m0.1_seed241,3.2,0.4,0.1,0.3,0.1,81.0,9.3,8.0,1.3,12.2,0.2,6.7,5.3,94,88,233508.0,0.0,3962.0,0.55,,241.0,,0.05,-15.0,0.1,-8.571428571428566,0.0,0.0,-25.000000000000007,-98.21428571428572,-23.728813559322038,-57.14285714285714,-37.98449612403101,-82.19178082191782,-62.69113149847095,0.0,-18.292682926829258,-5.357142857142854,0.0,0.0,8.700388235622714,-47.710175531212876,0.0
s3-joint,pt0.05_dt-15_m0.1_seed248,3.1,0.4,0.1,0.3,0.1,68.3,2.6,4.1,1.5,4.7,0.2,6.0,5.0,94,88,246734.0,0.0,2540.0,0.55,,248.0,,0.05,-15.0,0.1,-11.428571428571425,0.0,0.0,-25.000000000000007,-98.21428571428572,-35.68738229755179,-88.0184331797235,-68.21705426356588,-79.45205479452055,-85.62691131498471,0.0,-26.829268292682922,-10.714285714285708,0.0,0.0,14.857227979033413,-66.47749769037877,0.0
s3-joint,pt0.05_dt-15_m0.1_seed255,3.4,0.4,0.1,0.3,0.1,77.4,14.9,14.6,1.8,3.6,0.2,7.3,5.1,94,88,239770.0,0.0,3169.0,0.55,,255.0,,0.05,-15.0,0.1,-2.85714285714286,0.0,0.0,-25.000000000000007,-98.21428571428572,-27.118644067796605,-31.336405529953915,13.178294573643404,-75.34246575342466,-88.9908256880734,0.0,-10.975609756097555,-8.928571428571429,0.0,0.0,11.61541397834446,-58.17605912630328,0.0
s3-joint,pt0.05_dt-15_m0.1_seed262,3.0,0.4,0.1,0.3,0.1,92.3,25.4,15.9,6.0,17.7,0.2,8.1,5.2,94,88,221133.0,0.0,5701.0,0.55,,262.0,,0.05,-15.0,0.1,-14.285714285714285,0.0,0.0,-25.000000000000007,-98.21428571428572,-13.08851224105462,17.05069124423963,23.25581395348837,-17.80821917808219,-45.87155963302753,0.0,-1.219512195121947,-7.142857142857134,0.0,0.0,2.9396977906879314,-24.759139501121815,0.0
s3-joint,pt0.05_dt-30_m0.05_seed101,3.3,0.4,0.1,0.3,0.1,68.6,20.4,31.9,5.5,10.7,0.2,9.2,5.2,94,88,230371.0,0.0,5049.0,0.55,,101.0,,0.05,-30.0,0.05,-5.71428571428572,0.0,0.0,-25.000000000000007,-98.21428571428572,-35.404896421845585,-5.990783410138252,147.28682170542635,-24.65753424657534,-67.2782874617737,0.0,12.195121951219514,-7.142857142857134,0.0,0.0,7.240082302227932,-33.364128282961595,0.0
s3-joint,pt0.05_dt-30_m0.05_seed108,3.1,0.4,0.1,0.3,0.1,86.3,16.4,9.1,1.2,22.1,0.2,7.5,6.3,94,88,227492.0,0.0,5527.0,0.55,,108.0,,0.05,-30.0,0.05,-11.428571428571425,0.0,0.0,-25.000000000000007,-98.21428571428572,-18.73822975517891,-24.42396313364056,-29.457364341085274,-83.56164383561644,-32.415902140672785,0.0,-8.53658536585365,12.500000000000004,0.0,0.0,5.899878036291186,-27.055562887686417,0.0
s3-joint,pt0.05_dt-30_m0.05_seed115,3.5,0.8,0.6,0.2,23.6,173.5,42.6,21.9,11.5,27.5,0.3,10.8,8.3,94,88,200854.0,0.0,9544.0,0.55,,115.0,,0.05,-30.0,0.05,0.0,100.0,500.0,-50.0,321.42857142857144,63.37099811676082,96.31336405529956,69.7674418604651,57.53424657534247,-15.902140672782883,49.999999999999986,31.707317073170753,48.21428571428574,0.0,0.0,-6.500386373581357,25.96014253662399,0.0
s3-joint,pt0.05_dt-30_m0.05_seed122,3.2,0.4,0.1,0.2,0.1,81.8,41.4,37.6,7.4,11.4,0.3,9.8,8.1,94,88,228325.0,0.0,5778.0,0.55,,122.0,,0.05,-30.0,0.05,-8.571428571428566,0.0,0.0,-50.0,-98.21428571428572,-22.97551789077213,90.78341013824884,191.47286821705427,1.3698630136986376,-65.1376146788991,49.999999999999986,19.51219512195124,44.642857142857146,0.0,0.0,6.287648148665381,-23.742906163389204,0.0
s3-joint,pt0.05_dt-30_m0.05_seed129,3.5,0.4,0.1,0.3,11.5,133.4,28.3,15.4,6.4,2.4,0.2,8.3,6.5,94,88,215493.0,0.0,6047.0,0.55,,129.0,,0.05,-30.0,0.05,0.0,0.0,0.0,-25.000000000000007,105.35714285714286,25.6120527306968,30.414746543778808,19.37984496124031,-12.328767123287664,-92.66055045871559,0.0,1.2195121951219685,16.071428571428577,0.0,0.0,0.3142194788146245,-20.192688399102547,0.0
s3-joint,pt0.05_dt-30_m0.05_seed136,3.7,0.4,0.1,0.4,0.5,106.9,26.0,66.3,7.0,13.9,0.3,11.9,5.1,94,88,226313.0,0.0,6166.0,0.55,,136.0,,0.05,-30.0,0.05,5.71428571428572,0.0,0.0,0.0,-91.07142857142857,0.6591337099811703,19.81566820276498,413.953488372093,-4.109589041095888,-57.49235474006117,49.999999999999986,45.12195121951221,-8.928571428571429,0.0,0.0,5.351041346628309,-18.622145968061236,0.0
s3-joint,pt0.05_dt-30_m0.05_seed143,3.3,0.4,0.1,0.3,0.1,105.9,18.0,18.9,6.1,21.4,0.3,8.3,5.1,94,88,224204.0,0.0,5959.0,0.55,,143.0,,0.05,-30.0,0.05,-5.71428571428572,0.0,0.0,-25.000000000000007,-98.21428571428572,-0.282485875706212,-17.05069124423963,46.51162790697673,-16.438356164383563,-34.55657492354741,49.999999999999986,1.2195121951219685,-8.928571428571429,0.0,0.0,4.369280041709726,-21.35409792793982,0.0
s3-joint,pt0.05_dt-30_m0.05_seed150,3.8,0.4,0.1,0.3,0.1,70.0,17.6,11.9,2.0,11.4,0.3,7.5,5.4,94,88,234804.0,0.0,4079.0,0.55,,150.0,,0.05,-30.0,0.05,8.571428571428566,0.0,0.0,-25.000000000000007,-98.21428571428572,-34.08662900188324,-18.89400921658985,-7.751937984496124,-72.6027397260274,-65.1376146788991,49.999999999999986,-8.53658536585365,-3.5714285714285587,0.0,0.0,9.303689634946792,-46.16602877128151,0.0
s3-joint,pt0.05_dt-30_m0.05_seed157,3.2,0.4,0.1,0.3,1.1,104.3,15.8,11.1,2.0,17.7,0.2,7.1,5.7,94,88,230140.0,0.0,5037.0,0.55,,157.0,,0.05,-30.0,0.05,-8.571428571428566,0.0,0.0,-25.000000000000007,-80.35714285714286,-1.7890772128060315,-27.188940092165893,-13.953488372093029,-72.6027397260274,-45.87155963302753,0.0,-13.414634146341461,1.7857142857142954,0.0,0.0,7.132549413922483,-33.522502309621224,0.0
s3-joint,pt0.05_dt-30_m0.05_seed164,3.4,0.4,0.1,0.3,0.1,110.9,28.5,22.5,2.7,14.7,0.3,8.8,6.1,94,88,227502.0,0.0,5082.0,0.55,,164.0,,0.05,-30.0,0.05,-2.85714285714286,0.0,0.0,-25.000000000000007,-98.21428571428572,4.425612052730699,31.33640552995392,74.4186046511628,-63.013698630136986,-55.04587155963303,49.999999999999986,7.3170731707317245,8.928571428571429,0.0,0.0,5.904533139681032,-32.928599709647614,0.0
s3-joint,pt0.05_dt-30_m0.05_seed171,3.4,0.4,0.1,0.2,0.1,124.2,35.0,55.3,11.1,27.1,0.2,12.5,6.4,94,88,214000.0,0.0,7830.0,0.55,,171.0,,0.05,-30.0,0.05,-2.85714285714286,0.0,0.0,-50.0,-98.21428571428572,16.94915254237288,61.29032258064516,328.6821705426356,52.054794520547944,-17.125382262996943,0.0,52.439024390243915,14.285714285714299,0.0,0.0,-0.38078745728942637,3.3390523954071534,0.0
s3-joint,pt0.05_dt-30_m0.05_seed178,3.3,0.4,0.1,0.3,2.4,104.1,18.8,16.5,2.1,3.1,0.2,7.6,5.8,94,88,225871.0,0.0,5194.0,0.55,,178.0,,0.05,-30.0,0.05,-5.71428571428572,0.0,0.0,-25.000000000000007,-57.14285714285714,-1.977401129943511,-13.364055299539165,27.90697674418604,-71.23287671232876,-90.51987767584097,0.0,-7.317073170731704,3.5714285714285747,0.0,0.0,5.1452857767971025,-31.45044212749109,0.0
s3-joint,pt0.05_dt-30_m0.05_seed185,3.4,0.4,0.1,0.3,0.1,86.7,18.0,12.9,1.6,4.2,0.2,7.1,5.8,94,88,240890.0,0.0,3504.0,0.55,,185.0,,0.05,-30.0,0.05,-2.85714285714286,0.0,0.0,-25.000000000000007,-98.21428571428572,-18.361581920903955,-17.05069124423963,0.0,-78.0821917808219,-87.1559633027523,0.0,-13.414634146341461,3.5714285714285747,0.0,0.0,12.136785558007244,-53.754784215388675,0.0
s3-joint,pt0.05_dt-30_m0.05_seed192,3.4,0.4,0.1,0.2,4.2,119.0,39.6,31.6,8.8,10.2,0.2,10.2,7.0,94,88,220980.0,0.0,6846.0,0.55,,192.0,,0.05,-30.0,0.05,-2.85714285714286,0.0,0.0,-50.0,-24.999999999999993,12.05273069679849,82.48847926267283,144.96124031007753,20.547945205479465,-68.80733944954129,0.0,24.39024390243903,25.000000000000007,0.0,0.0,2.868474708823283,-9.647617790682329,0.0
s3-joint,pt0.05_dt-30_m0.05_seed199,3.3,0.4,0.1,0.3,6.9,150.1,25.3,14.6,6.5,2.7,0.2,8.4,5.3,94,88,219760.0,0.0,5595.0,0.55,,199.0,,0.05,-30.0,0.05,-5.71428571428572,0.0,0.0,-25.000000000000007,23.21428571428573,41.337099811676076,16.58986175115208,13.178294573643404,-10.958904109589039,-91.74311926605505,0.0,2.4390243902439157,-5.357142857142854,0.0,0.0,2.3005520952620357,-26.158110069948528,0.0
s3-joint,pt0.05_dt-30_m0.05_seed206,3.4,0.5,0.4,0.4,17.4,170.0,32.6,15.0,8.0,2.4,0.2,8.7,5.9,94,88,210106.0,0.0,6998.0,0.55,,206.0,,0.05,-30.0,0.05,-2.85714285714286,24.999999999999993,300.00000000000006,0.0,210.71428571428572,60.07532956685498,50.230414746543794,16.279069767441857,9.589041095890414,-92.66055045871559,0.0,6.097560975609757,5.35714285714287,0.0,0.0,-2.193484717295571,-7.6415467863270425,0.0
s3-joint,pt0.05_dt-30_m0.05_seed213,3.4,0.4,0.1,0.3,0.1,104.4,25.2,15.6,5.3,18.4,0.2,8.2,5.5,94,88,225854.0,0.0,5534.0,0.55,,213.0,,0.05,-30.0,0.05,-2.85714285714286,0.0,0.0,-25.000000000000007,-98.21428571428572,-1.6949152542372854,16.129032258064516,20.93023255813953,-27.397260273972602,-43.73088685015291,0.0,0.0,-1.7857142857142794,0.0,0.0,5.137372101034364,-26.963178038801637,0.0
s3-joint,pt0.05_dt-30_m0.05_seed220,3.2,0.4,0.1,0.3,0.1,98.6,22.0,28.7,6.2,4.5,0.2,8.9,5.1,94,88,229605.0,0.0,5183.0,0.55,,220.0,,0.05,-30.0,0.05,-8.571428571428566,0.0,0.0,-25.000000000000007,-98.21428571428572,-7.1563088512241135,1.3824884792626762,122.48062015503875,-15.068493150684928,-86.23853211009175,0.0,8.536585365853671,-8.928571428571429,0.0,0.0,6.883501382565707,-31.595618318595754,0.0
s3-joint,pt0.05_dt-30_m0.05_seed227,3.2,0.4,0.1,0.3,0.1,111.0,45.2,37.4,10.1,20.1,0.2,11.1,6.5,94,88,217379.0,0.0,7201.0,0.55,,227.0,,0.05,-30.0,0.05,-8.571428571428566,0.0,0.0,-25.000000000000007,-98.21428571428572,4.5197740112994325,108.29493087557607,189.92248062015506,38.35616438356164,-38.53211009174312,0.0,35.365853658536594,16.071428571428577,0.0,0.0,1.1921719781396345,-4.962386168668338,0.0
s3-joint,pt0.05_dt-30_m0.05_seed234,2.9,0.4,0.1,0.2,0.1,100.9,28.5,12.4,3.3,19.7,0.2,8.0,5.6,94,88,223653.0,0.0,5857.0,0.55,,234.0,,0.05,-30.0,0.05,-17.142857142857146,0.0,0.0,-50.0,-98.21428571428572,-4.990583804143124,31.33640552995392,-3.875968992248062,-54.794520547945204,-39.755351681957194,0.0,-2.439024390243894,0.0,0.0,0.0,4.112783844929195,-22.700277154546654,0.0
s3-joint,pt0.05_dt-30_m0.05_seed241,3.3,0.4,0.1,0.2,0.1,115.3,24.2,34.6,6.7,18.7,0.2,9.8,5.7,94,88,224349.0,0.0,5665.0,0.55,,241.0,,0.05,-30.0,0.05,-5.71428571428572,0.0,0.0,-50.0,-98.21428571428572,8.568738229755175,11.52073732718894,168.2170542635659,-8.219178082191776,-42.81345565749236,0.0,19.51219512195124,1.7857142857142954,0.0,0.0,4.436779040862498,-25.234261581100697,0.0
s3-joint,pt0.05_dt-30_m0.05_seed248,3.6,0.9,0.6,0.3,21.4,239.5,51.3,23.7,10.1,2.7,0.2,10.1,8.4,94,88,201436.0,0.0,8788.0,0.55,,248.0,,0.05,-30.0,0.05,2.85714285714286,125.0,500.0,-25.000000000000007,282.14285714285717,125.51789077212807,136.40552995391704,83.72093023255813,38.35616438356164,-91.74311926605505,0.0,23.17073170731708,50.000000000000014,0.0,0.0,-6.229459356292303,15.982578857067441,0.0
s3-joint,pt0.05_dt-30_m0.05_seed255,3.6,0.4,0.1,0.2,0.1,119.0,15.7,36.9,3.7,19.2,0.2,9.4,5.9,94,88,223313.0,0.0,5855.0,0.55,,255.0,,0.05,-30.0,0.05,2.85714285714286,0.0,0.0,-50.0,-98.21428571428572,12.05273069679849,-27.64976958525346,186.04651162790697,-49.31506849315068,-41.28440366972478,0.0,14.634146341463428,5.35714285714287,0.0,0.0,3.954510329674422,-22.726672825656593,0.0
s3-joint,pt0.05_dt-30_m0.05_seed262,3.1,0.4,0.2,0.3,11.6,145.9,29.8,14.6,7.8,2.3,0.2,9.0,5.7,94,88,211983.0,0.0,6689.0,0.55,,262.0,,0.05,-30.0,0.05,-11.428571428571425,0.0,100.0,-25.000000000000007,107.14285714285714,37.38229755178908,37.32718894009218,13.178294573643404,6.8493150684931505,-92.96636085626912,0.0,9.75609756097562,1.7857142857142954,0.0,0.0,-1.3197218110214228,-11.719677972812459,0.0
s3-joint,pt0.05_dt-30_m0.0_seed101,7.0,3.0,1.2,0.3,31.0,268.1,47.1,25.1,11.6,3.4,0.8,16.6,7.8,94,88,193662.0,0.0,11033.0,0.55,,101.0,,0.05,-30.0,0.0,100.0,650.0,1099.9999999999998,-25.000000000000007,453.57142857142856,152.4482109227872,117.05069124423963,94.57364341085271,58.9041095890411,-89.60244648318043,300.00000000000006,102.43902439024393,39.28571428571429,0.0,0.0,-9.848336731558808,45.611719677972815,0.0
s3-joint,pt0.05_dt-30_m0.0_seed108,3.3,0.4,0.1,0.3,0.2,111.9,36.3,22.5,7.9,15.4,0.3,9.5,6.6,94,88,223841.0,0.0,6839.0,0.55,,108.0,,0.05,-30.0,0.0,-5.71428571428572,0.0,0.0,-25.000000000000007,-96.42857142857143,5.367231638418081,67.2811059907834,74.4186046511628,8.219178082191789,-52.905198776758425,49.999999999999986,15.853658536585376,17.857142857142858,0.0,0.0,4.200299788658306,-9.74000263956711,0.0
s3-joint,pt0.05_dt-30_m0.0_seed115,3.5,0.4,0.1,0.3,2.2,95.5,22.1,45.2,7.8,21.7,0.2,10.2,5.3,94,88,224592.0,0.0,6659.0,0.55,,115.0,,0.05,-30.0,0.0,0.0,0.0,0.0,-25.000000000000007,-60.71428571428571,-10.075329566854993,1.8433179723502402,250.38759689922486,6.8493150684931505,-33.63914373088686,0.0,24.39024390243903,-5.357142857142854,0.0,0.0,4.549898053235762,-12.115613039461529,0.0
s3-joint,pt0.05_dt-30_m0.0_seed122,3.2,0.4,0.1,0.3,0.1,129.1,21.0,15.1,7.2,26.8,0.3,8.6,5.5,94,88,219828.0,0.0,6891.0,0.55,,122.0,,0.05,-30.0,0.0,-8.571428571428566,0.0,0.0,-25.000000000000007,-98.21428571428572,21.563088512241045,-3.2258064516129004,17.054263565891468,-1.3698630136986254,-18.042813455657498,49.999999999999986,4.87804878048781,-1.7857142857142794,0.0,0.0,2.3322067983129906,-9.053715190708724,0.0
s3-joint,pt0.05_dt-30_m0.0_seed129,3.6,0.4,0.1,0.3,4.4,85.0,20.5,13.5,3.4,30.0,0.3,7.9,5.8,94,88,217717.0,0.0,7035.0,0.55,,129.0,,0.05,-30.0,0.0,2.85714285714286,0.0,0.0,-25.000000000000007,-21.428571428571416,-19.96233521657251,-5.529953917050688,4.651162790697672,-53.42465753424658,-8.256880733944962,49.999999999999986,-3.658536585365841,3.5714285714285747,0.0,0.0,1.349514472716439,-7.1532268707931905,0.0
s3-joint,pt0.05_dt-30_m0.0_seed136,3.8,1.4,0.9,0.2,21.2,228.6,43.6,21.7,14.7,2.9,0.2,11.9,6.4,94,88,201641.0,0.0,9623.0,0.55,,136.0,,0.05,-30.0,0.0,8.571428571428566,249.99999999999994,800.0,-50.0,278.5714285714286,115.25423728813557,100.92165898617513,68.21705426356588,101.36986301369863,-91.13149847094802,0.0,45.12195121951221,14.285714285714299,0.0,0.0,-6.134029736800454,27.00277154546654,0.0
s3-joint,pt0.05_dt-30_m0.0_seed143,7.1,2.9,1.8,0.3,29.4,224.0,48.9,27.7,11.5,2.7,0.9,13.4,7.3,94,88,198064.0,0.0,10255.0,0.55,,143.0,,0.05,-30.0,0.0,102.85714285714285,625.0,1700.0,-25.000000000000007,425.0,110.92278719397363,125.34562211981566,114.72868217054261,57.53424657534247,-91.74311926605505,349.99999999999994,63.414634146341484,30.35714285714286,0.0,0.0,-7.799160219348472,35.34380361620694,0.0
s3-joint,pt0.05_dt-30_m0.0_seed150,3.2,0.4,0.1,0.3,1.4,148.0,28.7,26.5,7.9,30.7,0.2,9.7,5.6,94,88,216302.0,0.0,7757.0,0.55,,150.0,,0.05,-30.0,0.0,-8.571428571428566,0.0,0.0,-25.000000000000007,-74.99999999999999,39.359698681732574,32.25806451612903,105.42635658914728,8.219178082191789,-6.116207951070347,0.0,18.292682926829272,0.0,0.0,0.0,0.6908173430531892,2.3756103998944176,0.0
s3-joint,pt0.05_dt-30_m0.0_seed157,4.0,1.9,0.9,0.3,21.0,201.6,42.8,18.6,11.8,5.3,0.2,10.2,6.5,94,88,202090.0,0.0,9320.0,0.55,,157.0,,0.05,-30.0,0.0,14.285714285714285,375.0,800.0,-25.000000000000007,275.00000000000006,89.83050847457626,97.23502304147465,44.186046511627914,61.643835616438366,-83.79204892966361,0.0,24.39024390243903,16.071428571428577,0.0,0.0,-5.925015594596356,23.00382737231094,0.0
s3-joint,pt0.05_dt-30_m0.0_seed164,3.3,0.4,0.1,0.3,0.9,135.2,28.6,48.4,11.8,29.3,0.3,11.4,6.7,94,88,216485.0,0.0,7827.0,0.55,,164.0,,0.05,-30.0,0.0,-5.71428571428572,0.0,0.0,-25.000000000000007,-83.92857142857142,27.306967984934072,31.797235023041488,275.1937984496124,61.643835616438366,-10.397553516819578,49.999999999999986,39.02439024390246,19.642857142857153,0.0,0.0,0.7760057350873764,3.299458888742246,0.0
s3-joint,pt0.05_dt-30_m0.0_seed171,9.7,3.7,1.4,0.3,35.8,249.6,57.2,26.5,12.0,3.2,1.1,14.5,12.1,94,88,192803.0,0.0,10940.0,0.55,,171.0,,0.05,-30.0,0.0,177.1428571428571,825.0,1299.9999999999998,-25.000000000000007,539.2857142857142,135.0282485875706,163.59447004608296,105.42635658914728,64.38356164383562,-90.21406727828747,450.0,76.82926829268294,116.07142857142858,0.0,0.0,-10.248210112746605,44.384320971360694,0.0
s3-joint,pt0.05_dt-30_m0.0_seed178,3.4,0.4,0.1,0.3,4.6,96.7,13.6,9.1,1.3,18.2,0.2,7.1,5.1,94,88,228832.0,0.0,5385.0,0.55,,178.0,,0.05,-30.0,0.0,-2.85714285714286,0.0,0.0,-25.000000000000007,-17.857142857142858,-8.945386064030131,-37.327188940092164,-29.457364341085274,-82.19178082191782,-44.34250764525994,0.0,-13.414634146341461,-8.928571428571429,0.0,0.0,6.5236618905305885,-28.929655536492017,0.0
s3-joint,pt0.05_dt-30_m0.0_seed185,3.4,0.4,0.1,0.2,1.6,137.9,32.6,39.8,11.5,19.4,0.2,11.1,6.7,94,88,218863.0,0.0,7384.0,0.55,,185.0,,0.05,-30.0,0.0,-2.85714285714286,0.0,0.0,-50.0,-71.42857142857143,29.84934086629002,50.230414746543794,208.5271317829457,57.53424657534247,-40.672782874617745,0.0,35.365853658536594,19.642857142857153,0.0,0.0,1.8829893211928235,-2.5471822621090143,0.0
s3-joint,pt0.05_dt-30_m0.0_seed192,3.6,0.4,0.1,0.2,1.9,121.5,46.1,19.5,11.5,32.2,0.2,9.4,8.4,94,88,215570.0,0.0,7867.0,0.55,,192.0,,0.05,-30.0,0.0,2.85714285714286,0.0,0.0,-50.0,-66.07142857142857,14.406779661016946,112.44239631336409,51.16279069767441,57.53424657534247,-1.5290519877675839,0.0,14.634146341463428,50.000000000000014,0.0,0.0,0.3500637749164409,3.827372310941006,0.0
s3-joint,pt0.05_dt-30_m0.0_seed199,3.6,0.4,0.1,0.3,2.6,128.1,34.5,20.5,7.9,18.2,0.2,9.1,5.5,94,88,219920.0,0.0,7098.0,0.55,,199.0,,0.05,-30.0,0.0,2.85714285714286,0.0,0.0,-25.000000000000007,-53.57142857142857,20.621468926553664,58.986175115207374,58.914728682170534,8.219178082191789,-44.34250764525994,0.0,10.975609756097567,-1.7857142857142794,0.0,0.0,2.3750337494995764,-6.321763230830143,0.0
s3-joint,pt0.05_dt-30_m0.0_seed206,3.7,0.4,0.1,0.3,9.9,134.1,21.6,12.8,3.8,2.7,0.2,7.6,6.1,94,88,223310.0,0.0,5228.0,0.55,,206.0,,0.05,-30.0,0.0,5.71428571428572,0.0,0.0,-25.000000000000007,76.7857142857143,26.27118644067796,-0.4608294930875478,-0.7751937984496096,-47.945205479452056,-91.74311926605505,0.0,-7.317073170731704,8.928571428571429,0.0,0.0,3.9531137986574683,-31.001715718622147,0.0
s3-joint,pt0.05_dt-30_m0.0_seed213,3.4,0.4,0.1,0.2,0.3,159.8,32.7,47.9,10.9,21.7,0.2,11.3,5.7,94,88,218181.0,0.0,7967.0,0.55,,213.0,,0.05,-30.0,0.0,-2.85714285714286,0.0,0.0,-50.0,-94.64285714285715,50.470809792843696,50.69124423963135,271.3178294573643,49.31506849315069,-33.63914373088686,0.0,37.80487804878051,1.7857142857142954,0.0,0.0,1.5655112700053069,5.147155866437904,0.0
s3-joint,pt0.05_dt-30_m0.0_seed220,3.4,0.4,0.1,0.2,1.2,122.0,42.1,42.6,11.8,16.7,0.2,11.0,6.7,94,88,219446.0,0.0,7472.0,0.55,,220.0,,0.05,-30.0,0.0,-2.85714285714286,0.0,0.0,-50.0,-78.57142857142857,14.877589453860637,94.00921658986177,230.2325581395349,61.643835616438366,-48.9296636085627,0.0,34.14634146341465,19.642857142857153,0.0,0.0,2.1543818488208624,-1.3857727332717433,0.0
s3-joint,pt0.05_dt-30_m0.0_seed227,3.6,0.4,0.1,0.3,1.9,103.5,24.4,35.1,7.4,24.7,0.2,10.1,5.6,94,88,221832.0,0.0,6691.0,0.55,,227.0,,0.05,-30.0,0.0,2.85714285714286,0.0,0.0,-25.000000000000007,-66.07142857142857,-2.5423728813559348,12.442396313364053,172.09302325581396,1.3698630136986376,-24.464831804281353,0.0,23.17073170731708,0.0,0.0,0.0,3.2650895176381867,-11.69328230170252,0.0
s3-joint,pt0.05_dt-30_m0.0_seed234,3.6,0.4,0.1,0.4,0.1,68.9,15.6,32.7,3.3,13.9,0.2,8.8,5.4,94,88,234909.0,0.0,4431.0,0.55,,234.0,,0.05,-30.0,0.0,2.85714285714286,0.0,0.0,0.0,-98.21428571428572,-35.122410546139356,-28.110599078341014,153.4883720930233,-54.794520547945204,-57.49235474006117,0.0,7.3170731707317245,-3.5714285714285587,0.0,0.0,9.352568220540178,-41.520390655932424,0.0
s3-joint,pt0.05_dt-30_m0.0_seed241,3.5,0.4,0.1,0.2,2.0,131.1,27.2,26.1,11.8,29.7,0.2,10.1,5.7,94,88,214345.0,0.0,8024.0,0.55,,241.0,,0.05,-30.0,0.0,0.0,0.0,0.0,-50.0,-64.28571428571428,23.446327683615813,25.34562211981567,102.32558139534885,61.643835616438366,-9.174311926605515,0.0,23.17073170731708,1.7857142857142954,0.0,0.0,-0.22018639033972945,5.899432493071136,0.0
s3-joint,pt0.05_dt-30_m0.0_seed248,3.4,0.4,0.1,0.3,2.6,109.9,19.0,11.9,3.7,21.4,0.2,7.6,5.4,94,88,223218.0,0.0,6681.0,0.55,,248.0,,0.05,-30.0,0.0,-2.85714285714286,0.0,0.0,-25.000000000000007,-53.57142857142857,3.4839924670433167,-12.442396313364053,-7.751937984496124,-49.31506849315068,-34.55657492354741,0.0,-7.317073170731704,-3.5714285714285587,0.0,0.0,3.910286847470882,-11.82526065725221,0.0
s3-joint,pt0.05_dt-30_m0.0_seed255,3.4,0.4,0.1,0.3,1.9,107.7,20.4,16.5,7.1,25.1,0.2,8.2,5.5,94,88,222722.0,0.0,6587.0,0.55,,255.0,,0.05,-30.0,0.0,-2.85714285714286,0.0,0.0,-25.000000000000007,-66.07142857142857,1.4124293785310735,-5.990783410138252,27.90697674418604,-2.739726027397263,-23.24159021406728,0.0,0.0,-1.7857142857142794,0.0,0.0,3.679393719334506,-13.065857199419295,0.0
s3-joint,pt0.05_dt-30_m0.0_seed262,3.3,0.4,0.1,0.3,8.1,140.5,29.0,86.3,12.9,18.6,0.2,13.5,5.7,94,88,217677.0,0.0,7820.0,0.55,,262.0,,0.05,-30.0,0.0,-5.71428571428572,0.0,0.0,-25.000000000000007,44.642857142857146,32.29755178907721,33.64055299539171,568.9922480620155,76.7123287671233,-43.11926605504588,0.0,64.63414634146343,1.7857142857142954,0.0,0.0,1.330894059157054,3.207074039857463,0.0
s3-joint,pt0.05_dt-30_m0.15_seed101,3.1,0.4,0.1,0.3,0.1,63.7,4.7,12.0,1.0,5.5,0.2,6.9,5.1,94,88,240080.0,0.0,2153.0,0.55,,101.0,,0.05,-30.0,0.15,-11.428571428571425,0.0,0.0,-25.000000000000007,-98.21428571428572,-40.01883239171375,-78.3410138248848,-6.976744186046514,-86.3013698630137,-83.18042813455658,0.0,-15.853658536585355,-8.928571428571429,0.0,0.0,11.759722183429695,-71.58506005015177,0.0
s3-joint,pt0.05_dt-30_m0.15_seed108,2.9,0.4,0.1,0.3,0.1,55.7,7.8,9.7,1.1,5.0,0.2,6.7,5.0,94,88,241370.0,0.0,2415.0,0.55,,108.0,,0.05,-30.0,0.15,-17.142857142857146,0.0,0.0,-25.000000000000007,-98.21428571428572,-47.5517890772128,-64.0552995391705,-24.806201550387605,-84.93150684931507,-84.70948012232417,0.0,-18.292682926829258,-10.714285714285708,0.0,0.0,12.360230520719865,-68.1272271347499,0.0
s3-joint,pt0.05_dt-30_m0.15_seed115,3.3,0.4,0.1,0.3,2.7,92.3,14.0,8.1,1.1,2.6,0.2,6.8,5.0,94,88,227939.0,0.0,3304.0,0.55,,115.0,,0.05,-30.0,0.15,-5.71428571428572,0.0,0.0,-25.000000000000007,-51.78571428571428,-13.08851224105462,-35.48387096774193,-37.2093023255814,-84.93150684931507,-92.04892966360856,0.0,-17.073170731707314,-10.714285714285708,0.0,0.0,6.107961157817315,-56.39435132638248,0.0
s3-joint,pt0.05_dt-30_m0.15_seed122,3.1,0.4,0.1,0.3,0.1,53.9,10.0,14.9,1.3,3.0,0.2,6.9,5.1,94,88,243070.0,0.0,2376.0,0.55,,122.0,,0.05,-30.0,0.15,-11.428571428571425,0.0,0.0,-25.000000000000007,-98.21428571428572,-49.2467043314501,-53.91705069124424,15.503875968992247,-82.19178082191782,-90.82568807339449,0.0,-15.853658536585355,-8.928571428571429,0.0,0.0,13.151598096993734,-68.64194272139369,0.0
s3-joint,pt0.05_dt-30_m0.15_seed129,3.2,0.4,0.1,0.3,0.1,67.8,15.8,11.8,1.4,19.6,0.2,7.4,5.3,94,88,228967.0,0.0,4115.0,0.55,,129.0,,0.05,-30.0,0.15,-8.571428571428566,0.0,0.0,-25.000000000000007,-98.21428571428572,-36.15819209039549,-27.188940092165893,-8.527131782945734,-80.82191780821918,-40.0611620795107,0.0,-9.756097560975597,-5.357142857142854,0.0,0.0,6.586505786293513,-45.69090669130262,0.0
s3-joint,pt0.05_dt-30_m0.15_seed136,3.1,0.4,0.1,0.3,0.1,46.6,6.2,8.8,1.1,2.7,0.2,6.5,5.0,94,88,246408.0,0.0,1585.0,0.55,,136.0,,0.05,-30.0,0.15,-11.428571428571425,0.0,0.0,-25.000000000000007,-98.21428571428572,-56.12052730696798,-71.42857142857143,-31.782945736434105,-84.93150684931507,-91.74311926605505,0.0,-20.731707317073162,-10.714285714285708,0.0,0.0,14.705471608524427,-79.08143064537416,0.0
s3-joint,pt0.05_dt-30_m0.15_seed143,2.9,0.4,0.1,0.3,0.1,41.1,5.1,4.9,1.1,7.3,0.2,6.3,5.0,94,88,245203.0,0.0,2103.0,0.55,,143.0,,0.05,-30.0,0.15,-17.142857142857146,0.0,0.0,-25.000000000000007,-98.21428571428572,-61.29943502824858,-76.49769585253458,-62.01550387596899,-84.93150684931507,-77.67584097859327,0.0,-23.170731707317067,-10.714285714285708,0.0,0.0,14.144531650047949,-72.24495182790022,0.0
s3-joint,pt0.05_dt-30_m0.15_seed150,3.0,0.4,0.1,0.3,0.1,61.1,11.7,37.4,1.7,3.6,0.2,8.7,5.2,94,88,239718.0,0.0,2511.0,0.55,,150.0,,0.05,-30.0,0.15,-14.285714285714285,0.0,0.0,-25.000000000000007,-98.21428571428572,-42.46704331450094,-46.08294930875576,189.92248062015506,-76.71232876712328,-88.9908256880734,0.0,6.097560975609757,-7.142857142857134,0.0,0.0,11.591207440717257,-66.86023492147288,0.0
s3-joint,pt0.05_dt-30_m0.15_seed157,2.8,0.4,0.1,0.3,0.1,55.2,11.9,19.3,1.1,3.0,0.2,7.5,5.0,94,88,242095.0,0.0,2070.0,0.55,,157.0,,0.05,-30.0,0.15,-20.000000000000004,0.0,0.0,-25.000000000000007,-98.21428571428572,-48.02259887005649,-45.16129032258064,49.6124031007752,-84.93150684931507,-90.82568807339449,0.0,-8.53658536585365,-10.714285714285708,0.0,0.0,12.697725516483722,-72.6804804012142,0.0
s3-joint,pt0.05_dt-30_m0.15_seed164,3.3,0.4,0.1,0.3,2.6,89.3,14.0,7.4,1.4,2.4,0.2,6.9,5.3,94,88,230449.0,0.0,3016.0,0.55,,164.0,,0.05,-30.0,0.15,-5.71428571428572,0.0,0.0,-25.000000000000007,-53.57142857142857,-15.913370998116767,-35.48387096774193,-42.63565891472868,-80.82191780821918,-92.66055045871559,0.0,-15.853658536585355,-5.357142857142854,0.0,0.0,7.276392108668733,-60.19532796621354,0.0
s3-joint,pt0.05_dt-30_m0.15_seed171,3.2,0.4,0.1,0.3,0.1,80.7,10.0,5.8,1.3,2.7,0.2,6.4,5.2,94,88,238427.0,0.0,2227.0,0.55,,171.0,,0.05,-30.0,0.15,-8.571428571428566,0.0,0.0,-25.000000000000007,-98.21428571428572,-24.011299435028246,-53.91705069124424,-55.03875968992248,-82.19178082191782,-91.74311926605505,0.0,-21.95121951219511,-7.142857142857134,0.0,0.0,10.990233593088103,-70.60842021908407,0.0
s3-joint,pt0.05_dt-30_m0.15_seed178,3.1,0.4,0.1,0.3,0.1,47.4,7.4,16.4,1.2,3.8,0.2,7.4,5.1,94,88,243750.0,0.0,2402.0,0.55,,178.0,,0.05,-30.0,0.15,-11.428571428571425,0.0,0.0,-25.000000000000007,-98.21428571428572,-55.367231638418076,-65.89861751152073,27.131782945736422,-83.56164383561644,-88.37920489296636,0.0,-9.756097560975597,-8.928571428571429,0.0,0.0,13.46814512750328,-68.29879899696449,0.0
s3-joint,pt0.05_dt-30_m0.15_seed185,3.4,0.4,0.1,0.4,0.1,55.4,5.9,5.3,1.0,3.0,0.2,6.2,5.1,94,88,244298.0,0.0,1755.0,0.55,,185.0,,0.05,-30.0,0.15,-2.85714285714286,0.0,0.0,0.0,-98.21428571428572,-47.834274952919024,-72.81105990783409,-58.91472868217055,-86.3013698630137,-90.82568807339449,0.0,-24.390243902439014,-8.928571428571429,0.0,0.0,13.72324479326686,-76.83779860102943,0.0
s3-joint,pt0.05_dt-30_m0.15_seed192,3.0,0.4,0.1,0.3,0.1,82.7,12.9,7.3,1.2,2.8,0.2,6.7,5.8,94,88,235350.0,0.0,2557.0,0.55,,192.0,,0.05,-30.0,0.15,-14.285714285714285,0.0,0.0,-25.000000000000007,-98.21428571428572,-22.128060263653484,-40.55299539170507,-43.4108527131783,-83.56164383561644,-91.43730886850153,0.0,-18.292682926829258,3.5714285714285747,0.0,0.0,9.5578582800324,-66.25313448594432,0.0
s3-joint,pt0.05_dt-30_m0.15_seed199,2.8,0.4,0.1,0.2,0.1,47.5,5.4,4.6,1.1,4.8,0.2,6.2,5.1,94,88,243577.0,0.0,2438.0,0.55,,199.0,,0.05,-30.0,0.15,-20.000000000000004,0.0,0.0,-50.0,-98.21428571428572,-55.27306967984934,-75.11520737327187,-64.34108527131784,-84.93150684931507,-85.3211009174312,0.0,-24.390243902439014,-8.928571428571429,0.0,0.0,13.38761183885894,-67.8236769169856,0.0
s3-joint,pt0.05_dt-30_m0.15_seed206,3.1,0.4,0.1,0.3,0.1,66.8,6.2,10.8,1.3,3.1,0.2,6.6,5.0,94,88,242288.0,0.0,1910.0,0.55,,206.0,,0.05,-30.0,0.15,-11.428571428571425,0.0,0.0,-25.000000000000007,-98.21428571428572,-37.099811676082865,-71.42857142857143,-16.279069767441857,-82.19178082191782,-90.51987767584097,0.0,-19.51219512195122,-10.714285714285708,0.0,0.0,12.787569011907754,-74.79213409000924,0.0
s3-joint,pt0.05_dt-30_m0.15_seed213,3.1,0.4,0.1,0.2,0.1,46.5,3.8,5.8,1.2,2.9,0.2,6.2,5.0,94,88,248998.0,0.0,1672.0,0.55,,213.0,,0.05,-30.0,0.15,-11.428571428571425,0.0,0.0,-50.0,-98.21428571428572,-56.21468926553672,-82.48847926267281,-55.03875968992248,-83.56164383561644,-91.13149847094802,0.0,-24.390243902439014,-10.714285714285708,0.0,0.0,15.911143386494613,-77.93321895209185,0.0
s3-joint,pt0.05_dt-30_m0.15_seed220,2.7,0.4,0.1,0.2,11.7,148.9,31.0,15.2,6.0,2.7,0.2,8.8,5.6,94,88,213951.0,0.0,5799.0,0.55,,220.0,,0.05,-30.0,0.15,-22.85714285714285,0.0,0.0,-50.0,108.92857142857142,40.207156308851225,42.85714285714286,17.829457364341074,-17.80821917808219,-91.74311926605505,0.0,7.3170731707317245,0.0,0.0,0.0,-0.40359746389967316,-23.465751616734856,0.0
s3-joint,pt0.05_dt-30_m0.15_seed227,3.1,0.4,0.1,0.3,0.1,54.4,4.6,3.9,1.2,3.1,0.3,6.0,5.0,94,88,245983.0,0.0,1973.0,0.55,,227.0,,0.05,-30.0,0.15,-11.428571428571425,0.0,0.0,-25.000000000000007,-98.21428571428572,-48.77589453860641,-78.80184331797237,-69.76744186046511,-83.56164383561644,-90.51987767584097,49.999999999999986,-26.829268292682922,-10.714285714285708,0.0,0.0,14.507629714455957,-73.9606704500462,0.0
s3-joint,pt0.05_dt-30_m0.15_seed234,3.1,0.4,0.1,0.3,0.1,42.1,4.1,10.4,1.1,2.9,0.2,6.5,5.0,94,88,250057.0,0.0,1385.0,0.55,,234.0,,0.05,-30.0,0.15,-11.428571428571425,0.0,0.0,-25.000000000000007,-98.21428571428572,-60.357815442561204,-81.10599078341014,-19.37984496124031,-84.93150684931507,-91.13149847094802,0.0,-20.731707317073162,-10.714285714285708,0.0,0.0,16.404118835479338,-81.72099775636795,0.0
s3-joint,pt0.05_dt-30_m0.15_seed241,2.9,0.4,0.1,0.3,0.1,58.5,14.0,20.9,1.2,7.4,0.2,7.7,5.5,94,88,237490.0,0.0,3133.0,0.55,,241.0,,0.05,-30.0,0.15,-17.142857142857146,0.0,0.0,-25.000000000000007,-98.21428571428572,-44.91525423728814,-35.48387096774193,62.01550387596898,-83.56164383561644,-77.37003058103976,0.0,-6.0975609756097455,-1.7857142857142794,0.0,0.0,10.554050405459506,-58.65118120628217,0.0
s3-joint,pt0.05_dt-30_m0.15_seed248,3.1,0.4,0.1,0.3,0.1,51.6,11.1,24.7,1.1,3.0,0.2,7.7,5.0,94,88,241549.0,0.0,2162.0,0.55,,248.0,,0.05,-30.0,0.15,-11.428571428571425,0.0,0.0,-25.000000000000007,-98.21428571428572,-51.41242937853108,-48.8479262672811,91.47286821705424,-84.93150684931507,-90.82568807339449,0.0,-6.0975609756097455,-10.714285714285708,0.0,0.0,12.443556871398114,-71.46627953015705,0.0
s3-joint,pt0.05_dt-30_m0.15_seed255,2.9,0.4,0.1,0.4,0.1,36.2,4.6,3.7,1.2,2.9,0.2,5.9,5.0,94,88,250835.0,0.0,1093.0,0.55,,255.0,,0.05,-30.0,0.15,-17.142857142857146,0.0,0.0,0.0,-98.21428571428572,-65.91337099811676,-78.80184331797237,-71.31782945736434,-83.56164383561644,-91.13149847094802,0.0,-28.04878048780487,-10.714285714285708,0.0,0.0,16.766285879209377,-85.5747657384189,0.0
s3-joint,pt0.05_dt-30_m0.15_seed262,3.2,0.4,0.1,0.3,0.1,72.1,12.2,6.9,1.0,2.8,0.2,6.7,5.1,94,88,236117.0,0.0,2588.0,0.55,,262.0,,0.05,-30.0,0.15,-8.571428571428566,0.0,0.0,-25.000000000000007,-98.21428571428572,-32.109227871939744,-43.77880184331797,-46.51162790697674,-86.3013698630137,-91.43730886850153,0.0,-18.292682926829258,-8.928571428571429,0.0,0.0,9.91490471003361,-65.84400158374027,0.0
s3-joint,pt0.05_dt-30_m0.1_seed101,3.1,0.4,0.1,0.3,0.1,104.8,31.6,24.7,4.9,15.1,0.2,8.9,5.5,94,88,226201.0,0.0,5302.0,0.55,,101.0,,0.05,-30.0,0.1,-11.428571428571425,0.0,0.0,-25.000000000000007,-98.21428571428572,-1.3182674199623405,45.62211981566821,91.47286821705424,-32.87671232876711,-53.822629969418955,0.0,8.536585365853671,-1.7857142857142794,0.0,0.0,5.29890418866203,-30.025075887554443,0.0
s3-joint,pt0.05_dt-30_m0.1_seed108,3.2,0.4,0.1,0.3,3.6,88.8,18.4,9.7,2.5,6.2,0.2,7.4,5.3,94,88,228668.0,0.0,4414.0,0.55,,108.0,,0.05,-30.0,0.1,-8.571428571428566,0.0,0.0,-25.000000000000007,-35.71428571428571,-16.384180790960457,-15.207373271889404,-24.806201550387605,-65.75342465753424,-81.03975535168196,0.0,-9.756097560975597,-5.357142857142854,0.0,0.0,6.44731819493711,-41.7447538603669,0.0
s3-joint,pt0.05_dt-30_m0.1_seed115,2.9,0.4,0.1,0.2,0.1,64.4,13.3,16.6,1.5,7.7,0.2,7.4,5.1,94,88,238776.0,0.0,3341.0,0.55,,115.0,,0.05,-30.0,0.1,-17.142857142857146,0.0,0.0,-50.0,-98.21428571428572,-39.359698681732574,-38.70967741935483,28.682170542635667,-79.45205479452055,-76.45259938837921,0.0,-9.756097560975597,-8.928571428571429,0.0,0.0,11.152696701393738,-55.90603141084862,0.0
s3-joint,pt0.05_dt-30_m0.1_seed122,3.2,0.4,0.3,0.3,13.4,174.7,29.2,14.5,5.8,2.8,0.2,8.6,5.4,94,88,211405.0,0.0,6647.0,0.55,,122.0,,0.05,-30.0,0.1,-8.571428571428566,0.0,199.99999999999997,-25.000000000000007,139.2857142857143,64.50094161958567,34.56221198156682,12.403100775193796,-20.547945205479454,-91.43730886850153,0.0,4.87804878048781,-3.5714285714285587,0.0,0.0,-1.5887867869545385,-12.273987066121157,0.0
s3-joint,pt0.05_dt-30_m0.1_seed129,3.2,0.4,0.1,0.3,0.1,71.6,15.6,46.9,2.1,3.8,0.2,9.3,5.7,94,88,235392.0,0.0,3313.0,0.55,,129.0,,0.05,-30.0,0.1,-8.571428571428566,0.0,0.0,-25.000000000000007,-98.21428571428572,-32.58003766478343,-28.110599078341014,263.5658914728682,-71.23287671232876,-88.37920489296636,0.0,13.41463414634148,1.7857142857142954,0.0,0.0,9.577409714269754,-56.275570806387755,0.0
s3-joint,pt0.05_dt-30_m0.1_seed136,2.9,0.4,0.1,0.3,0.1,101.0,21.3,25.6,4.5,21.0,0.2,8.8,5.6,94,88,223334.0,0.0,5079.0,0.55,,136.0,,0.05,-30.0,0.1,-17.142857142857146,0.0,0.0,-25.000000000000007,-98.21428571428572,-4.89642184557439,-1.8433179723502238,98.44961240310079,-38.35616438356164,-35.779816513761475,0.0,7.3170731707317245,0.0,0.0,0.0,3.9642860467930996,-32.96819321631253,0.0
s3-joint,pt0.05_dt-30_m0.1_seed143,3.1,0.4,0.1,0.3,0.1,53.7,5.4,12.9,1.3,2.8,0.2,6.8,5.0,94,88,246101.0,0.0,1893.0,0.55,,143.0,,0.05,-30.0,0.1,-11.428571428571425,0.0,0.0,-25.000000000000007,-98.21428571428572,-49.43502824858757,-75.11520737327187,0.0,-82.19178082191782,-91.43730886850153,0.0,-17.073170731707314,-10.714285714285708,0.0,0.0,14.562559934456143,-75.01649729444371,0.0
s3-joint,pt0.05_dt-30_m0.1_seed150,3.4,0.4,0.1,0.4,0.2,82.1,16.5,16.4,1.9,7.1,0.2,7.7,5.1,94,88,233938.0,0.0,3885.0,0.55,,150.0,,0.05,-30.0,0.1,-2.85714285714286,0.0,0.0,0.0,-96.42857142857143,-22.69303201506592,-23.963133640552993,27.131782945736422,-73.97260273972603,-78.2874617737003,0.0,-6.0975609756097455,-8.928571428571429,0.0,0.0,8.900557681386104,-48.72640886894549,0.0
s3-joint,pt0.05_dt-30_m0.1_seed157,3.3,0.4,0.1,0.3,2.4,101.3,17.0,8.8,1.4,2.9,0.2,7.2,5.1,94,88,230774.0,0.0,3728.0,0.55,,157.0,,0.05,-30.0,0.1,-5.71428571428572,0.0,0.0,-25.000000000000007,-57.14285714285714,-4.613935969868178,-21.658986175115206,-31.782945736434105,-80.82191780821918,-91.13149847094802,0.0,-12.195121951219502,-8.928571428571429,0.0,0.0,7.427682968838738,-50.79846905107562,0.0
s3-joint,pt0.05_dt-30_m0.1_seed164,3.1,0.4,0.1,0.5,0.1,98.2,13.7,7.1,1.0,19.8,0.2,6.9,5.1,94,88,228242.0,0.0,4786.0,0.55,,164.0,,0.05,-30.0,0.1,-11.428571428571425,0.0,0.0,24.999999999999993,-98.21428571428572,-7.532956685499058,-36.86635944700461,-44.96124031007752,-86.3013698630137,-39.44954128440367,0.0,-15.853658536585355,-8.928571428571429,0.0,0.0,6.249010790529658,-36.83515903391844,0.0
s3-joint,pt0.05_dt-30_m0.1_seed171,3.2,0.4,0.1,0.2,12.3,158.7,32.2,16.3,6.6,2.0,0.2,8.9,6.0,94,88,212818.0,0.0,6604.0,0.55,,171.0,,0.05,-30.0,0.1,-8.571428571428566,0.0,0.0,-50.0,119.64285714285717,49.43502824858756,48.387096774193566,26.356589147286826,-9.589041095890414,-93.88379204892966,0.0,8.536585365853671,7.1428571428571495,0.0,0.0,-0.9310206779692578,-12.841493994984823,0.0
s3-joint,pt0.05_dt-30_m0.1_seed178,3.1,0.4,0.1,0.3,0.1,89.5,13.8,8.0,1.3,17.9,0.2,7.0,5.1,94,88,230760.0,0.0,4160.0,0.55,,178.0,,0.05,-30.0,0.1,-11.428571428571425,0.0,0.0,-25.000000000000007,-98.21428571428572,-15.725047080979287,-36.405529953917046,-37.98449612403101,-82.19178082191782,-45.2599388379205,0.0,-14.634146341463408,-8.928571428571429,0.0,0.0,7.421165824092952,-45.097004091329026,0.0
s3-joint,pt0.05_dt-30_m0.1_seed185,3.2,0.4,0.1,0.3,0.1,90.8,12.2,8.4,1.2,10.7,0.2,6.9,5.1,94,88,234274.0,0.0,3943.0,0.55,,185.0,,0.05,-30.0,0.1,-8.571428571428566,0.0,0.0,-25.000000000000007,-98.21428571428572,-14.500941619585692,-43.77880184331797,-34.883720930232556,-83.56164383561644,-67.2782874617737,0.0,-15.853658536585355,-8.928571428571429,0.0,0.0,9.05696915528494,-47.960934406757296,0.0
s3-joint,pt0.05_dt-30_m0.1_seed192,3.0,0.4,0.3,0.2,11.8,156.8,33.2,14.5,4.7,2.4,0.2,8.3,6.8,94,88,211745.0,0.0,6271.0,0.55,,192.0,,0.05,-30.0,0.1,-14.285714285714285,0.0,199.99999999999997,-50.0,110.71428571428574,47.64595103578155,52.99539170506914,12.403100775193796,-35.61643835616438,-92.66055045871559,0.0,1.2195121951219685,21.428571428571434,0.0,0.0,-1.4305132716997646,-17.236373234789497,0.0
s3-joint,pt0.05_dt-30_m0.1_seed199,2.8,0.4,0.1,0.3,0.1,81.9,10.9,8.1,1.3,18.4,0.2,6.9,5.3,94,88,229714.0,0.0,4584.0,0.55,,199.0,,0.05,-30.0,0.1,-20.000000000000004,0.0,0.0,-25.000000000000007,-98.21428571428572,-22.881355932203387,-49.76958525345621,-37.2093023255814,-82.19178082191782,-43.73088685015291,0.0,-15.853658536585355,-5.357142857142854,0.0,0.0,6.934242009515032,-39.50112181602217,0.0
s3-joint,pt0.05_dt-30_m0.1_seed206,3.1,0.4,0.1,0.3,0.1,76.4,18.7,22.3,2.2,13.9,0.2,8.5,5.2,94,88,230652.0,0.0,4064.0,0.55,,206.0,,0.05,-30.0,0.1,-11.428571428571425,0.0,0.0,-25.000000000000007,-98.21428571428572,-28.06026365348399,-13.82488479262673,72.86821705426357,-69.86301369863014,-57.49235474006117,0.0,3.6585365853658622,-7.142857142857134,0.0,0.0,7.370890707482614,-46.36399630460604,0.0
s3-joint,pt0.05_dt-30_m0.1_seed213,2.9,0.4,0.2,0.2,13.7,127.9,28.2,16.2,6.2,2.8,0.3,8.6,6.0,94,88,213304.0,0.0,6465.0,0.55,,213.0,,0.05,-30.0,0.1,-17.142857142857146,0.0,100.0,-50.0,144.64285714285714,20.433145009416197,29.95391705069125,25.581395348837198,-15.068493150684928,-91.43730886850153,49.999999999999986,4.87804878048781,7.1428571428571495,0.0,0.0,-0.704782653222728,-14.675993137125513,0.0
s3-joint,pt0.05_dt-30_m0.1_seed220,3.4,0.4,0.1,0.3,10.8,140.8,24.6,14.7,4.6,2.5,0.2,8.0,5.9,94,88,218200.0,0.0,5497.0,0.55,,220.0,,0.05,-30.0,0.1,-2.85714285714286,0.0,0.0,-25.000000000000007,92.85714285714289,32.58003766478343,13.364055299539181,13.953488372093014,-36.986301369863014,-92.35474006116208,0.0,-2.439024390243894,5.35714285714287,0.0,0.0,1.5743559664460147,-27.45149795433549,0.0
s3-joint,pt0.05_dt-30_m0.1_seed227,2.9,0.4,0.1,0.3,0.1,68.3,7.7,6.9,1.4,7.8,0.2,6.6,5.0,94,88,240656.0,0.0,2662.0,0.55,,227.0,,0.05,-30.0,0.1,-17.142857142857146,0.0,0.0,-25.000000000000007,-98.21428571428572,-35.68738229755179,-64.51612903225806,-46.51162790697674,-80.82191780821918,-76.14678899082568,0.0,-19.51219512195122,-10.714285714285708,0.0,0.0,12.027856138684841,-64.86736175267256,0.0
s3-joint,pt0.05_dt-30_m0.1_seed234,3.1,0.4,0.1,0.3,0.1,84.8,19.6,33.4,1.8,11.5,0.2,8.9,5.4,94,88,234099.0,0.0,4279.0,0.55,,234.0,,0.05,-30.0,0.1,-11.428571428571425,0.0,0.0,-25.000000000000007,-98.21428571428572,-20.150659133709986,-9.6774193548387,158.91472868217053,-75.34246575342466,-64.83180428134557,0.0,8.536585365853671,-3.5714285714285587,0.0,0.0,8.975504845962629,-43.526461660287715,0.0
s3-joint,pt0.05_dt-30_m0.1_seed241,3.2,0.4,0.1,0.3,0.1,74.5,15.9,10.4,1.4,12.4,0.2,7.5,5.1,94,88,232616.0,0.0,3882.0,0.55,,241.0,,0.05,-30.0,0.1,-8.571428571428566,0.0,0.0,-25.000000000000007,-98.21428571428572,-29.84934086629002,-26.728110599078335,-19.37984496124031,-80.82191780821918,-62.07951070336393,0.0,-8.53658536585365,-8.928571428571429,0.0,0.0,8.285153013248424,-48.7660023756104,0.0
s3-joint,pt0.05_dt-30_m0.1_seed248,3.1,0.4,0.1,0.3,0.1,53.3,12.4,9.8,1.5,3.2,0.2,6.8,5.1,94,88,244953.0,0.0,2421.0,0.55,,248.0,,0.05,-30.0,0.1,-11.428571428571425,0.0,0.0,-25.000000000000007,-98.21428571428572,-49.811676082862526,-42.857142857142854,-24.03100775193798,-79.45205479452055,-90.21406727828747,0.0,-17.073170731707314,-8.928571428571429,0.0,0.0,14.02815406530179,-68.04804012142009,0.0
s3-joint,pt0.05_dt-30_m0.1_seed255,3.3,0.4,0.1,0.2,6.1,110.4,33.1,14.0,5.2,9.1,0.2,8.6,6.5,94,88,218961.0,0.0,5754.0,0.55,,255.0,,0.05,-30.0,0.1,-5.71428571428572,0.0,0.0,-50.0,8.928571428571429,3.954802259887008,52.53456221198158,8.527131782945734,-28.767123287671232,-72.17125382262996,0.0,4.87804878048781,16.071428571428577,0.0,0.0,1.9286093344133175,-24.05965421670846,0.0
s3-joint,pt0.05_dt-30_m0.1_seed262,3.1,0.4,0.1,0.3,0.1,83.7,17.3,9.8,2.8,9.2,0.2,7.2,5.8,94,88,231569.0,0.0,4358.0,0.55,,262.0,,0.05,-30.0,0.1,-11.428571428571425,0.0,0.0,-25.000000000000007,-98.21428571428572,-21.1864406779661,-20.27649769585253,-24.03100775193798,-61.64383561643836,-71.86544342507646,0.0,-12.195121951219502,3.5714285714285747,0.0,0.0,7.797763688331518,-42.48383265144516,0.0
s3-joint,pt0.0_dt-15_m0.05_seed101,3.2,0.4,0.1,0.3,0.1,98.8,28.2,13.0,4.8,14.3,0.2,7.9,5.9,94,88,224615.0,0.0,6040.0,0.55,,101.0,,0.0,-15.0,0.05,-8.571428571428566,0.0,0.0,-25.000000000000007,-98.21428571428572,-6.967984934086633,29.95391705069125,0.7751937984496096,-34.24657534246575,-56.269113149847094,0.0,-3.658536585365841,5.35714285714287,0.0,0.0,4.560604791032409,-20.28507324798733,0.0
s3-joint,pt0.0_dt-15_m0.05_seed108,3.3,0.6,0.7,0.3,20.6,200.8,47.3,21.4,11.5,2.5,0.2,11.8,7.1,94,88,203059.0,0.0,8668.0,0.55,,108.0,,0.0,-15.0,0.05,-5.71428571428572,49.999999999999986,599.9999999999999,-25.000000000000007,267.85714285714295,89.07721280602637,117.97235023041475,65.89147286821704,57.53424657534247,-92.35474006116208,0.0,43.90243902439027,26.785714285714285,0.0,0.0,-5.473936076120251,14.398838590471163,0.0
s3-joint,pt0.0_dt-15_m0.05_seed115,3.3,0.4,0.1,0.3,0.1,106.0,20.5,13.7,4.9,24.8,0.3,8.0,5.3,94,88,221467.0,0.0,6297.0,0.55,,115.0,,0.0,-15.0,0.05,-5.71428571428572,0.0,0.0,-25.000000000000007,-98.21428571428572,-0.18832391713747915,-5.529953917050688,6.201550387596891,-32.87671232876711,-24.15902140672783,49.999999999999986,-2.439024390243894,-5.357142857142854,0.0,0.0,3.095178243908797,-16.8932295103603,0.0
s3-joint,pt0.0_dt-15_m0.05_seed122,3.5,0.4,0.1,0.3,0.1,81.0,16.5,11.5,2.0,19.8,0.3,8.0,6.2,94,88,226237.0,0.0,5340.0,0.55,,122.0,,0.0,-15.0,0.05,0.0,0.0,0.0,-25.000000000000007,-98.21428571428572,-23.728813559322038,-23.963133640552993,-10.852713178294577,-72.6027397260274,-39.44954128440367,49.999999999999986,-2.439024390243894,10.714285714285724,0.0,0.0,5.315662560865477,-29.52355813646562,0.0
s3-joint,pt0.0_dt-15_m0.05_seed129,3.3,0.4,0.1,0.3,0.2,87.0,18.1,9.0,1.3,23.9,0.3,7.6,5.8,94,88,225277.0,0.0,5741.0,0.55,,129.0,,0.0,-15.0,0.05,-5.71428571428572,0.0,0.0,-25.000000000000007,-96.42857142857143,-18.079096045197744,-16.589861751152064,-30.232558139534888,-82.19178082191782,-26.911314984709488,49.999999999999986,-7.317073170731704,3.5714285714285747,0.0,0.0,4.868772635440234,-24.231226078923058,0.0
s3-joint,pt0.0_dt-15_m0.05_seed136,3.1,0.4,0.1,0.3,0.1,102.9,22.2,12.6,3.4,18.1,0.2,8.0,5.2,94,88,227762.0,0.0,5225.0,0.55,,136.0,,0.0,-15.0,0.05,-11.428571428571425,0.0,0.0,-25.000000000000007,-98.21428571428572,-3.107344632768359,2.3041474654377883,-2.3255813953488427,-53.42465753424658,-44.64831804281346,0.0,-2.439024390243894,-7.142857142857134,0.0,0.0,6.025565827817036,-31.04130922528705,0.0
s3-joint,pt0.0_dt-15_m0.05_seed143,4.3,2.6,1.0,0.3,25.6,256.3,59.5,23.0,11.4,2.6,0.5,13.6,11.4,94,88,200360.0,0.0,9671.0,0.55,,143.0,,0.0,-15.0,0.05,22.85714285714285,550.0,900.0,-25.000000000000007,357.14285714285717,141.3370998116761,174.19354838709677,78.29457364341084,56.16438356164385,-92.04892966360856,149.99999999999997,65.85365853658539,103.57142857142858,0.0,0.0,-6.730348481039764,27.636267652105058,0.0
s3-joint,pt0.0_dt-15_m0.05_seed150,3.4,0.4,0.1,0.3,5.2,100.6,26.9,27.0,7.0,3.6,0.3,9.3,6.2,94,88,223510.0,0.0,5610.0,0.55,,150.0,,0.0,-15.0,0.05,-2.85714285714286,0.0,0.0,-25.000000000000007,-7.142857142857134,-5.273069679849349,23.963133640552993,109.30232558139534,-4.109589041095888,-88.9908256880734,49.999999999999986,13.41463414634148,10.714285714285724,0.0,0.0,4.046215866454394,-25.96014253662399,0.0
s3-joint,pt0.0_dt-15_m0.05_seed157,3.5,0.5,0.3,0.3,15.8,183.0,37.2,19.9,10.6,2.3,0.2,10.1,6.8,94,88,208384.0,0.0,7702.0,0.55,,157.0,,0.0,-15.0,0.05,0.0,24.999999999999993,199.99999999999997,-25.000000000000007,182.1428571428572,72.31638418079096,71.42857142857146,54.26356589147285,45.20547945205479,-92.96636085626912,0.0,23.17073170731708,21.428571428571434,0.0,0.0,-2.995093521027102,1.649729444371123,0.0
s3-joint,pt0.0_dt-15_m0.05_seed164,3.4,0.4,0.1,0.3,1.3,123.6,17.2,13.0,2.8,2.8,0.3,7.6,5.5,94,88,226745.0,0.0,5038.0,0.55,,164.0,,0.0,-15.0,0.05,-2.85714285714286,0.0,0.0,-25.000000000000007,-76.78571428571429,16.384180790960443,-20.737327188940093,0.7751937984496096,-61.64383561643836,-91.43730886850153,49.999999999999986,-7.317073170731704,-1.7857142857142794,0.0,0.0,5.552141813069668,-33.509304474066255,0.0
s3-joint,pt0.0_dt-15_m0.05_seed171,3.7,1.0,0.6,0.3,26.5,166.1,38.1,21.1,10.8,2.7,0.2,10.1,6.3,94,88,206181.0,0.0,8240.0,0.55,,171.0,,0.0,-15.0,0.05,5.71428571428572,149.99999999999997,500.0,-25.000000000000007,373.2142857142857,56.40301318267419,75.57603686635946,63.565891472868216,47.94520547945207,-91.74311926605505,0.0,23.17073170731708,12.500000000000004,0.0,0.0,-4.020612797810239,8.750164972944436,0.0
s3-joint,pt0.0_dt-15_m0.05_seed178,3.2,0.4,0.1,0.3,6.3,133.1,48.3,19.7,8.6,13.9,0.2,9.8,6.4,94,88,211767.0,0.0,8048.0,0.55,,178.0,,0.0,-15.0,0.05,-8.571428571428566,0.0,0.0,-25.000000000000007,12.500000000000004,25.329566854990578,122.58064516129032,52.71317829457364,17.80821917808219,-57.49235474006117,0.0,19.51219512195124,14.285714285714299,0.0,0.0,-1.4202720442421026,6.216180546390392,0.0
s3-joint,pt0.0_dt-15_m0.05_seed185,3.4,0.4,0.1,0.3,0.4,104.4,26.2,23.0,8.2,19.2,0.2,9.3,5.2,94,88,221892.0,0.0,6321.0,0.55,,185.0,,0.0,-15.0,0.05,-2.85714285714286,0.0,0.0,-25.000000000000007,-92.85714285714285,-1.6949152542372854,20.737327188940093,78.29457364341084,12.328767123287664,-41.28440366972478,0.0,13.41463414634148,-7.142857142857134,0.0,0.0,3.293020137977264,-16.576481457041044,0.0
s3-joint,pt0.0_dt-15_m0.05_seed192,3.3,0.4,0.1,0.3,2.1,134.3,32.8,18.6,8.9,33.7,0.2,9.3,6.4,94,88,211265.0,0.0,7724.0,0.55,,192.0,,0.0,-15.0,0.05,-5.71428571428572,0.0,0.0,-25.000000000000007,-62.5,26.459510357815454,51.15207373271888,44.186046511627914,21.917808219178088,3.0581039755351678,0.0,13.41463414634148,14.285714285714299,0.0,0.0,-1.6539582344123862,1.9400818265804407,0.0
s3-joint,pt0.0_dt-15_m0.05_seed199,3.3,0.4,0.1,0.3,0.1,70.5,9.8,7.9,1.5,12.2,0.2,6.7,5.3,94,88,236313.0,0.0,3736.0,0.55,,199.0,,0.0,-15.0,0.05,-5.71428571428572,0.0,0.0,-25.000000000000007,-98.21428571428572,-33.61581920903955,-54.83870967741935,-38.75968992248062,-79.45205479452055,-62.69113149847095,0.0,-18.292682926829258,-5.357142857142854,0.0,0.0,10.006144736474596,-50.69288636663587,0.0
s3-joint,pt0.0_dt-15_m0.05_seed206,3.4,0.4,0.1,0.2,0.1,132.7,21.0,15.4,6.9,21.3,0.2,8.4,5.6,94,88,222962.0,0.0,6191.0,0.55,,206.0,,0.0,-15.0,0.05,-2.85714285714286,0.0,0.0,-50.0,-98.21428571428572,24.952919020715616,-3.2258064516129004,19.37984496124031,-5.479452054794513,-34.862385321100916,0.0,2.4390243902439157,0.0,0.0,0.0,3.7911162006908175,-18.292200079187012,0.0
s3-joint,pt0.0_dt-15_m0.05_seed213,3.8,1.3,0.8,0.3,19.2,172.8,37.6,19.7,11.1,4.7,0.2,10.6,6.1,94,88,205258.0,0.0,8375.0,0.55,,213.0,,0.0,-15.0,0.05,8.571428571428566,225.0,700.0,-25.000000000000007,242.8571428571429,62.71186440677967,73.27188940092168,52.71317829457364,52.054794520547944,-85.62691131498471,0.0,29.268292682926838,8.928571428571429,0.0,0.0,-4.450278840693052,10.53187277286525,0.0
s3-joint,pt0.0_dt-15_m0.05_seed220,3.2,0.4,0.1,0.2,0.2,100.4,14.7,9.2,1.4,20.4,0.2,7.2,5.3,94,88,228608.0,0.0,5246.0,0.55,,220.0,,0.0,-15.0,0.05,-8.571428571428566,0.0,0.0,-50.0,-96.42857142857143,-5.461393596986815,-32.25806451612903,-28.682170542635667,-80.82191780821918,-37.61467889908258,0.0,-12.195121951219502,-5.357142857142854,0.0,0.0,6.419387574598032,-30.764154678632703,0.0
s3-joint,pt0.0_dt-15_m0.05_seed227,3.1,0.4,0.1,0.2,2.2,102.9,20.3,14.3,4.3,30.0,0.2,8.0,5.6,94,88,218642.0,0.0,6620.0,0.55,,227.0,,0.0,-15.0,0.05,-11.428571428571425,0.0,0.0,-50.0,-60.71428571428571,-3.107344632768359,-6.451612903225801,10.852713178294577,-41.09589041095891,-8.256880733944962,0.0,-2.439024390243894,0.0,0.0,0.0,1.7801115362772206,-12.63032862610532,0.0
s3-joint,pt0.0_dt-15_m0.05_seed234,3.5,0.4,0.1,0.2,2.3,140.5,28.2,16.1,6.5,33.3,0.2,9.1,6.1,94,88,215666.0,0.0,7463.0,0.55,,234.0,,0.0,-15.0,0.05,0.0,0.0,0.0,-50.0,-58.92857142857143,32.29755178907721,29.95391705069125,24.806201550387605,-10.958904109589039,1.8348623853210833,0.0,10.975609756097567,8.928571428571429,0.0,0.0,0.39475276745896526,-1.5045532532664643,0.0
s3-joint,pt0.0_dt-15_m0.05_seed241,3.3,0.4,0.1,0.3,0.1,85.6,23.9,13.3,4.5,9.4,0.2,7.9,5.5,94,88,226635.0,0.0,5349.0,0.55,,241.0,,0.0,-15.0,0.05,-5.71428571428572,0.0,0.0,-25.000000000000007,-98.21428571428572,-19.397363465160083,10.138248847926265,3.1007751937984525,-38.35616438356164,-71.25382262996942,0.0,-3.658536585365841,-1.7857142857142794,0.0,0.0,5.500935675781359,-29.404777616470902,0.0
s3-joint,pt0.0_dt-15_m0.05_seed248,3.4,0.4,0.2,0.3,11.8,159.8,31.4,14.6,5.4,2.4,0.3,8.3,6.4,94,88,213899.0,0.0,6575.0,0.55,,248.0,,0.0,-15.0,0.05,-2.85714285714286,0.0,100.0,-25.000000000000007,110.71428571428574,50.470809792843696,44.70046082949309,13.178294573643404,-26.027397260273965,-92.66055045871559,49.999999999999986,1.2195121951219685,14.285714285714299,0.0,0.0,-0.42780400152687387,-13.224231226078922,0.0
s3-joint,pt0.0_dt-15_m0.05_seed255,3.4,0.4,0.1,0.3,0.2,110.0,13.6,11.5,1.4,19.6,0.2,7.3,5.3,94,88,230128.0,0.0,5464.0,0.55,,255.0,,0.0,-15.0,0.05,-2.85714285714286,0.0,0.0,-25.000000000000007,-96.42857142857143,3.5781544256120497,-37.327188940092164,-10.852713178294577,-80.82191780821918,-40.0611620795107,0.0,-10.975609756097555,-5.357142857142854,0.0,0.0,7.126963289854668,-27.887026527649468,0.0
s3-joint,pt0.0_dt-15_m0.05_seed262,3.0,0.5,0.5,0.3,16.5,150.2,31.0,15.1,6.5,2.8,0.2,8.6,5.6,94,88,210581.0,0.0,6894.0,0.55,,262.0,,0.0,-15.0,0.05,-14.285714285714285,24.999999999999993,400.0,-25.000000000000007,194.64285714285717,41.4312617702448,42.85714285714286,17.054263565891468,-10.958904109589039,-91.43730886850153,0.0,4.87804878048781,0.0,0.0,0.0,-1.9723673062778724,-9.014121684043817,0.0
s3-joint,pt0.0_dt-15_m0.0_seed101,3.5,0.4,0.1,0.4,5.6,106.2,21.7,12.9,7.3,32.7,0.2,8.2,5.6,94,88,214818.0,0.0,7577.0,0.55,,101.0,,0.0,-15.0,0.0,0.0,0.0,0.0,0.0,0.0,0.0,0.0,0.0,0.0,0.0,0.0,0.0,0.0,0.0,0.0,0.0,0.0,0.0
s3-joint,pt0.0_dt-15_m0.0_seed108,3.5,0.4,0.1,0.4,5.6,106.2,21.7,12.9,7.3,32.7,0.2,8.2,5.6,94,88,214818.0,0.0,7577.0,0.55,,108.0,,0.0,-15.0,0.0,0.0,0.0,0.0,0.0,0.0,0.0,0.0,0.0,0.0,0.0,0.0,0.0,0.0,0.0,0.0,0.0,0.0,0.0
s3-joint,pt0.0_dt-15_m0.0_seed115,3.5,0.4,0.1,0.4,5.6,106.2,21.7,12.9,7.3,32.7,0.2,8.2,5.6,94,88,214818.0,0.0,7577.0,0.55,,115.0,,0.0,-15.0,0.0,0.0,0.0,0.0,0.0,0.0,0.0,0.0,0.0,0.0,0.0,0.0,0.0,0.0,0.0,0.0,0.0,0.0,0.0
s3-joint,pt0.0_dt-15_m0.0_seed122,3.5,0.4,0.1,0.4,5.6,106.2,21.7,12.9,7.3,32.7,0.2,8.2,5.6,94,88,214818.0,0.0,7577.0,0.55,,122.0,,0.0,-15.0,0.0,0.0,0.0,0.0,0.0,0.0,0.0,0.0,0.0,0.0,0.0,0.0,0.0,0.0,0.0,0.0,0.0,0.0,0.0
s3-joint,pt0.0_dt-15_m0.0_seed129,3.5,0.4,0.1,0.4,5.6,106.2,21.7,12.9,7.3,32.7,0.2,8.2,5.6,94,88,214818.0,0.0,7577.0,0.55,,129.0,,0.0,-15.0,0.0,0.0,0.0,0.0,0.0,0.0,0.0,0.0,0.0,0.0,0.0,0.0,0.0,0.0,0.0,0.0,0.0,0.0,0.0
s3-joint,pt0.0_dt-15_m0.0_seed136,3.5,0.4,0.1,0.4,5.6,106.2,21.7,12.9,7.3,32.7,0.2,8.2,5.6,94,88,214818.0,0.0,7577.0,0.55,,136.0,,0.0,-15.0,0.0,0.0,0.0,0.0,0.0,0.0,0.0,0.0,0.0,0.0,0.0,0.0,0.0,0.0,0.0,0.0,0.0,0.0,0.0
s3-joint,pt0.0_dt-15_m0.0_seed143,3.5,0.4,0.1,0.4,5.6,106.2,21.7,12.9,7.3,32.7,0.2,8.2,5.6,94,88,214818.0,0.0,7577.0,0.55,,143.0,,0.0,-15.0,0.0,0.0,0.0,0.0,0.0,0.0,0.0,0.0,0.0,0.0,0.0,0.0,0.0,0.0,0.0,0.0,0.0,0.0,0.0
s3-joint,pt0.0_dt-15_m0.0_seed150,3.5,0.4,0.1,0.4,5.6,106.2,21.7,12.9,7.3,32.7,0.2,8.2,5.6,94,88,214818.0,0.0,7577.0,0.55,,150.0,,0.0,-15.0,0.0,0.0,0.0,0.0,0.0,0.0,0.0,0.0,0.0,0.0,0.0,0.0,0.0,0.0,0.0,0.0,0.0,0.0,0.0
s3-joint,pt0.0_dt-15_m0.0_seed157,3.5,0.4,0.1,0.4,5.6,106.2,21.7,12.9,7.3,32.7,0.2,8.2,5.6,94,88,214818.0,0.0,7577.0,0.55,,157.0,,0.0,-15.0,0.0,0.0,0.0,0.0,0.0,0.0,0.0,0.0,0.0,0.0,0.0,0.0,0.0,0.0,0.0,0.0,0.0,0.0,0.0
s3-joint,pt0.0_dt-15_m0.0_seed164,3.5,0.4,0.1,0.4,5.6,106.2,21.7,12.9,7.3,32.7,0.2,8.2,5.6,94,88,214818.0,0.0,7577.0,0.55,,164.0,,0.0,-15.0,0.0,0.0,0.0,0.0,0.0,0.0,0.0,0.0,0.0,0.0,0.0,0.0,0.0,0.0,0.0,0.0,0.0,0.0,0.0
s3-joint,pt0.0_dt-15_m0.0_seed171,3.5,0.4,0.1,0.4,5.6,106.2,21.7,12.9,7.3,32.7,0.2,8.2,5.6,94,88,214818.0,0.0,7577.0,0.55,,171.0,,0.0,-15.0,0.0,0.0,0.0,0.0,0.0,0.0,0.0,0.0,0.0,0.0,0.0,0.0,0.0,0.0,0.0,0.0,0.0,0.0,0.0
s3-joint,pt0.0_dt-15_m0.0_seed178,3.5,0.4,0.1,0.4,5.6,106.2,21.7,12.9,7.3,32.7,0.2,8.2,5.6,94,88,214818.0,0.0,7577.0,0.55,,178.0,,0.0,-15.0,0.0,0.0,0.0,0.0,0.0,0.0,0.0,0.0,0.0,0.0,0.0,0.0,0.0,0.0,0.0,0.0,0.0,0.0,0.0
s3-joint,pt0.0_dt-15_m0.0_seed185,3.5,0.4,0.1,0.4,5.6,106.2,21.7,12.9,7.3,32.7,0.2,8.2,5.6,94,88,214818.0,0.0,7577.0,0.55,,185.0,,0.0,-15.0,0.0,0.0,0.0,0.0,0.0,0.0,0.0,0.0,0.0,0.0,0.0,0.0,0.0,0.0,0.0,0.0,0.0,0.0,0.0
s3-joint,pt0.0_dt-15_m0.0_seed192,3.5,0.4,0.1,0.4,5.6,106.2,21.7,12.9,7.3,32.7,0.2,8.2,5.6,94,88,214818.0,0.0,7577.0,0.55,,192.0,,0.0,-15.0,0.0,0.0,0.0,0.0,0.0,0.0,0.0,0.0,0.0,0.0,0.0,0.0,0.0,0.0,0.0,0.0,0.0,0.0,0.0
s3-joint,pt0.0_dt-15_m0.0_seed199,3.5,0.4,0.1,0.4,5.6,106.2,21.7,12.9,7.3,32.7,0.2,8.2,5.6,94,88,214818.0,0.0,7577.0,0.55,,199.0,,0.0,-15.0,0.0,0.0,0.0,0.0,0.0,0.0,0.0,0.0,0.0,0.0,0.0,0.0,0.0,0.0,0.0,0.0,0.0,0.0,0.0
s3-joint,pt0.0_dt-15_m0.0_seed206,3.5,0.4,0.1,0.4,5.6,106.2,21.7,12.9,7.3,32.7,0.2,8.2,5.6,94,88,214818.0,0.0,7577.0,0.55,,206.0,,0.0,-15.0,0.0,0.0,0.0,0.0,0.0,0.0,0.0,0.0,0.0,0.0,0.0,0.0,0.0,0.0,0.0,0.0,0.0,0.0,0.0
s3-joint,pt0.0_dt-15_m0.0_seed213,3.5,0.4,0.1,0.4,5.6,106.2,21.7,12.9,7.3,32.7,0.2,8.2,5.6,94,88,214818.0,0.0,7577.0,0.55,,213.0,,0.0,-15.0,0.0,0.0,0.0,0.0,0.0,0.0,0.0,0.0,0.0,0.0,0.0,0.0,0.0,0.0,0.0,0.0,0.0,0.0,0.0
s3-joint,pt0.0_dt-15_m0.0_seed220,3.5,0.4,0.1,0.4,5.6,106.2,21.7,12.9,7.3,32.7,0.2,8.2,5.6,94,88,214818.0,0.0,7577.0,0.55,,220.0,,0.0,-15.0,0.0,0.0,0.0,0.0,0.0,0.0,0.0,0.0,0.0,0.0,0.0,0.0,0.0,0.0,0.0,0.0,0.0,0.0,0.0
s3-joint,pt0.0_dt-15_m0.0_seed227,3.5,0.4,0.1,0.4,5.6,106.2,21.7,12.9,7.3,32.7,0.2,8.2,5.6,94,88,214818.0,0.0,7577.0,0.55,,227.0,,0.0,-15.0,0.0,0.0,0.0,0.0,0.0,0.0,0.0,0.0,0.0,0.0,0.0,0.0,0.0,0.0,0.0,0.0,0.0,0.0,0.0
s3-joint,pt0.0_dt-15_m0.0_seed234,3.5,0.4,0.1,0.4,5.6,106.2,21.7,12.9,7.3,32.7,0.2,8.2,5.6,94,88,214818.0,0.0,7577.0,0.55,,234.0,,0.0,-15.0,0.0,0.0,0.0,0.0,0.0,0.0,0.0,0.0,0.0,0.0,0.0,0.0,0.0,0.0,0.0,0.0,0.0,0.0,0.0
s3-joint,pt0.0_dt-15_m0.0_seed241,3.5,0.4,0.1,0.4,5.6,106.2,21.7,12.9,7.3,32.7,0.2,8.2,5.6,94,88,214818.0,0.0,7577.0,0.55,,241.0,,0.0,-15.0,0.0,0.0,0.0,0.0,0.0,0.0,0.0,0.0,0.0,0.0,0.0,0.0,0.0,0.0,0.0,0.0,0.0,0.0,0.0
s3-joint,pt0.0_dt-15_m0.0_seed248,3.5,0.4,0.1,0.4,5.6,106.2,21.7,12.9,7.3,32.7,0.2,8.2,5.6,94,88,214818.0,0.0,7577.0,0.55,,248.0,,0.0,-15.0,0.0,0.0,0.0,0.0,0.0,0.0,0.0,0.0,0.0,0.0,0.0,0.0,0.0,0.0,0.0,0.0,0.0,0.0,0.0
s3-joint,pt0.0_dt-15_m0.0_seed255,3.5,0.4,0.1,0.4,5.6,106.2,21.7,12.9,7.3,32.7,0.2,8.2,5.6,94,88,214818.0,0.0,7577.0,0.55,,255.0,,0.0,-15.0,0.0,0.0,0.0,0.0,0.0,0.0,0.0,0.0,0.0,0.0,0.0,0.0,0.0,0.0,0.0,0.0,0.0,0.0,0.0
s3-joint,pt0.0_dt-15_m0.0_seed262,3.5,0.4,0.1,0.4,5.6,106.2,21.7,12.9,7.3,32.7,0.2,8.2,5.6,94,88,214818.0,0.0,7577.0,0.55,,262.0,,0.0,-15.0,0.0,0.0,0.0,0.0,0.0,0.0,0.0,0.0,0.0,0.0,0.0,0.0,0.0,0.0,0.0,0.0,0.0,0.0,0.0
s3-joint,pt0.0_dt-15_m0.15_seed101,3.3,0.4,0.1,0.2,3.9,113.9,19.7,10.4,1.7,2.4,0.2,7.5,5.3,94,88,221600.0,0.0,4110.0,0.55,,101.0,,0.0,-15.0,0.15,-5.71428571428572,0.0,0.0,-50.0,-30.357142857142854,7.250470809792846,-9.216589861751153,-19.37984496124031,-76.71232876712328,-92.66055045871559,0.0,-8.53658536585365,-5.357142857142854,0.0,0.0,3.157091118993753,-45.75689586907747,0.0
s3-joint,pt0.0_dt-15_m0.15_seed108,2.8,0.4,0.1,0.2,0.4,82.9,11.9,6.2,1.0,2.5,0.2,6.5,5.0,94,88,232981.0,0.0,2914.0,0.55,,108.0,,0.0,-15.0,0.15,-20.000000000000004,0.0,0.0,-50.0,-92.85714285714285,-21.939736346516003,-45.16129032258064,-51.93798449612403,-86.3013698630137,-92.35474006116208,0.0,-20.731707317073162,-10.714285714285708,0.0,0.0,8.455064286977814,-61.541507192820376,0.0
s3-joint,pt0.0_dt-15_m0.15_seed115,3.4,0.4,0.1,0.3,2.6,84.2,17.2,9.8,1.4,2.4,0.2,7.3,5.4,94,88,227557.0,0.0,3316.0,0.55,,115.0,,0.0,-15.0,0.15,-2.85714285714286,0.0,0.0,-25.000000000000007,-53.57142857142857,-20.715630885122412,-20.737327188940093,-24.03100775193798,-80.82191780821918,-92.66055045871559,0.0,-10.975609756097555,-3.5714285714285587,0.0,0.0,5.9301362083251865,-56.23597729972285,0.0
s3-joint,pt0.0_dt-15_m0.15_seed122,2.9,0.4,0.1,0.3,0.1,58.8,12.2,16.8,1.3,12.6,0.2,7.9,5.1,94,88,232240.0,0.0,3374.0,0.55,,122.0,,0.0,-15.0,0.15,-17.142857142857146,0.0,0.0,-25.000000000000007,-98.21428571428572,-44.632768361581924,-43.77880184331797,30.232558139534888,-82.19178082191782,-61.46788990825688,0.0,-3.658536585365841,-8.928571428571429,0.0,0.0,8.110121125790204,-55.47050283753464,0.0
s3-joint,pt0.0_dt-15_m0.15_seed129,3.1,0.4,0.1,0.3,0.1,45.4,2.0,2.1,1.2,2.8,0.2,5.6,5.0,94,88,252675.0,0.0,1240.0,0.55,,129.0,,0.0,-15.0,0.15,-11.428571428571425,0.0,0.0,-25.000000000000007,-98.21428571428572,-57.250470809792844,-90.78341013824884,-83.72093023255815,-83.56164383561644,-91.43730886850153,0.0,-31.70731707317073,-10.714285714285708,0.0,0.0,17.622824902941094,-83.63468391183847,0.0
s3-joint,pt0.0_dt-15_m0.15_seed136,3.0,0.4,0.1,0.3,0.1,64.8,9.4,11.7,1.2,3.3,0.2,6.8,5.0,94,88,240274.0,0.0,2564.0,0.55,,136.0,,0.0,-15.0,0.15,-14.285714285714285,0.0,0.0,-25.000000000000007,-98.21428571428572,-38.983050847457626,-56.68202764976959,-9.302325581395356,-83.56164383561644,-89.90825688073394,0.0,-17.073170731707314,-10.714285714285708,0.0,0.0,11.850031189192713,-66.16074963705952,0.0
s3-joint,pt0.0_dt-15_m0.15_seed143,2.9,0.4,0.1,0.3,0.1,49.2,8.9,18.2,1.1,3.0,0.2,7.3,5.0,94,88,247263.0,0.0,1801.0,0.55,,143.0,,0.0,-15.0,0.15,-17.142857142857146,0.0,0.0,-25.000000000000007,-98.21428571428572,-53.67231638418078,-58.986175115207374,41.085271317829445,-84.93150684931507,-90.82568807339449,0.0,-10.975609756097555,-10.714285714285708,0.0,0.0,15.103482948356284,-76.23069816550085,0.0
s3-joint,pt0.0_dt-15_m0.15_seed150,3.1,0.4,0.1,0.2,0.1,75.1,9.4,21.0,1.3,8.0,0.2,7.7,5.1,94,88,235084.0,0.0,3313.0,0.55,,150.0,,0.0,-15.0,0.15,-11.428571428571425,0.0,0.0,-50.0,-98.21428571428572,-29.284369114877595,-56.68202764976959,62.7906976744186,-82.19178082191782,-75.53516819571865,0.0,-6.0975609756097455,-8.928571428571429,0.0,0.0,9.434032529862488,-56.275570806387755,0.0
s3-joint,pt0.0_dt-15_m0.15_seed157,2.8,0.4,0.1,0.2,0.1,66.3,12.1,7.2,1.1,19.5,0.2,6.8,5.2,94,88,227227.0,0.0,4268.0,0.55,,157.0,,0.0,-15.0,0.15,-20.000000000000004,0.0,0.0,-50.0,-98.21428571428572,-37.57062146892656,-44.23963133640553,-44.18604651162791,-84.93150684931507,-40.36697247706423,0.0,-17.073170731707314,-7.142857142857134,0.0,0.0,5.77651779646026,-43.67163785139237,0.0
s3-joint,pt0.0_dt-15_m0.15_seed164,3.2,0.4,0.1,0.3,1.4,112.8,17.9,12.0,2.4,2.3,0.2,7.4,6.1,94,88,226267.0,0.0,3590.0,0.55,,164.0,,0.0,-15.0,0.15,-8.571428571428566,0.0,0.0,-25.000000000000007,-74.99999999999999,6.214689265536718,-17.511520737327192,-6.976744186046514,-67.12328767123287,-92.96636085626912,0.0,-9.756097560975597,8.928571428571429,0.0,0.0,5.329627871035016,-52.619770357661345,0.0
s3-joint,pt0.0_dt-15_m0.15_seed171,3.0,0.4,0.1,0.2,0.1,48.5,5.0,2.1,1.4,14.3,0.2,5.8,5.0,94,88,235985.0,0.0,2833.0,0.55,,171.0,,0.0,-15.0,0.15,-14.285714285714285,0.0,0.0,-50.0,-98.21428571428572,-54.33145009416196,-76.95852534562212,-83.72093023255815,-80.82191780821918,-56.269113149847094,0.0,-29.268292682926827,-10.714285714285708,0.0,0.0,9.853457345287639,-62.61053187277287,0.0
s3-joint,pt0.0_dt-15_m0.15_seed178,3.4,0.4,0.1,0.3,2.4,91.5,11.8,7.8,1.1,2.2,0.2,6.8,5.0,94,88,232828.0,0.0,2680.0,0.55,,178.0,,0.0,-15.0,0.15,-2.85714285714286,0.0,0.0,-25.000000000000007,-57.14285714285714,-13.841807909604523,-45.6221198156682,-39.53488372093024,-84.93150684931507,-93.27217125382263,0.0,-17.073170731707314,-10.714285714285708,0.0,0.0,8.383841205113166,-64.62980071268312,0.0
s3-joint,pt0.0_dt-15_m0.15_seed185,3.3,0.4,0.1,0.3,0.1,67.0,10.3,9.9,1.1,8.2,0.2,6.8,5.1,94,88,240282.0,0.0,2713.0,0.55,,185.0,,0.0,-15.0,0.15,-5.71428571428572,0.0,0.0,-25.000000000000007,-98.21428571428572,-36.91148775894539,-52.53456221198156,-23.25581395348837,-84.93150684931507,-74.92354740061162,0.0,-17.073170731707314,-8.928571428571429,0.0,0.0,11.853755271904589,-64.19427213936915,0.0
s3-joint,pt0.0_dt-15_m0.15_seed192,2.7,0.3,0.1,0.3,10.0,127.7,24.4,13.0,2.6,2.6,0.2,7.9,6.0,94,88,217699.0,0.0,4835.0,0.55,,192.0,,0.0,-15.0,0.15,-22.85714285714285,-25.000000000000007,0.0,-25.000000000000007,78.57142857142858,20.24482109227872,12.442396313364053,0.7751937984496096,-64.3835616438356,-92.04892966360856,0.0,-3.658536585365841,7.1428571428571495,0.0,0.0,1.3411352866147157,-36.18846509172496,0.0
s3-joint,pt0.0_dt-15_m0.15_seed199,2.7,0.3,0.1,0.3,10.1,124.6,30.6,16.1,5.7,2.5,0.2,8.7,6.1,94,88,213549.0,0.0,5759.0,0.55,,199.0,,0.0,-15.0,0.15,-22.85714285714285,-25.000000000000007,0.0,-25.000000000000007,80.35714285714286,17.325800376647827,41.01382488479264,24.806201550387605,-21.917808219178077,-92.35474006116208,0.0,6.097560975609757,8.928571428571429,0.0,0.0,-0.590732620171494,-23.993665038933614,0.0
s3-joint,pt0.0_dt-15_m0.15_seed206,2.9,0.4,0.1,0.2,0.1,48.0,2.9,2.0,1.3,15.1,0.2,5.5,5.1,94,88,234102.0,0.0,3008.0,0.55,,206.0,,0.0,-15.0,0.15,-17.142857142857146,0.0,0.0,-50.0,-98.21428571428572,-54.802259887005654,-86.63594470046083,-84.49612403100775,-82.19178082191782,-53.822629969418955,0.0,-32.92682926829268,-8.928571428571429,0.0,0.0,8.976901376979583,-60.30091065065329,0.0
s3-joint,pt0.0_dt-15_m0.15_seed213,3.0,0.4,0.1,0.2,13.1,136.4,21.9,13.8,3.5,2.2,0.2,8.0,5.4,94,88,215491.0,0.0,5130.0,0.55,,213.0,,0.0,-15.0,0.15,-14.285714285714285,0.0,0.0,-50.0,133.92857142857144,28.436911487758948,0.9216589861751119,6.976744186046514,-52.054794520547944,-93.27217125382263,0.0,-2.439024390243894,-3.5714285714285587,0.0,0.0,0.3132884581366552,-32.2951036030091,0.0
s3-joint,pt0.0_dt-15_m0.15_seed220,2.7,0.4,0.1,0.2,0.1,56.8,9.5,13.5,1.5,9.9,0.2,7.2,5.4,94,88,240136.0,0.0,2707.0,0.55,,220.0,,0.0,-15.0,0.15,-22.85714285714285,0.0,0.0,-50.0,-98.21428571428572,-46.516007532956685,-56.22119815668203,4.651162790697672,-79.45205479452055,-69.72477064220183,0.0,-12.195121951219502,-3.5714285714285587,0.0,0.0,11.785790762412834,-64.27345915269895,0.0
s3-joint,pt0.0_dt-15_m0.15_seed227,3.2,0.4,0.1,0.3,5.1,137.9,19.5,14.5,4.0,2.6,0.2,7.7,5.9,94,88,222133.0,0.0,4282.0,0.55,,227.0,,0.0,-15.0,0.15,-8.571428571428566,0.0,0.0,-25.000000000000007,-8.928571428571429,29.84934086629002,-10.138248847926265,12.403100775193796,-45.20547945205479,-92.04892966360856,0.0,-6.0975609756097455,5.35714285714287,0.0,0.0,3.40520812967256,-43.4868681536228,0.0
s3-joint,pt0.0_dt-15_m0.15_seed234,3.1,0.4,0.1,0.3,0.1,42.5,2.9,2.1,1.1,11.5,0.2,5.7,5.0,94,88,239415.0,0.0,2509.0,0.55,,234.0,,0.0,-15.0,0.15,-11.428571428571425,0.0,0.0,-25.000000000000007,-98.21428571428572,-59.981167608286256,-86.63594470046083,-83.72093023255815,-84.93150684931507,-64.83180428134557,0.0,-30.487804878048774,-10.714285714285708,0.0,0.0,11.450157808004915,-66.88663059258282,0.0
s3-joint,pt0.0_dt-15_m0.15_seed241,3.0,0.4,0.1,0.2,0.1,61.4,11.4,13.7,1.2,7.4,0.2,7.2,5.1,94,88,235883.0,0.0,3338.0,0.55,,241.0,,0.0,-15.0,0.15,-14.285714285714285,0.0,0.0,-50.0,-98.21428571428572,-42.18455743879473,-47.46543778801843,6.201550387596891,-83.56164383561644,-77.37003058103976,0.0,-12.195121951219502,-8.928571428571429,0.0,0.0,9.805975290711206,-55.94562491751353,0.0
s3-joint,pt0.0_dt-15_m0.15_seed248,3.1,0.4,0.1,0.2,0.1,64.6,14.4,8.8,1.1,16.9,0.2,7.2,5.0,94,88,230910.0,0.0,3678.0,0.55,,248.0,,0.0,-15.0,0.15,-11.428571428571425,0.0,0.0,-50.0,-98.21428571428572,-39.171374764595114,-33.6405529953917,-31.782945736434105,-84.93150684931507,-48.31804281345566,0.0,-12.195121951219502,-10.714285714285708,0.0,0.0,7.490992374940647,-51.45836082882407,0.0
s3-joint,pt0.0_dt-15_m0.15_seed255,3.1,0.4,0.1,0.2,0.1,66.2,6.2,4.6,1.3,19.8,0.2,5.7,5.6,94,88,228824.0,0.0,4018.0,0.55,,255.0,,0.0,-15.0,0.15,-11.428571428571425,0.0,0.0,-50.0,-98.21428571428572,-37.664783427495294,-71.42857142857143,-64.34108527131784,-82.19178082191782,-39.44954128440367,0.0,-30.487804878048774,0.0,0.0,0.0,6.519937807818711,-46.97109674013461,0.0
s3-joint,pt0.0_dt-15_m0.15_seed262,3.1,0.4,0.1,0.3,0.1,59.4,11.4,7.0,1.1,17.3,0.2,7.0,5.2,94,88,230962.0,0.0,3674.0,0.55,,262.0,,0.0,-15.0,0.15,-11.428571428571425,0.0,0.0,-25.000000000000007,-98.21428571428572,-44.067796610169495,-47.46543778801843,-45.736434108527135,-84.93150684931507,-47.094801223241596,0.0,-14.634146341463408,-7.142857142857134,0.0,0.0,7.515198912567849,-51.51115217104395,0.0
s3-joint,pt0.0_dt-15_m0.1_seed101,3.2,0.4,0.1,0.3,0.1,61.8,15.6,16.0,1.2,5.3,0.2,7.4,5.5,94,88,242043.0,0.0,2955.0,0.55,,101.0,,0.0,-15.0,0.1,-8.571428571428566,0.0,0.0,-25.000000000000007,-98.21428571428572,-41.80790960451978,-28.110599078341014,24.03100775193798,-83.56164383561644,-83.79204892966361,0.0,-9.756097560975597,-1.7857142857142794,0.0,0.0,12.67351897885652,-61.000395935066656,0.0
s3-joint,pt0.0_dt-15_m0.1_seed108,3.5,0.4,0.1,0.2,0.1,57.6,9.7,10.1,1.5,11.2,0.2,7.0,5.2,94,88,237077.0,0.0,3192.0,0.55,,108.0,,0.0,-15.0,0.1,0.0,0.0,0.0,-50.0,-98.21428571428572,-45.76271186440678,-55.29953917050692,-21.705426356589154,-79.45205479452055,-65.74923547400611,0.0,-14.634146341463408,-7.142857142857134,0.0,0.0,10.361794635458853,-57.872508908539,0.0
s3-joint,pt0.0_dt-15_m0.1_seed115,3.1,0.4,0.1,0.2,2.7,84.4,14.0,8.0,1.8,2.9,0.2,6.9,5.1,94,88,230815.0,0.0,3685.0,0.55,,115.0,,0.0,-15.0,0.1,-11.428571428571425,0.0,0.0,-50.0,-51.78571428571428,-20.52730696798493,-35.48387096774193,-37.98449612403101,-75.34246575342466,-91.13149847094802,0.0,-15.853658536585355,-8.928571428571429,0.0,0.0,7.446768892737107,-51.36597597993929,0.0
s3-joint,pt0.0_dt-15_m0.1_seed122,3.2,0.5,0.4,0.3,15.2,147.2,33.0,17.9,7.0,2.2,0.2,9.3,5.4,94,88,209446.0,0.0,6700.0,0.55,,122.0,,0.0,-15.0,0.1,-8.571428571428566,24.999999999999993,300.00000000000006,-25.000000000000007,171.42857142857144,38.606403013182664,52.073732718894014,38.759689922480604,-4.109589041095888,-93.27217125382263,0.0,13.41463414634148,-3.5714285714285587,0.0,0.0,-2.500721541025426,-11.574501781707799,0.0
s3-joint,pt0.0_dt-15_m0.1_seed129,2.9,0.6,0.5,0.2,19.2,167.4,34.6,14.7,7.2,4.3,0.3,9.0,6.3,94,88,206724.0,0.0,7230.0,0.55,,129.0,,0.0,-15.0,0.1,-17.142857142857146,49.999999999999986,400.0,-50.0,242.8571428571429,57.6271186440678,59.44700460829494,13.953488372093014,-1.3698630136986254,-86.85015290519877,49.999999999999986,9.75609756097562,12.500000000000004,0.0,0.0,-3.7678406837415857,-4.5796489375742375,0.0
s3-joint,pt0.0_dt-15_m0.1_seed136,3.2,0.4,0.1,0.3,0.1,77.4,17.2,10.4,1.9,3.3,0.2,7.2,5.5,94,88,236709.0,0.0,3392.0,0.55,,136.0,,0.0,-15.0,0.1,-8.571428571428566,0.0,0.0,-25.000000000000007,-98.21428571428572,-27.118644067796605,-20.737327188940093,-19.37984496124031,-73.97260273972603,-89.90825688073394,0.0,-12.195121951219502,-1.7857142857142794,0.0,0.0,10.19048683071251,-55.2329417975452,0.0
s3-joint,pt0.0_dt-15_m0.1_seed143,3.0,0.4,0.1,0.3,0.1,67.3,5.3,9.5,1.5,6.3,0.2,6.6,5.0,94,88,240029.0,0.0,3041.0,0.55,,143.0,,0.0,-15.0,0.1,-14.285714285714285,0.0,0.0,-25.000000000000007,-98.21428571428572,-36.62900188323918,-75.57603686635944,-26.356589147286826,-79.45205479452055,-80.73394495412845,0.0,-19.51219512195122,-10.714285714285708,0.0,0.0,11.735981156141479,-59.86538207733931,0.0
s3-joint,pt0.0_dt-15_m0.1_seed150,3.6,0.4,0.1,0.3,5.4,129.2,20.8,16.3,5.1,2.5,0.2,8.1,5.1,94,88,218887.0,0.0,5364.0,0.55,,150.0,,0.0,-15.0,0.1,2.85714285714286,0.0,0.0,-25.000000000000007,-3.5714285714285587,21.65725047080978,-4.1474654377880125,26.356589147286826,-30.136986301369866,-92.35474006116208,0.0,-1.219512195121947,-8.928571428571429,0.0,0.0,1.8941615693284546,-29.20681008314636,0.0
s3-joint,pt0.0_dt-15_m0.1_seed157,3.1,0.4,0.1,0.3,0.1,91.8,31.4,11.4,2.1,19.3,0.2,7.8,6.2,94,88,224981.0,0.0,5325.0,0.55,,157.0,,0.0,-15.0,0.1,-11.428571428571425,0.0,0.0,-25.000000000000007,-98.21428571428572,-13.55932203389831,44.70046082949309,-11.627906976744185,-71.23287671232876,-40.97859327217125,0.0,-4.8780487804877986,10.714285714285724,0.0,0.0,4.730981575100783,-29.721525669790154,0.0
s3-joint,pt0.0_dt-15_m0.1_seed164,3.4,0.4,0.1,0.3,8.7,136.8,23.8,14.0,3.4,2.2,0.2,7.9,5.9,94,88,217675.0,0.0,5292.0,0.55,,164.0,,0.0,-15.0,0.1,-2.85714285714286,0.0,0.0,-25.000000000000007,55.35714285714285,28.813559322033903,9.677419354838717,8.527131782945734,-53.42465753424658,-93.27217125382263,0.0,-3.658536585365841,5.35714285714287,0.0,0.0,1.3299630384790846,-30.15705424310413,0.0
s3-joint,pt0.0_dt-15_m0.1_seed171,3.3,0.4,0.1,0.3,7.6,133.6,25.4,13.0,2.5,2.4,0.2,7.9,6.1,94,88,220873.0,0.0,4950.0,0.55,,171.0,,0.0,-15.0,0.1,-5.71428571428572,0.0,0.0,-25.000000000000007,35.714285714285715,25.800376647834266,17.05069124423963,0.7751937984496096,-65.75342465753424,-92.66055045871559,0.0,-3.658536585365841,8.928571428571429,0.0,0.0,2.8186651025519276,-34.67071400290352,0.0
s3-joint,pt0.0_dt-15_m0.1_seed178,3.2,0.4,0.1,0.3,0.1,63.8,10.5,12.5,1.3,3.1,0.2,7.1,5.7,94,88,242519.0,0.0,3093.0,0.55,,178.0,,0.0,-15.0,0.1,-8.571428571428566,0.0,0.0,-25.000000000000007,-98.21428571428572,-39.92467043314502,-51.61290322580645,-3.1007751937984525,-82.19178082191782,-90.51987767584097,0.0,-13.414634146341461,1.7857142857142954,0.0,0.0,12.895101900213204,-59.17909462848093,0.0
s3-joint,pt0.0_dt-15_m0.1_seed185,3.1,0.4,0.1,0.3,0.1,78.4,16.8,33.8,4.7,3.4,0.2,8.9,5.1,94,88,234449.0,0.0,3584.0,0.55,,185.0,,0.0,-15.0,0.1,-11.428571428571425,0.0,0.0,-25.000000000000007,-98.21428571428572,-26.177024482109225,-22.580645161290317,162.01550387596896,-35.61643835616438,-89.60244648318043,0.0,8.536585365853671,-8.928571428571429,0.0,0.0,9.138433464607248,-52.69895737099116,0.0
s3-joint,pt0.0_dt-15_m0.1_seed192,3.2,0.4,0.1,0.3,0.1,83.5,20.3,23.2,3.9,3.7,0.2,8.1,6.3,94,88,236863.0,0.0,3457.0,0.55,,192.0,,0.0,-15.0,0.1,-8.571428571428566,0.0,0.0,-25.000000000000007,-98.21428571428572,-21.374764595103578,-6.451612903225801,79.84496124031007,-46.57534246575342,-88.68501529051989,0.0,-1.219512195121947,12.500000000000004,0.0,0.0,10.262175422916144,-54.375082486472216,0.0
s3-joint,pt0.0_dt-15_m0.1_seed199,3.2,0.4,0.1,0.3,0.1,95.0,11.4,7.0,1.2,18.1,0.2,6.6,5.3,94,88,228142.0,0.0,4711.0,0.55,,199.0,,0.0,-15.0,0.1,-8.571428571428566,0.0,0.0,-25.000000000000007,-98.21428571428572,-10.546139359698683,-47.46543778801843,-45.736434108527135,-83.56164383561644,-44.64831804281346,0.0,-19.51219512195122,-5.357142857142854,0.0,0.0,6.202459756631195,-37.824996700541114,0.0
s3-joint,pt0.0_dt-15_m0.1_seed206,2.9,0.5,0.4,0.2,15.2,179.0,31.3,15.5,7.2,2.9,0.2,8.7,6.2,94,88,208338.0,0.0,6927.0,0.55,,206.0,,0.0,-15.0,0.1,-17.142857142857146,24.999999999999993,300.00000000000006,-50.0,171.42857142857144,68.54990583804143,44.23963133640554,20.15503875968992,-1.3698630136986254,-91.13149847094802,0.0,6.097560975609757,10.714285714285724,0.0,0.0,-3.016506996620395,-8.578593110729841,0.0
s3-joint,pt0.0_dt-15_m0.1_seed213,2.9,0.4,0.1,0.3,0.1,91.5,28.0,13.1,4.6,20.4,0.2,8.0,6.0,94,88,221628.0,0.0,5630.0,0.55,,213.0,,0.0,-15.0,0.1,-17.142857142857146,0.0,0.0,-25.000000000000007,-98.21428571428572,-13.841807909604523,29.03225806451613,1.5503875968992191,-36.986301369863014,-37.61467889908258,0.0,-2.439024390243894,7.1428571428571495,0.0,0.0,3.1701254084853225,-25.696185825524616,0.0
s3-joint,pt0.0_dt-15_m0.1_seed220,3.3,0.4,0.1,0.3,0.1,86.0,14.3,36.0,4.0,20.0,0.2,9.2,5.4,94,88,228104.0,0.0,4742.0,0.55,,220.0,,0.0,-15.0,0.1,-5.71428571428572,0.0,0.0,-25.000000000000007,-98.21428571428572,-19.020715630885125,-34.10138248847926,179.06976744186048,-45.20547945205479,-38.83792048929664,0.0,12.195121951219514,-3.5714285714285587,0.0,0.0,6.184770363749779,-37.41586379833707,0.0
s3-joint,pt0.0_dt-15_m0.1_seed227,3.2,0.4,0.1,0.2,0.1,82.6,14.3,17.9,2.3,17.7,0.2,8.2,5.3,94,88,226515.0,0.0,4616.0,0.55,,227.0,,0.0,-15.0,0.1,-8.571428571428566,0.0,0.0,-50.0,-98.21428571428572,-22.22222222222223,-34.10138248847926,38.759689922480604,-68.4931506849315,-45.87155963302753,0.0,0.0,-5.357142857142854,0.0,0.0,5.445074435103204,-39.078791078263166,0.0
s3-joint,pt0.0_dt-15_m0.1_seed234,3.3,0.4,0.1,0.2,0.1,98.4,21.6,37.5,6.3,20.7,0.2,9.9,5.4,94,88,221101.0,0.0,5553.0,0.55,,234.0,,0.0,-15.0,0.1,-5.71428571428572,0.0,0.0,-50.0,-98.21428571428572,-7.3446327683615795,-0.4608294930875478,190.69767441860466,-13.698630136986301,-36.697247706422026,0.0,20.731707317073187,-3.5714285714285587,0.0,0.0,2.924801459840423,-26.712419163257227,0.0
s3-joint,pt0.0_dt-15_m0.1_seed241,3.3,0.4,0.1,0.2,0.1,74.2,10.5,7.7,1.4,13.0,0.3,6.8,5.0,94,88,232571.0,0.0,3910.0,0.55,,241.0,,0.0,-15.0,0.1,-5.71428571428572,0.0,0.0,-50.0,-98.21428571428572,-30.131826741996232,-51.61290322580645,-40.310077519379846,-80.82191780821918,-60.24464831804281,49.999999999999986,-17.073170731707314,-10.714285714285708,0.0,0.0,8.264205047994116,-48.39646298007127,0.0
s3-joint,pt0.0_dt-15_m0.1_seed248,3.2,0.4,0.1,0.3,0.1,90.2,18.5,23.8,4.2,4.8,0.2,8.5,5.7,94,88,231974.0,0.0,4069.0,0.55,,248.0,,0.0,-15.0,0.1,-8.571428571428566,0.0,0.0,-25.000000000000007,-98.21428571428572,-15.065913370998116,-14.74654377880184,84.49612403100775,-42.465753424657535,-85.3211009174312,0.0,3.6585365853658622,1.7857142857142954,0.0,0.0,7.986295375620292,-46.298007126831195,0.0
s3-joint,pt0.0_dt-15_m0.1_seed255,3.4,0.4,0.1,0.2,0.1,84.2,18.4,17.6,2.0,15.0,0.2,7.8,5.2,94,88,230868.0,0.0,4579.0,0.55,,255.0,,0.0,-15.0,0.1,-2.85714285714286,0.0,0.0,-50.0,-98.21428571428572,-20.715630885122412,-15.207373271889404,36.43410852713179,-72.6027397260274,-54.128440366972484,0.0,-4.8780487804877986,-7.142857142857134,0.0,0.0,7.471440940703293,-39.567110993797016,0.0
s3-joint,pt0.0_dt-15_m0.1_seed262,2.9,0.4,0.1,0.3,0.1,90.2,22.8,17.1,5.4,17.7,0.2,8.7,5.8,94,88,222225.0,0.0,5129.0,0.55,,262.0,,0.0,-15.0,0.1,-17.142857142857146,0.0,0.0,-25.000000000000007,-98.21428571428572,-15.065913370998116,5.069124423963141,32.55813953488373,-26.027397260273965,-45.87155963302753,0.0,6.097560975609757,3.5714285714285747,0.0,0.0,3.4480350808591456,-32.30830143856407,0.0
s3-joint,pt0.0_dt-30_m0.05_seed101,3.2,0.4,0.1,0.3,0.1,98.8,28.2,13.0,4.8,14.3,0.2,7.9,5.9,94,88,224615.0,0.0,6040.0,0.55,,101.0,,0.0,-30.0,0.05,-8.571428571428566,0.0,0.0,-25.000000000000007,-98.21428571428572,-6.967984934086633,29.95391705069125,0.7751937984496096,-34.24657534246575,-56.269113149847094,0.0,-3.658536585365841,5.35714285714287,0.0,0.0,4.560604791032409,-20.28507324798733,0.0
s3-joint,pt0.0_dt-30_m0.05_seed108,3.3,0.6,0.7,0.3,20.6,200.8,47.3,21.4,11.5,2.5,0.2,11.8,7.1,94,88,203059.0,0.0,8668.0,0.55,,108.0,,0.0,-30.0,0.05,-5.71428571428572,49.999999999999986,599.9999999999999,-25.000000000000007,267.85714285714295,89.07721280602637,117.97235023041475,65.89147286821704,57.53424657534247,-92.35474006116208,0.0,43.90243902439027,26.785714285714285,0.0,0.0,-5.473936076120251,14.398838590471163,0.0
s3-joint,pt0.0_dt-30_m0.05_seed115,3.3,0.4,0.1,0.3,0.1,106.0,20.5,13.7,4.9,24.8,0.3,8.0,5.3,94,88,221467.0,0.0,6297.0,0.55,,115.0,,0.0,-30.0,0.05,-5.71428571428572,0.0,0.0,-25.000000000000007,-98.21428571428572,-0.18832391713747915,-5.529953917050688,6.201550387596891,-32.87671232876711,-24.15902140672783,49.999999999999986,-2.439024390243894,-5.357142857142854,0.0,0.0,3.095178243908797,-16.8932295103603,0.0
s3-joint,pt0.0_dt-30_m0.05_seed122,3.5,0.4,0.1,0.3,0.1,81.0,16.5,11.5,2.0,19.8,0.3,8.0,6.2,94,88,226237.0,0.0,5340.0,0.55,,122.0,,0.0,-30.0,0.05,0.0,0.0,0.0,-25.000000000000007,-98.21428571428572,-23.728813559322038,-23.963133640552993,-10.852713178294577,-72.6027397260274,-39.44954128440367,49.999999999999986,-2.439024390243894,10.714285714285724,0.0,0.0,5.315662560865477,-29.52355813646562,0.0
s3-joint,pt0.0_dt-30_m0.05_seed129,3.3,0.4,0.1,0.3,0.2,87.0,18.1,9.0,1.3,23.9,0.3,7.6,5.8,94,88,225277.0,0.0,5741.0,0.55,,129.0,,0.0,-30.0,0.05,-5.71428571428572,0.0,0.0,-25.000000000000007,-96.42857142857143,-18.079096045197744,-16.589861751152064,-30.232558139534888,-82.19178082191782,-26.911314984709488,49.999999999999986,-7.317073170731704,3.5714285714285747,0.0,0.0,4.868772635440234,-24.231226078923058,0.0
s3-joint,pt0.0_dt-30_m0.05_seed136,3.1,0.4,0.1,0.3,0.1,102.9,22.2,12.6,3.4,18.1,0.2,8.0,5.2,94,88,227762.0,0.0,5225.0,0.55,,136.0,,0.0,-30.0,0.05,-11.428571428571425,0.0,0.0,-25.000000000000007,-98.21428571428572,-3.107344632768359,2.3041474654377883,-2.3255813953488427,-53.42465753424658,-44.64831804281346,0.0,-2.439024390243894,-7.142857142857134,0.0,0.0,6.025565827817036,-31.04130922528705,0.0
s3-joint,pt0.0_dt-30_m0.05_seed143,4.3,2.6,1.0,0.3,25.6,256.3,59.5,23.0,11.4,2.6,0.5,13.6,11.4,94,88,200360.0,0.0,9671.0,0.55,,143.0,,0.0,-30.0,0.05,22.85714285714285,550.0,900.0,-25.000000000000007,357.14285714285717,141.3370998116761,174.19354838709677,78.29457364341084,56.16438356164385,-92.04892966360856,149.99999999999997,65.85365853658539,103.57142857142858,0.0,0.0,-6.730348481039764,27.636267652105058,0.0
s3-joint,pt0.0_dt-30_m0.05_seed150,3.4,0.4,0.1,0.3,5.2,100.6,26.9,27.0,7.0,3.6,0.3,9.3,6.2,94,88,223510.0,0.0,5610.0,0.55,,150.0,,0.0,-30.0,0.05,-2.85714285714286,0.0,0.0,-25.000000000000007,-7.142857142857134,-5.273069679849349,23.963133640552993,109.30232558139534,-4.109589041095888,-88.9908256880734,49.999999999999986,13.41463414634148,10.714285714285724,0.0,0.0,4.046215866454394,-25.96014253662399,0.0
s3-joint,pt0.0_dt-30_m0.05_seed157,3.5,0.5,0.3,0.3,15.8,183.0,37.2,19.9,10.6,2.3,0.2,10.1,6.8,94,88,208384.0,0.0,7702.0,0.55,,157.0,,0.0,-30.0,0.05,0.0,24.999999999999993,199.99999999999997,-25.000000000000007,182.1428571428572,72.31638418079096,71.42857142857146,54.26356589147285,45.20547945205479,-92.96636085626912,0.0,23.17073170731708,21.428571428571434,0.0,0.0,-2.995093521027102,1.649729444371123,0.0
s3-joint,pt0.0_dt-30_m0.05_seed164,3.4,0.4,0.1,0.3,1.3,123.6,17.2,13.0,2.8,2.8,0.3,7.6,5.5,94,88,226745.0,0.0,5038.0,0.55,,164.0,,0.0,-30.0,0.05,-2.85714285714286,0.0,0.0,-25.000000000000007,-76.78571428571429,16.384180790960443,-20.737327188940093,0.7751937984496096,-61.64383561643836,-91.43730886850153,49.999999999999986,-7.317073170731704,-1.7857142857142794,0.0,0.0,5.552141813069668,-33.509304474066255,0.0
s3-joint,pt0.0_dt-30_m0.05_seed171,3.7,1.0,0.6,0.3,26.5,166.1,38.1,21.1,10.8,2.7,0.2,10.1,6.3,94,88,206181.0,0.0,8240.0,0.55,,171.0,,0.0,-30.0,0.05,5.71428571428572,149.99999999999997,500.0,-25.000000000000007,373.2142857142857,56.40301318267419,75.57603686635946,63.565891472868216,47.94520547945207,-91.74311926605505,0.0,23.17073170731708,12.500000000000004,0.0,0.0,-4.020612797810239,8.750164972944436,0.0
s3-joint,pt0.0_dt-30_m0.05_seed178,3.2,0.4,0.1,0.3,6.3,133.1,48.3,19.7,8.6,13.9,0.2,9.8,6.4,94,88,211767.0,0.0,8048.0,0.55,,178.0,,0.0,-30.0,0.05,-8.571428571428566,0.0,0.0,-25.000000000000007,12.500000000000004,25.329566854990578,122.58064516129032,52.71317829457364,17.80821917808219,-57.49235474006117,0.0,19.51219512195124,14.285714285714299,0.0,0.0,-1.4202720442421026,6.216180546390392,0.0
s3-joint,pt0.0_dt-30_m0.05_seed185,3.4,0.4,0.1,0.3,0.4,104.4,26.2,23.0,8.2,19.2,0.2,9.3,5.2,94,88,221892.0,0.0,6321.0,0.55,,185.0,,0.0,-30.0,0.05,-2.85714285714286,0.0,0.0,-25.000000000000007,-92.85714285714285,-1.6949152542372854,20.737327188940093,78.29457364341084,12.328767123287664,-41.28440366972478,0.0,13.41463414634148,-7.142857142857134,0.0,0.0,3.293020137977264,-16.576481457041044,0.0
s3-joint,pt0.0_dt-30_m0.05_seed192,3.3,0.4,0.1,0.3,2.1,134.3,32.8,18.6,8.9,33.7,0.2,9.3,6.4,94,88,211265.0,0.0,7724.0,0.55,,192.0,,0.0,-30.0,0.05,-5.71428571428572,0.0,0.0,-25.000000000000007,-62.5,26.459510357815454,51.15207373271888,44.186046511627914,21.917808219178088,3.0581039755351678,0.0,13.41463414634148,14.285714285714299,0.0,0.0,-1.6539582344123862,1.9400818265804407,0.0
s3-joint,pt0.0_dt-30_m0.05_seed199,3.3,0.4,0.1,0.3,0.1,70.5,9.8,7.9,1.5,12.2,0.2,6.7,5.3,94,88,236313.0,0.0,3736.0,0.55,,199.0,,0.0,-30.0,0.05,-5.71428571428572,0.0,0.0,-25.000000000000007,-98.21428571428572,-33.61581920903955,-54.83870967741935,-38.75968992248062,-79.45205479452055,-62.69113149847095,0.0,-18.292682926829258,-5.357142857142854,0.0,0.0,10.006144736474596,-50.69288636663587,0.0
s3-joint,pt0.0_dt-30_m0.05_seed206,3.4,0.4,0.1,0.2,0.1,132.7,21.0,15.4,6.9,21.3,0.2,8.4,5.6,94,88,222962.0,0.0,6191.0,0.55,,206.0,,0.0,-30.0,0.05,-2.85714285714286,0.0,0.0,-50.0,-98.21428571428572,24.952919020715616,-3.2258064516129004,19.37984496124031,-5.479452054794513,-34.862385321100916,0.0,2.4390243902439157,0.0,0.0,0.0,3.7911162006908175,-18.292200079187012,0.0
s3-joint,pt0.0_dt-30_m0.05_seed213,3.8,1.3,0.8,0.3,19.2,172.8,37.6,19.7,11.1,4.7,0.2,10.6,6.1,94,88,205258.0,0.0,8375.0,0.55,,213.0,,0.0,-30.0,0.05,8.571428571428566,225.0,700.0,-25.000000000000007,242.8571428571429,62.71186440677967,73.27188940092168,52.71317829457364,52.054794520547944,-85.62691131498471,0.0,29.268292682926838,8.928571428571429,0.0,0.0,-4.450278840693052,10.53187277286525,0.0
s3-joint,pt0.0_dt-30_m0.05_seed220,3.2,0.4,0.1,0.2,0.2,100.4,14.7,9.2,1.4,20.4,0.2,7.2,5.3,94,88,228608.0,0.0,5246.0,0.55,,220.0,,0.0,-30.0,0.05,-8.571428571428566,0.0,0.0,-50.0,-96.42857142857143,-5.461393596986815,-32.25806451612903,-28.682170542635667,-80.82191780821918,-37.61467889908258,0.0,-12.195121951219502,-5.357142857142854,0.0,0.0,6.419387574598032,-30.764154678632703,0.0
s3-joint,pt0.0_dt-30_m0.05_seed227,3.1,0.4,0.1,0.2,2.2,102.9,20.3,14.3,4.3,30.0,0.2,8.0,5.6,94,88,218642.0,0.0,6620.0,0.55,,227.0,,0.0,-30.0,0.05,-11.428571428571425,0.0,0.0,-50.0,-60.71428571428571,-3.107344632768359,-6.451612903225801,10.852713178294577,-41.09589041095891,-8.256880733944962,0.0,-2.439024390243894,0.0,0.0,0.0,1.7801115362772206,-12.63032862610532,0.0
s3-joint,pt0.0_dt-30_m0.05_seed234,3.5,0.4,0.1,0.2,2.3,140.5,28.2,16.1,6.5,33.3,0.2,9.1,6.1,94,88,215666.0,0.0,7463.0,0.55,,234.0,,0.0,-30.0,0.05,0.0,0.0,0.0,-50.0,-58.92857142857143,32.29755178907721,29.95391705069125,24.806201550387605,-10.958904109589039,1.8348623853210833,0.0,10.975609756097567,8.928571428571429,0.0,0.0,0.39475276745896526,-1.5045532532664643,0.0
s3-joint,pt0.0_dt-30_m0.05_seed241,3.3,0.4,0.1,0.3,0.1,85.6,23.9,13.3,4.5,9.4,0.2,7.9,5.5,94,88,226635.0,0.0,5349.0,0.55,,241.0,,0.0,-30.0,0.05,-5.71428571428572,0.0,0.0,-25.000000000000007,-98.21428571428572,-19.397363465160083,10.138248847926265,3.1007751937984525,-38.35616438356164,-71.25382262996942,0.0,-3.658536585365841,-1.7857142857142794,0.0,0.0,5.500935675781359,-29.404777616470902,0.0
s3-joint,pt0.0_dt-30_m0.05_seed248,3.4,0.4,0.2,0.3,11.8,159.8,31.4,14.6,5.4,2.4,0.3,8.3,6.4,94,88,213899.0,0.0,6575.0,0.55,,248.0,,0.0,-30.0,0.05,-2.85714285714286,0.0,100.0,-25.000000000000007,110.71428571428574,50.470809792843696,44.70046082949309,13.178294573643404,-26.027397260273965,-92.66055045871559,49.999999999999986,1.2195121951219685,14.285714285714299,0.0,0.0,-0.42780400152687387,-13.224231226078922,0.0
s3-joint,pt0.0_dt-30_m0.05_seed255,3.4,0.4,0.1,0.3,0.2,110.0,13.6,11.5,1.4,19.6,0.2,7.3,5.3,94,88,230128.0,0.0,5464.0,0.55,,255.0,,0.0,-30.0,0.05,-2.85714285714286,0.0,0.0,-25.000000000000007,-96.42857142857143,3.5781544256120497,-37.327188940092164,-10.852713178294577,-80.82191780821918,-40.0611620795107,0.0,-10.975609756097555,-5.357142857142854,0.0,0.0,7.126963289854668,-27.887026527649468,0.0
s3-joint,pt0.0_dt-30_m0.05_seed262,3.0,0.5,0.5,0.3,16.5,150.2,31.0,15.1,6.5,2.8,0.2,8.6,5.6,94,88,210581.0,0.0,6894.0,0.55,,262.0,,0.0,-30.0,0.05,-14.285714285714285,24.999999999999993,400.0,-25.000000000000007,194.64285714285717,41.4312617702448,42.85714285714286,17.054263565891468,-10.958904109589039,-91.43730886850153,0.0,4.87804878048781,0.0,0.0,0.0,-1.9723673062778724,-9.014121684043817,0.0
s3-joint,pt0.0_dt-30_m0.0_seed101,3.5,0.4,0.1,0.4,5.6,106.2,21.7,12.9,7.3,32.7,0.2,8.2,5.6,94,88,214818.0,0.0,7577.0,0.55,,101.0,,0.0,-30.0,0.0,0.0,0.0,0.0,0.0,0.0,0.0,0.0,0.0,0.0,0.0,0.0,0.0,0.0,0.0,0.0,0.0,0.0,0.0
s3-joint,pt0.0_dt-30_m0.0_seed108,3.5,0.4,0.1,0.4,5.6,106.2,21.7,12.9,7.3,32.7,0.2,8.2,5.6,94,88,214818.0,0.0,7577.0,0.55,,108.0,,0.0,-30.0,0.0,0.0,0.0,0.0,0.0,0.0,0.0,0.0,0.0,0.0,0.0,0.0,0.0,0.0,0.0,0.0,0.0,0.0,0.0
s3-joint,pt0.0_dt-30_m0.0_seed115,3.5,0.4,0.1,0.4,5.6,106.2,21.7,12.9,7.3,32.7,0.2,8.2,5.6,94,88,214818.0,0.0,7577.0,0.55,,115.0,,0.0,-30.0,0.0,0.0,0.0,0.0,0.0,0.0,0.0,0.0,0.0,0.0,0.0,0.0,0.0,0.0,0.0,0.0,0.0,0.0,0.0
s3-joint,pt0.0_dt-30_m0.0_seed122,3.5,0.4,0.1,0.4,5.6,106.2,21.7,12.9,7.3,32.7,0.2,8.2,5.6,94,88,214818.0,0.0,7577.0,0.55,,122.0,,0.0,-30.0,0.0,0.0,0.0,0.0,0.0,0.0,0.0,0.0,0.0,0.0,0.0,0.0,0.0,0.0,0.0,0.0,0.0,0.0,0.0
s3-joint,pt0.0_dt-30_m0.0_seed129,3.5,0.4,0.1,0.4,5.6,106.2,21.7,12.9,7.3,32.7,0.2,8.2,5.6,94,88,214818.0,0.0,7577.0,0.55,,129.0,,0.0,-30.0,0.0,0.0,0.0,0.0,0.0,0.0,0.0,0.0,0.0,0.0,0.0,0.0,0.0,0.0,0.0,0.0,0.0,0.0,0.0
s3-joint,pt0.0_dt-30_m0.0_seed136,3.5,0.4,0.1,0.4,5.6,106.2,21.7,12.9,7.3,32.7,0.2,8.2,5.6,94,88,214818.0,0.0,7577.0,0.55,,136.0,,0.0,-30.0,0.0,0.0,0.0,0.0,0.0,0.0,0.0,0.0,0.0,0.0,0.0,0.0,0.0,0.0,0.0,0.0,0.0,0.0,0.0
s3-joint,pt0.0_dt-30_m0.0_seed143,3.5,0.4,0.1,0.4,5.6,106.2,21.7,12.9,7.3,32.7,0.2,8.2,5.6,94,88,214818.0,0.0,7577.0,0.55,,143.0,,0.0,-30.0,0.0,0.0,0.0,0.0,0.0,0.0,0.0,0.0,0.0,0.0,0.0,0.0,0.0,0.0,0.0,0.0,0.0,0.0,0.0
s3-joint,pt0.0_dt-30_m0.0_seed150,3.5,0.4,0.1,0.4,5.6,106.2,21.7,12.9,7.3,32.7,0.2,8.2,5.6,94,88,214818.0,0.0,7577.0,0.55,,150.0,,0.0,-30.0,0.0,0.0,0.0,0.0,0.0,0.0,0.0,0.0,0.0,0.0,0.0,0.0,0.0,0.0,0.0,0.0,0.0,0.0,0.0
s3-joint,pt0.0_dt-30_m0.0_seed157,3.5,0.4,0.1,0.4,5.6,106.2,21.7,12.9,7.3,32.7,0.2,8.2,5.6,94,88,214818.0,0.0,7577.0,0.55,,157.0,,0.0,-30.0,0.0,0.0,0.0,0.0,0.0,0.0,0.0,0.0,0.0,0.0,0.0,0.0,0.0,0.0,0.0,0.0,0.0,0.0,0.0
s3-joint,pt0.0_dt-30_m0.0_seed164,3.5,0.4,0.1,0.4,5.6,106.2,21.7,12.9,7.3,32.7,0.2,8.2,5.6,94,88,214818.0,0.0,7577.0,0.55,,164.0,,0.0,-30.0,0.0,0.0,0.0,0.0,0.0,0.0,0.0,0.0,0.0,0.0,0.0,0.0,0.0,0.0,0.0,0.0,0.0,0.0,0.0
s3-joint,pt0.0_dt-30_m0.0_seed171,3.5,0.4,0.1,0.4,5.6,106.2,21.7,12.9,7.3,32.7,0.2,8.2,5.6,94,88,214818.0,0.0,7577.0,0.55,,171.0,,0.0,-30.0,0.0,0.0,0.0,0.0,0.0,0.0,0.0,0.0,0.0,0.0,0.0,0.0,0.0,0.0,0.0,0.0,0.0,0.0,0.0
s3-joint,pt0.0_dt-30_m0.0_seed178,3.5,0.4,0.1,0.4,5.6,106.2,21.7,12.9,7.3,32.7,0.2,8.2,5.6,94,88,214818.0,0.0,7577.0,0.55,,178.0,,0.0,-30.0,0.0,0.0,0.0,0.0,0.0,0.0,0.0,0.0,0.0,0.0,0.0,0.0,0.0,0.0,0.0,0.0,0.0,0.0,0.0
s3-joint,pt0.0_dt-30_m0.0_seed185,3.5,0.4,0.1,0.4,5.6,106.2,21.7,12.9,7.3,32.7,0.2,8.2,5.6,94,88,214818.0,0.0,7577.0,0.55,,185.0,,0.0,-30.0,0.0,0.0,0.0,0.0,0.0,0.0,0.0,0.0,0.0,0.0,0.0,0.0,0.0,0.0,0.0,0.0,0.0,0.0,0.0
s3-joint,pt0.0_dt-30_m0.0_seed192,3.5,0.4,0.1,0.4,5.6,106.2,21.7,12.9,7.3,32.7,0.2,8.2,5.6,94,88,214818.0,0.0,7577.0,0.55,,192.0,,0.0,-30.0,0.0,0.0,0.0,0.0,0.0,0.0,0.0,0.0,0.0,0.0,0.0,0.0,0.0,0.0,0.0,0.0,0.0,0.0,0.0
s3-joint,pt0.0_dt-30_m0.0_seed199,3.5,0.4,0.1,0.4,5.6,106.2,21.7,12.9,7.3,32.7,0.2,8.2,5.6,94,88,214818.0,0.0,7577.0,0.55,,199.0,,0.0,-30.0,0.0,0.0,0.0,0.0,0.0,0.0,0.0,0.0,0.0,0.0,0.0,0.0,0.0,0.0,0.0,0.0,0.0,0.0,0.0
s3-joint,pt0.0_dt-30_m0.0_seed206,3.5,0.4,0.1,0.4,5.6,106.2,21.7,12.9,7.3,32.7,0.2,8.2,5.6,94,88,214818.0,0.0,7577.0,0.55,,206.0,,0.0,-30.0,0.0,0.0,0.0,0.0,0.0,0.0,0.0,0.0,0.0,0.0,0.0,0.0,0.0,0.0,0.0,0.0,0.0,0.0,0.0
s3-joint,pt0.0_dt-30_m0.0_seed213,3.5,0.4,0.1,0.4,5.6,106.2,21.7,12.9,7.3,32.7,0.2,8.2,5.6,94,88,214818.0,0.0,7577.0,0.55,,213.0,,0.0,-30.0,0.0,0.0,0.0,0.0,0.0,0.0,0.0,0.0,0.0,0.0,0.0,0.0,0.0,0.0,0.0,0.0,0.0,0.0,0.0
s3-joint,pt0.0_dt-30_m0.0_seed220,3.5,0.4,0.1,0.4,5.6,106.2,21.7,12.9,7.3,32.7,0.2,8.2,5.6,94,88,214818.0,0.0,7577.0,0.55,,220.0,,0.0,-30.0,0.0,0.0,0.0,0.0,0.0,0.0,0.0,0.0,0.0,0.0,0.0,0.0,0.0,0.0,0.0,0.0,0.0,0.0,0.0
s3-joint,pt0.0_dt-30_m0.0_seed227,3.5,0.4,0.1,0.4,5.6,106.2,21.7,12.9,7.3,32.7,0.2,8.2,5.6,94,88,214818.0,0.0,7577.0,0.55,,227.0,,0.0,-30.0,0.0,0.0,0.0,0.0,0.0,0.0,0.0,0.0,0.0,0.0,0.0,0.0,0.0,0.0,0.0,0.0,0.0,0.0,0.0
s3-joint,pt0.0_dt-30_m0.0_seed234,3.5,0.4,0.1,0.4,5.6,106.2,21.7,12.9,7.3,32.7,0.2,8.2,5.6,94,88,214818.0,0.0,7577.0,0.55,,234.0,,0.0,-30.0,0.0,0.0,0.0,0.0,0.0,0.0,0.0,0.0,0.0,0.0,0.0,0.0,0.0,0.0,0.0,0.0,0.0,0.0,0.0
s3-joint,pt0.0_dt-30_m0.0_seed241,3.5,0.4,0.1,0.4,5.6,106.2,21.7,12.9,7.3,32.7,0.2,8.2,5.6,94,88,214818.0,0.0,7577.0,0.55,,241.0,,0.0,-30.0,0.0,0.0,0.0,0.0,0.0,0.0,0.0,0.0,0.0,0.0,0.0,0.0,0.0,0.0,0.0,0.0,0.0,0.0,0.0
s3-joint,pt0.0_dt-30_m0.0_seed248,3.5,0.4,0.1,0.4,5.6,106.2,21.7,12.9,7.3,32.7,0.2,8.2,5.6,94,88,214818.0,0.0,7577.0,0.55,,248.0,,0.0,-30.0,0.0,0.0,0.0,0.0,0.0,0.0,0.0,0.0,0.0,0.0,0.0,0.0,0.0,0.0,0.0,0.0,0.0,0.0,0.0
s3-joint,pt0.0_dt-30_m0.0_seed255,3.5,0.4,0.1,0.4,5.6,106.2,21.7,12.9,7.3,32.7,0.2,8.2,5.6,94,88,214818.0,0.0,7577.0,0.55,,255.0,,0.0,-30.0,0.0,0.0,0.0,0.0,0.0,0.0,0.0,0.0,0.0,0.0,0.0,0.0,0.0,0.0,0.0,0.0,0.0,0.0,0.0
s3-joint,pt0.0_dt-30_m0.0_seed262,3.5,0.4,0.1,0.4,5.6,106.2,21.7,12.9,7.3,32.7,0.2,8.2,5.6,94,88,214818.0,0.0,7577.0,0.55,,262.0,,0.0,-30.0,0.0,0.0,0.0,0.0,0.0,0.0,0.0,0.0,0.0,0.0,0.0,0.0,0.0,0.0,0.0,0.0,0.0,0.0,0.0
s3-joint,pt0.0_dt-30_m0.15_seed101,3.3,0.4,0.1,0.2,3.9,113.9,19.7,10.4,1.7,2.4,0.2,7.5,5.3,94,88,221600.0,0.0,4110.0,0.55,,101.0,,0.0,-30.0,0.15,-5.71428571428572,0.0,0.0,-50.0,-30.357142857142854,7.250470809792846,-9.216589861751153,-19.37984496124031,-76.71232876712328,-92.66055045871559,0.0,-8.53658536585365,-5.357142857142854,0.0,0.0,3.157091118993753,-45.75689586907747,0.0
s3-joint,pt0.0_dt-30_m0.15_seed108,2.8,0.4,0.1,0.2,0.4,82.9,11.9,6.2,1.0,2.5,0.2,6.5,5.0,94,88,232981.0,0.0,2914.0,0.55,,108.0,,0.0,-30.0,0.15,-20.000000000000004,0.0,0.0,-50.0,-92.85714285714285,-21.939736346516003,-45.16129032258064,-51.93798449612403,-86.3013698630137,-92.35474006116208,0.0,-20.731707317073162,-10.714285714285708,0.0,0.0,8.455064286977814,-61.541507192820376,0.0
s3-joint,pt0.0_dt-30_m0.15_seed115,3.4,0.4,0.1,0.3,2.6,84.2,17.2,9.8,1.4,2.4,0.2,7.3,5.4,94,88,227557.0,0.0,3316.0,0.55,,115.0,,0.0,-30.0,0.15,-2.85714285714286,0.0,0.0,-25.000000000000007,-53.57142857142857,-20.715630885122412,-20.737327188940093,-24.03100775193798,-80.82191780821918,-92.66055045871559,0.0,-10.975609756097555,-3.5714285714285587,0.0,0.0,5.9301362083251865,-56.23597729972285,0.0
s3-joint,pt0.0_dt-30_m0.15_seed122,2.9,0.4,0.1,0.3,0.1,58.8,12.2,16.8,1.3,12.6,0.2,7.9,5.1,94,88,232240.0,0.0,3374.0,0.55,,122.0,,0.0,-30.0,0.15,-17.142857142857146,0.0,0.0,-25.000000000000007,-98.21428571428572,-44.632768361581924,-43.77880184331797,30.232558139534888,-82.19178082191782,-61.46788990825688,0.0,-3.658536585365841,-8.928571428571429,0.0,0.0,8.110121125790204,-55.47050283753464,0.0
s3-joint,pt0.0_dt-30_m0.15_seed129,3.1,0.4,0.1,0.3,0.1,45.4,2.0,2.1,1.2,2.8,0.2,5.6,5.0,94,88,252675.0,0.0,1240.0,0.55,,129.0,,0.0,-30.0,0.15,-11.428571428571425,0.0,0.0,-25.000000000000007,-98.21428571428572,-57.250470809792844,-90.78341013824884,-83.72093023255815,-83.56164383561644,-91.43730886850153,0.0,-31.70731707317073,-10.714285714285708,0.0,0.0,17.622824902941094,-83.63468391183847,0.0
s3-joint,pt0.0_dt-30_m0.15_seed136,3.0,0.4,0.1,0.3,0.1,64.8,9.4,11.7,1.2,3.3,0.2,6.8,5.0,94,88,240274.0,0.0,2564.0,0.55,,136.0,,0.0,-30.0,0.15,-14.285714285714285,0.0,0.0,-25.000000000000007,-98.21428571428572,-38.983050847457626,-56.68202764976959,-9.302325581395356,-83.56164383561644,-89.90825688073394,0.0,-17.073170731707314,-10.714285714285708,0.0,0.0,11.850031189192713,-66.16074963705952,0.0
s3-joint,pt0.0_dt-30_m0.15_seed143,2.9,0.4,0.1,0.3,0.1,49.2,8.9,18.2,1.1,3.0,0.2,7.3,5.0,94,88,247263.0,0.0,1801.0,0.55,,143.0,,0.0,-30.0,0.15,-17.142857142857146,0.0,0.0,-25.000000000000007,-98.21428571428572,-53.67231638418078,-58.986175115207374,41.085271317829445,-84.93150684931507,-90.82568807339449,0.0,-10.975609756097555,-10.714285714285708,0.0,0.0,15.103482948356284,-76.23069816550085,0.0
s3-joint,pt0.0_dt-30_m0.15_seed150,3.1,0.4,0.1,0.2,0.1,75.1,9.4,21.0,1.3,8.0,0.2,7.7,5.1,94,88,235084.0,0.0,3313.0,0.55,,150.0,,0.0,-30.0,0.15,-11.428571428571425,0.0,0.0,-50.0,-98.21428571428572,-29.284369114877595,-56.68202764976959,62.7906976744186,-82.19178082191782,-75.53516819571865,0.0,-6.0975609756097455,-8.928571428571429,0.0,0.0,9.434032529862488,-56.275570806387755,0.0
s3-joint,pt0.0_dt-30_m0.15_seed157,2.8,0.4,0.1,0.2,0.1,66.3,12.1,7.2,1.1,19.5,0.2,6.8,5.2,94,88,227227.0,0.0,4268.0,0.55,,157.0,,0.0,-30.0,0.15,-20.000000000000004,0.0,0.0,-50.0,-98.21428571428572,-37.57062146892656,-44.23963133640553,-44.18604651162791,-84.93150684931507,-40.36697247706423,0.0,-17.073170731707314,-7.142857142857134,0.0,0.0,5.77651779646026,-43.67163785139237,0.0
s3-joint,pt0.0_dt-30_m0.15_seed164,3.2,0.4,0.1,0.3,1.4,112.8,17.9,12.0,2.4,2.3,0.2,7.4,6.1,94,88,226267.0,0.0,3590.0,0.55,,164.0,,0.0,-30.0,0.15,-8.571428571428566,0.0,0.0,-25.000000000000007,-74.99999999999999,6.214689265536718,-17.511520737327192,-6.976744186046514,-67.12328767123287,-92.96636085626912,0.0,-9.756097560975597,8.928571428571429,0.0,0.0,5.329627871035016,-52.619770357661345,0.0
s3-joint,pt0.0_dt-30_m0.15_seed171,3.0,0.4,0.1,0.2,0.1,48.5,5.0,2.1,1.4,14.3,0.2,5.8,5.0,94,88,235985.0,0.0,2833.0,0.55,,171.0,,0.0,-30.0,0.15,-14.285714285714285,0.0,0.0,-50.0,-98.21428571428572,-54.33145009416196,-76.95852534562212,-83.72093023255815,-80.82191780821918,-56.269113149847094,0.0,-29.268292682926827,-10.714285714285708,0.0,0.0,9.853457345287639,-62.61053187277287,0.0
s3-joint,pt0.0_dt-30_m0.15_seed178,3.4,0.4,0.1,0.3,2.4,91.5,11.8,7.8,1.1,2.2,0.2,6.8,5.0,94,88,232828.0,0.0,2680.0,0.55,,178.0,,0.0,-30.0,0.15,-2.85714285714286,0.0,0.0,-25.000000000000007,-57.14285714285714,-13.841807909604523,-45.6221198156682,-39.53488372093024,-84.93150684931507,-93.27217125382263,0.0,-17.073170731707314,-10.714285714285708,0.0,0.0,8.383841205113166,-64.62980071268312,0.0
s3-joint,pt0.0_dt-30_m0.15_seed185,3.3,0.4,0.1,0.3,0.1,67.0,10.3,9.9,1.1,8.2,0.2,6.8,5.1,94,88,240282.0,0.0,2713.0,0.55,,185.0,,0.0,-30.0,0.15,-5.71428571428572,0.0,0.0,-25.000000000000007,-98.21428571428572,-36.91148775894539,-52.53456221198156,-23.25581395348837,-84.93150684931507,-74.92354740061162,0.0,-17.073170731707314,-8.928571428571429,0.0,0.0,11.853755271904589,-64.19427213936915,0.0
s3-joint,pt0.0_dt-30_m0.15_seed192,2.7,0.3,0.1,0.3,10.0,127.7,24.4,13.0,2.6,2.6,0.2,7.9,6.0,94,88,217699.0,0.0,4835.0,0.55,,192.0,,0.0,-30.0,0.15,-22.85714285714285,-25.000000000000007,0.0,-25.000000000000007,78.57142857142858,20.24482109227872,12.442396313364053,0.7751937984496096,-64.3835616438356,-92.04892966360856,0.0,-3.658536585365841,7.1428571428571495,0.0,0.0,1.3411352866147157,-36.18846509172496,0.0
s3-joint,pt0.0_dt-30_m0.15_seed199,2.7,0.3,0.1,0.3,10.1,124.6,30.6,16.1,5.7,2.5,0.2,8.7,6.1,94,88,213549.0,0.0,5759.0,0.55,,199.0,,0.0,-30.0,0.15,-22.85714285714285,-25.000000000000007,0.0,-25.000000000000007,80.35714285714286,17.325800376647827,41.01382488479264,24.806201550387605,-21.917808219178077,-92.35474006116208,0.0,6.097560975609757,8.928571428571429,0.0,0.0,-0.590732620171494,-23.993665038933614,0.0
s3-joint,pt0.0_dt-30_m0.15_seed206,2.9,0.4,0.1,0.2,0.1,48.0,2.9,2.0,1.3,15.1,0.2,5.5,5.1,94,88,234102.0,0.0,3008.0,0.55,,206.0,,0.0,-30.0,0.15,-17.142857142857146,0.0,0.0,-50.0,-98.21428571428572,-54.802259887005654,-86.63594470046083,-84.49612403100775,-82.19178082191782,-53.822629969418955,0.0,-32.92682926829268,-8.928571428571429,0.0,0.0,8.976901376979583,-60.30091065065329,0.0
s3-joint,pt0.0_dt-30_m0.15_seed213,3.0,0.4,0.1,0.2,13.1,136.4,21.9,13.8,3.5,2.2,0.2,8.0,5.4,94,88,215491.0,0.0,5130.0,0.55,,213.0,,0.0,-30.0,0.15,-14.285714285714285,0.0,0.0,-50.0,133.92857142857144,28.436911487758948,0.9216589861751119,6.976744186046514,-52.054794520547944,-93.27217125382263,0.0,-2.439024390243894,-3.5714285714285587,0.0,0.0,0.3132884581366552,-32.2951036030091,0.0
s3-joint,pt0.0_dt-30_m0.15_seed220,2.7,0.4,0.1,0.2,0.1,56.8,9.5,13.5,1.5,9.9,0.2,7.2,5.4,94,88,240136.0,0.0,2707.0,0.55,,220.0,,0.0,-30.0,0.15,-22.85714285714285,0.0,0.0,-50.0,-98.21428571428572,-46.516007532956685,-56.22119815668203,4.651162790697672,-79.45205479452055,-69.72477064220183,0.0,-12.195121951219502,-3.5714285714285587,0.0,0.0,11.785790762412834,-64.27345915269895,0.0
s3-joint,pt0.0_dt-30_m0.15_seed227,3.2,0.4,0.1,0.3,5.1,137.9,19.5,14.5,4.0,2.6,0.2,7.7,5.9,94,88,222133.0,0.0,4282.0,0.55,,227.0,,0.0,-30.0,0.15,-8.571428571428566,0.0,0.0,-25.000000000000007,-8.928571428571429,29.84934086629002,-10.138248847926265,12.403100775193796,-45.20547945205479,-92.04892966360856,0.0,-6.0975609756097455,5.35714285714287,0.0,0.0,3.40520812967256,-43.4868681536228,0.0
s3-joint,pt0.0_dt-30_m0.15_seed234,3.1,0.4,0.1,0.3,0.1,42.5,2.9,2.1,1.1,11.5,0.2,5.7,5.0,94,88,239415.0,0.0,2509.0,0.55,,234.0,,0.0,-30.0,0.15,-11.428571428571425,0.0,0.0,-25.000000000000007,-98.21428571428572,-59.981167608286256,-86.63594470046083,-83.72093023255815,-84.93150684931507,-64.83180428134557,0.0,-30.487804878048774,-10.714285714285708,0.0,0.0,11.450157808004915,-66.88663059258282,0.0
s3-joint,pt0.0_dt-30_m0.15_seed241,3.0,0.4,0.1,0.2,0.1,61.4,11.4,13.7,1.2,7.4,0.2,7.2,5.1,94,88,235883.0,0.0,3338.0,0.55,,241.0,,0.0,-30.0,0.15,-14.285714285714285,0.0,0.0,-50.0,-98.21428571428572,-42.18455743879473,-47.46543778801843,6.201550387596891,-83.56164383561644,-77.37003058103976,0.0,-12.195121951219502,-8.928571428571429,0.0,0.0,9.805975290711206,-55.94562491751353,0.0
s3-joint,pt0.0_dt-30_m0.15_seed248,3.1,0.4,0.1,0.2,0.1,64.6,14.4,8.8,1.1,16.9,0.2,7.2,5.0,94,88,230910.0,0.0,3678.0,0.55,,248.0,,0.0,-30.0,0.15,-11.428571428571425,0.0,0.0,-50.0,-98.21428571428572,-39.171374764595114,-33.6405529953917,-31.782945736434105,-84.93150684931507,-48.31804281345566,0.0,-12.195121951219502,-10.714285714285708,0.0,0.0,7.490992374940647,-51.45836082882407,0.0
s3-joint,pt0.0_dt-30_m0.15_seed255,3.1,0.4,0.1,0.2,0.1,66.2,6.2,4.6,1.3,19.8,0.2,5.7,5.6,94,88,228824.0,0.0,4018.0,0.55,,255.0,,0.0,-30.0,0.15,-11.428571428571425,0.0,0.0,-50.0,-98.21428571428572,-37.664783427495294,-71.42857142857143,-64.34108527131784,-82.19178082191782,-39.44954128440367,0.0,-30.487804878048774,0.0,0.0,0.0,6.519937807818711,-46.97109674013461,0.0
s3-joint,pt0.0_dt-30_m0.15_seed262,3.1,0.4,0.1,0.3,0.1,59.4,11.4,7.0,1.1,17.3,0.2,7.0,5.2,94,88,230962.0,0.0,3674.0,0.55,,262.0,,0.0,-30.0,0.15,-11.428571428571425,0.0,0.0,-25.000000000000007,-98.21428571428572,-44.067796610169495,-47.46543778801843,-45.736434108527135,-84.93150684931507,-47.094801223241596,0.0,-14.634146341463408,-7.142857142857134,0.0,0.0,7.515198912567849,-51.51115217104395,0.0
s3-joint,pt0.0_dt-30_m0.1_seed101,3.2,0.4,0.1,0.3,0.1,61.8,15.6,16.0,1.2,5.3,0.2,7.4,5.5,94,88,242043.0,0.0,2955.0,0.55,,101.0,,0.0,-30.0,0.1,-8.571428571428566,0.0,0.0,-25.000000000000007,-98.21428571428572,-41.80790960451978,-28.110599078341014,24.03100775193798,-83.56164383561644,-83.79204892966361,0.0,-9.756097560975597,-1.7857142857142794,0.0,0.0,12.67351897885652,-61.000395935066656,0.0
s3-joint,pt0.0_dt-30_m0.1_seed108,3.5,0.4,0.1,0.2,0.1,57.6,9.7,10.1,1.5,11.2,0.2,7.0,5.2,94,88,237077.0,0.0,3192.0,0.55,,108.0,,0.0,-30.0,0.1,0.0,0.0,0.0,-50.0,-98.21428571428572,-45.76271186440678,-55.29953917050692,-21.705426356589154,-79.45205479452055,-65.74923547400611,0.0,-14.634146341463408,-7.142857142857134,0.0,0.0,10.361794635458853,-57.872508908539,0.0
s3-joint,pt0.0_dt-30_m0.1_seed115,3.1,0.4,0.1,0.2,2.7,84.4,14.0,8.0,1.8,2.9,0.2,6.9,5.1,94,88,230815.0,0.0,3685.0,0.55,,115.0,,0.0,-30.0,0.1,-11.428571428571425,0.0,0.0,-50.0,-51.78571428571428,-20.52730696798493,-35.48387096774193,-37.98449612403101,-75.34246575342466,-91.13149847094802,0.0,-15.853658536585355,-8.928571428571429,0.0,0.0,7.446768892737107,-51.36597597993929,0.0
s3-joint,pt0.0_dt-30_m0.1_seed122,3.2,0.5,0.4,0.3,15.2,147.2,33.0,17.9,7.0,2.2,0.2,9.3,5.4,94,88,209446.0,0.0,6700.0,0.55,,122.0,,0.0,-30.0,0.1,-8.571428571428566,24.999999999999993,300.00000000000006,-25.000000000000007,171.42857142857144,38.606403013182664,52.073732718894014,38.759689922480604,-4.109589041095888,-93.27217125382263,0.0,13.41463414634148,-3.5714285714285587,0.0,0.0,-2.500721541025426,-11.574501781707799,0.0
s3-joint,pt0.0_dt-30_m0.1_seed129,2.9,0.6,0.5,0.2,19.2,167.4,34.6,14.7,7.2,4.3,0.3,9.0,6.3,94,88,206724.0,0.0,7230.0,0.55,,129.0,,0.0,-30.0,0.1,-17.142857142857146,49.999999999999986,400.0,-50.0,242.8571428571429,57.6271186440678,59.44700460829494,13.953488372093014,-1.3698630136986254,-86.85015290519877,49.999999999999986,9.75609756097562,12.500000000000004,0.0,0.0,-3.7678406837415857,-4.5796489375742375,0.0
s3-joint,pt0.0_dt-30_m0.1_seed136,3.2,0.4,0.1,0.3,0.1,77.4,17.2,10.4,1.9,3.3,0.2,7.2,5.5,94,88,236709.0,0.0,3392.0,0.55,,136.0,,0.0,-30.0,0.1,-8.571428571428566,0.0,0.0,-25.000000000000007,-98.21428571428572,-27.118644067796605,-20.737327188940093,-19.37984496124031,-73.97260273972603,-89.90825688073394,0.0,-12.195121951219502,-1.7857142857142794,0.0,0.0,10.19048683071251,-55.2329417975452,0.0
s3-joint,pt0.0_dt-30_m0.1_seed143,3.0,0.4,0.1,0.3,0.1,67.3,5.3,9.5,1.5,6.3,0.2,6.6,5.0,94,88,240029.0,0.0,3041.0,0.55,,143.0,,0.0,-30.0,0.1,-14.285714285714285,0.0,0.0,-25.000000000000007,-98.21428571428572,-36.62900188323918,-75.57603686635944,-26.356589147286826,-79.45205479452055,-80.73394495412845,0.0,-19.51219512195122,-10.714285714285708,0.0,0.0,11.735981156141479,-59.86538207733931,0.0
s3-joint,pt0.0_dt-30_m0.1_seed150,3.6,0.4,0.1,0.3,5.4,129.2,20.8,16.3,5.1,2.5,0.2,8.1,5.1,94,88,218887.0,0.0,5364.0,0.55,,150.0,,0.0,-30.0,0.1,2.85714285714286,0.0,0.0,-25.000000000000007,-3.5714285714285587,21.65725047080978,-4.1474654377880125,26.356589147286826,-30.136986301369866,-92.35474006116208,0.0,-1.219512195121947,-8.928571428571429,0.0,0.0,1.8941615693284546,-29.20681008314636,0.0
s3-joint,pt0.0_dt-30_m0.1_seed157,3.1,0.4,0.1,0.3,0.1,91.8,31.4,11.4,2.1,19.3,0.2,7.8,6.2,94,88,224981.0,0.0,5325.0,0.55,,157.0,,0.0,-30.0,0.1,-11.428571428571425,0.0,0.0,-25.000000000000007,-98.21428571428572,-13.55932203389831,44.70046082949309,-11.627906976744185,-71.23287671232876,-40.97859327217125,0.0,-4.8780487804877986,10.714285714285724,0.0,0.0,4.730981575100783,-29.721525669790154,0.0
s3-joint,pt0.0_dt-30_m0.1_seed164,3.4,0.4,0.1,0.3,8.7,136.8,23.8,14.0,3.4,2.2,0.2,7.9,5.9,94,88,217675.0,0.0,5292.0,0.55,,164.0,,0.0,-30.0,0.1,-2.85714285714286,0.0,0.0,-25.000000000000007,55.35714285714285,28.813559322033903,9.677419354838717,8.527131782945734,-53.42465753424658,-93.27217125382263,0.0,-3.658536585365841,5.35714285714287,0.0,0.0,1.3299630384790846,-30.15705424310413,0.0
s3-joint,pt0.0_dt-30_m0.1_seed171,3.3,0.4,0.1,0.3,7.6,133.6,25.4,13.0,2.5,2.4,0.2,7.9,6.1,94,88,220873.0,0.0,4950.0,0.55,,171.0,,0.0,-30.0,0.1,-5.71428571428572,0.0,0.0,-25.000000000000007,35.714285714285715,25.800376647834266,17.05069124423963,0.7751937984496096,-65.75342465753424,-92.66055045871559,0.0,-3.658536585365841,8.928571428571429,0.0,0.0,2.8186651025519276,-34.67071400290352,0.0
s3-joint,pt0.0_dt-30_m0.1_seed178,3.2,0.4,0.1,0.3,0.1,63.8,10.5,12.5,1.3,3.1,0.2,7.1,5.7,94,88,242519.0,0.0,3093.0,0.55,,178.0,,0.0,-30.0,0.1,-8.571428571428566,0.0,0.0,-25.000000000000007,-98.21428571428572,-39.92467043314502,-51.61290322580645,-3.1007751937984525,-82.19178082191782,-90.51987767584097,0.0,-13.414634146341461,1.7857142857142954,0.0,0.0,12.895101900213204,-59.17909462848093,0.0
s3-joint,pt0.0_dt-30_m0.1_seed185,3.1,0.4,0.1,0.3,0.1,78.4,16.8,33.8,4.7,3.4,0.2,8.9,5.1,94,88,234449.0,0.0,3584.0,0.55,,185.0,,0.0,-30.0,0.1,-11.428571428571425,0.0,0.0,-25.000000000000007,-98.21428571428572,-26.177024482109225,-22.580645161290317,162.01550387596896,-35.61643835616438,-89.60244648318043,0.0,8.536585365853671,-8.928571428571429,0.0,0.0,9.138433464607248,-52.69895737099116,0.0
s3-joint,pt0.0_dt-30_m0.1_seed192,3.2,0.4,0.1,0.3,0.1,83.5,20.3,23.2,3.9,3.7,0.2,8.1,6.3,94,88,236863.0,0.0,3457.0,0.55,,192.0,,0.0,-30.0,0.1,-8.571428571428566,0.0,0.0,-25.000000000000007,-98.21428571428572,-21.374764595103578,-6.451612903225801,79.84496124031007,-46.57534246575342,-88.68501529051989,0.0,-1.219512195121947,12.500000000000004,0.0,0.0,10.262175422916144,-54.375082486472216,0.0
s3-joint,pt0.0_dt-30_m0.1_seed199,3.2,0.4,0.1,0.3,0.1,95.0,11.4,7.0,1.2,18.1,0.2,6.6,5.3,94,88,228142.0,0.0,4711.0,0.55,,199.0,,0.0,-30.0,0.1,-8.571428571428566,0.0,0.0,-25.000000000000007,-98.21428571428572,-10.546139359698683,-47.46543778801843,-45.736434108527135,-83.56164383561644,-44.64831804281346,0.0,-19.51219512195122,-5.357142857142854,0.0,0.0,6.202459756631195,-37.824996700541114,0.0
s3-joint,pt0.0_dt-30_m0.1_seed206,2.9,0.5,0.4,0.2,15.2,179.0,31.3,15.5,7.2,2.9,0.2,8.7,6.2,94,88,208338.0,0.0,6927.0,0.55,,206.0,,0.0,-30.0,0.1,-17.142857142857146,24.999999999999993,300.00000000000006,-50.0,171.42857142857144,68.54990583804143,44.23963133640554,20.15503875968992,-1.3698630136986254,-91.13149847094802,0.0,6.097560975609757,10.714285714285724,0.0,0.0,-3.016506996620395,-8.578593110729841,0.0
s3-joint,pt0.0_dt-30_m0.1_seed213,2.9,0.4,0.1,0.3,0.1,91.5,28.0,13.1,4.6,20.4,0.2,8.0,6.0,94,88,221628.0,0.0,5630.0,0.55,,213.0,,0.0,-30.0,0.1,-17.142857142857146,0.0,0.0,-25.000000000000007,-98.21428571428572,-13.841807909604523,29.03225806451613,1.5503875968992191,-36.986301369863014,-37.61467889908258,0.0,-2.439024390243894,7.1428571428571495,0.0,0.0,3.1701254084853225,-25.696185825524616,0.0
s3-joint,pt0.0_dt-30_m0.1_seed220,3.3,0.4,0.1,0.3,0.1,86.0,14.3,36.0,4.0,20.0,0.2,9.2,5.4,94,88,228104.0,0.0,4742.0,0.55,,220.0,,0.0,-30.0,0.1,-5.71428571428572,0.0,0.0,-25.000000000000007,-98.21428571428572,-19.020715630885125,-34.10138248847926,179.06976744186048,-45.20547945205479,-38.83792048929664,0.0,12.195121951219514,-3.5714285714285587,0.0,0.0,6.184770363749779,-37.41586379833707,0.0
s3-joint,pt0.0_dt-30_m0.1_seed227,3.2,0.4,0.1,0.2,0.1,82.6,14.3,17.9,2.3,17.7,0.2,8.2,5.3,94,88,226515.0,0.0,4616.0,0.55,,227.0,,0.0,-30.0,0.1,-8.571428571428566,0.0,0.0,-50.0,-98.21428571428572,-22.22222222222223,-34.10138248847926,38.759689922480604,-68.4931506849315,-45.87155963302753,0.0,0.0,-5.357142857142854,0.0,0.0,5.445074435103204,-39.078791078263166,0.0
s3-joint,pt0.0_dt-30_m0.1_seed234,3.3,0.4,0.1,0.2,0.1,98.4,21.6,37.5,6.3,20.7,0.2,9.9,5.4,94,88,221101.0,0.0,5553.0,0.55,,234.0,,0.0,-30.0,0.1,-5.71428571428572,0.0,0.0,-50.0,-98.21428571428572,-7.3446327683615795,-0.4608294930875478,190.69767441860466,-13.698630136986301,-36.697247706422026,0.0,20.731707317073187,-3.5714285714285587,0.0,0.0,2.924801459840423,-26.712419163257227,0.0
s3-joint,pt0.0_dt-30_m0.1_seed241,3.3,0.4,0.1,0.2,0.1,74.2,10.5,7.7,1.4,13.0,0.3,6.8,5.0,94,88,232571.0,0.0,3910.0,0.55,,241.0,,0.0,-30.0,0.1,-5.71428571428572,0.0,0.0,-50.0,-98.21428571428572,-30.131826741996232,-51.61290322580645,-40.310077519379846,-80.82191780821918,-60.24464831804281,49.999999999999986,-17.073170731707314,-10.714285714285708,0.0,0.0,8.264205047994116,-48.39646298007127,0.0
s3-joint,pt0.0_dt-30_m0.1_seed248,3.2,0.4,0.1,0.3,0.1,90.2,18.5,23.8,4.2,4.8,0.2,8.5,5.7,94,88,231974.0,0.0,4069.0,0.55,,248.0,,0.0,-30.0,0.1,-8.571428571428566,0.0,0.0,-25.000000000000007,-98.21428571428572,-15.065913370998116,-14.74654377880184,84.49612403100775,-42.465753424657535,-85.3211009174312,0.0,3.6585365853658622,1.7857142857142954,0.0,0.0,7.986295375620292,-46.298007126831195,0.0
s3-joint,pt0.0_dt-30_m0.1_seed255,3.4,0.4,0.1,0.2,0.1,84.2,18.4,17.6,2.0,15.0,0.2,7.8,5.2,94,88,230868.0,0.0,4579.0,0.55,,255.0,,0.0,-30.0,0.1,-2.85714285714286,0.0,0.0,-50.0,-98.21428571428572,-20.715630885122412,-15.207373271889404,36.43410852713179,-72.6027397260274,-54.128440366972484,0.0,-4.8780487804877986,-7.142857142857134,0.0,0.0,7.471440940703293,-39.567110993797016,0.0
s3-joint,pt0.0_dt-30_m0.1_seed262,2.9,0.4,0.1,0.3,0.1,90.2,22.8,17.1,5.4,17.7,0.2,8.7,5.8,94,88,222225.0,0.0,5129.0,0.55,,262.0,,0.0,-30.0,0.1,-17.142857142857146,0.0,0.0,-25.000000000000007,-98.21428571428572,-15.065913370998116,5.069124423963141,32.55813953488373,-26.027397260273965,-45.87155963302753,0.0,6.097560975609757,3.5714285714285747,0.0,0.0,3.4480350808591456,-32.30830143856407,0.0
s3-joint,pt0.15_dt-15_m0.05_seed101,7.4,3.5,1.3,0.4,29.8,259.6,60.8,29.3,14.2,3.1,0.9,16.2,18.0,94,88,193962.0,0.0,10403.0,0.55,,101.0,,0.15,-15.0,0.05,111.42857142857143,775.0,1199.9999999999998,0.0,432.1428571428572,144.44444444444446,180.18433179723502,127.13178294573642,94.52054794520548,-90.51987767584097,349.99999999999994,97.56097560975611,221.42857142857144,0.0,0.0,-9.708683629863419,37.29708327834235,0.0
s3-joint,pt0.15_dt-15_m0.05_seed108,3.3,0.4,0.1,0.3,0.1,101.4,19.1,13.1,2.2,31.9,0.3,8.2,6.6,94,88,222677.0,0.0,6487.0,0.55,,108.0,,0.15,-15.0,0.05,-5.71428571428572,0.0,0.0,-25.000000000000007,-98.21428571428572,-4.5197740112994325,-11.98156682027649,1.5503875968992191,-69.86301369863014,-2.4464831804281473,49.999999999999986,0.0,17.857142857142858,0.0,0.0,3.6584457540801982,-14.385640754916192,0.0
s3-joint,pt0.15_dt-15_m0.05_seed115,3.7,0.4,0.1,0.3,0.2,121.9,34.6,26.0,11.4,31.8,0.3,10.7,6.3,94,88,215170.0,0.0,8024.0,0.55,,115.0,,0.15,-15.0,0.05,5.71428571428572,0.0,0.0,-25.000000000000007,-96.42857142857143,14.783427495291903,59.44700460829494,101.55038759689923,56.16438356164385,-2.752293577981658,49.999999999999986,30.487804878048784,12.500000000000004,0.0,0.0,0.16385963932258935,5.899432493071136,0.0
s3-joint,pt0.15_dt-15_m0.05_seed122,3.2,0.4,0.1,0.3,0.1,82.6,14.8,10.2,2.0,16.9,0.3,7.3,5.1,94,88,233050.0,0.0,4794.0,0.55,,122.0,,0.15,-15.0,0.05,-8.571428571428566,0.0,0.0,-25.000000000000007,-98.21428571428572,-22.22222222222223,-31.79723502304147,-20.93023255813954,-72.6027397260274,-48.31804281345566,49.999999999999986,-10.975609756097555,-8.928571428571429,0.0,0.0,8.487184500367754,-36.72957634947869,0.0
s3-joint,pt0.15_dt-15_m0.05_seed129,3.5,0.4,0.1,0.3,0.1,101.0,15.6,17.2,3.6,16.8,0.2,8.0,5.3,94,88,229613.0,0.0,4821.0,0.55,,129.0,,0.15,-15.0,0.05,0.0,0.0,0.0,-25.000000000000007,-98.21428571428572,-4.89642184557439,-28.110599078341014,33.33333333333333,-50.68493150684932,-48.62385321100918,0.0,-2.439024390243894,-5.357142857142854,0.0,0.0,6.887225465277584,-36.373234789494525,0.0
s3-joint,pt0.15_dt-15_m0.05_seed136,3.4,0.4,0.1,0.2,0.1,109.4,20.0,11.1,2.4,25.0,0.2,7.5,5.6,94,88,221811.0,0.0,6294.0,0.55,,136.0,,0.15,-15.0,0.05,-2.85714285714286,0.0,0.0,-50.0,-98.21428571428572,3.013182674199626,-7.834101382488476,-13.953488372093029,-67.12328767123287,-23.5474006116208,0.0,-8.53658536585365,0.0,0.0,0.0,3.2553138005195095,-16.932823017025207,0.0
s3-joint,pt0.15_dt-15_m0.05_seed143,3.4,0.4,0.1,0.2,0.2,123.0,20.9,16.7,4.7,31.2,0.3,8.6,5.7,94,88,217741.0,0.0,7409.0,0.55,,143.0,,0.15,-15.0,0.05,-2.85714285714286,0.0,0.0,-50.0,-96.42857142857143,15.819209039548019,-3.6866359447004644,29.457364341085263,-35.61643835616438,-4.587155963302763,49.999999999999986,4.87804878048781,1.7857142857142954,0.0,0.0,1.36068672085207,-2.2172363732347895,0.0
s3-joint,pt0.15_dt-15_m0.05_seed150,3.8,1.4,0.8,0.3,21.2,198.8,56.6,21.0,9.9,2.7,0.2,11.0,11.4,94,88,202202.0,0.0,8444.0,0.55,,150.0,,0.15,-15.0,0.05,8.571428571428566,249.99999999999994,700.0,-25.000000000000007,278.5714285714286,87.19397363465161,160.82949308755764,62.7906976744186,35.616438356164394,-91.74311926605505,0.0,34.14634146341465,103.57142857142858,0.0,0.0,-5.872878436630077,11.442523426158111,0.0
s3-joint,pt0.15_dt-15_m0.05_seed157,3.3,0.4,0.1,0.3,0.5,148.3,25.1,12.6,3.0,32.6,0.2,8.4,6.0,94,88,215676.0,0.0,7662.0,0.55,,157.0,,0.15,-15.0,0.05,-5.71428571428572,0.0,0.0,-25.000000000000007,-91.07142857142857,39.6421845574388,15.668202764976968,-2.3255813953488427,-58.9041095890411,-0.3058103975535212,0.0,2.4390243902439157,7.1428571428571495,0.0,0.0,0.3994078708488115,1.1218160221723636,0.0
s3-joint,pt0.15_dt-15_m0.05_seed164,3.5,0.4,0.1,0.5,0.1,129.5,33.0,23.1,9.4,30.2,0.3,10.3,6.2,94,88,217416.0,0.0,7498.0,0.55,,164.0,,0.15,-15.0,0.05,0.0,0.0,0.0,24.999999999999993,-98.21428571428572,21.939736346516003,52.073732718894014,79.06976744186048,28.767123287671243,-7.645259938837931,49.999999999999986,25.609756097560993,10.714285714285724,0.0,0.0,1.2093958606820658,-1.0426290088425498,0.0
s3-joint,pt0.15_dt-15_m0.05_seed171,3.4,0.4,0.1,0.3,0.1,101.5,27.5,27.4,4.2,13.3,0.2,8.6,5.8,94,88,229154.0,0.0,5464.0,0.55,,171.0,,0.15,-15.0,0.05,-2.85714285714286,0.0,0.0,-25.000000000000007,-98.21428571428572,-4.425612052730699,26.72811059907835,112.40310077519378,-42.465753424657535,-59.32721712538226,0.0,4.87804878048781,3.5714285714285747,0.0,0.0,6.673556219683639,-27.887026527649468,0.0
s3-joint,pt0.15_dt-15_m0.05_seed178,3.2,0.4,0.1,0.3,0.1,91.6,13.7,11.3,1.7,19.1,0.2,7.1,5.5,94,88,228622.0,0.0,5222.0,0.55,,178.0,,0.15,-15.0,0.05,-8.571428571428566,0.0,0.0,-25.000000000000007,-98.21428571428572,-13.74764595103579,-36.86635944700461,-12.403100775193796,-76.71232876712328,-41.59021406727829,0.0,-13.414634146341461,-1.7857142857142794,0.0,0.0,6.425904719343817,-31.08090273195196,0.0
s3-joint,pt0.15_dt-15_m0.05_seed185,3.2,0.4,0.1,0.3,0.1,120.4,33.1,12.6,6.9,18.5,0.2,8.3,6.0,94,88,224220.0,0.0,6225.0,0.55,,185.0,,0.15,-15.0,0.05,-8.571428571428566,0.0,0.0,-25.000000000000007,-98.21428571428572,13.370998116760832,52.53456221198158,-2.3255813953488427,-5.479452054794513,-43.42507645259939,0.0,1.2195121951219685,7.1428571428571495,0.0,0.0,4.37672820713348,-17.84347367031807,0.0
s3-joint,pt0.15_dt-15_m0.05_seed192,3.7,0.4,0.1,0.3,0.1,138.6,30.4,45.4,7.1,21.7,0.2,10.7,5.7,94,88,221342.0,0.0,6591.0,0.55,,192.0,,0.15,-15.0,0.05,5.71428571428572,0.0,0.0,-25.000000000000007,-98.21428571428572,30.508474576271176,40.09216589861751,251.93798449612405,-2.739726027397263,-33.63914373088686,0.0,30.487804878048784,1.7857142857142954,0.0,0.0,3.0369894515357188,-13.013065857199418,0.0
s3-joint,pt0.15_dt-15_m0.05_seed199,3.2,0.4,0.1,0.3,0.1,125.4,23.1,24.3,5.7,17.0,0.2,9.1,5.7,94,88,223828.0,0.0,6237.0,0.55,,199.0,,0.15,-15.0,0.05,-8.571428571428566,0.0,0.0,-25.000000000000007,-98.21428571428572,18.079096045197744,6.451612903225816,88.37209302325581,-21.917808219178077,-48.01223241590215,0.0,10.975609756097567,1.7857142857142954,0.0,0.0,4.194248154251506,-17.68509964365844,0.0
s3-joint,pt0.15_dt-15_m0.05_seed206,3.1,0.4,0.1,0.3,5.3,133.5,33.8,27.4,9.3,13.6,0.2,10.2,7.3,94,88,219844.0,0.0,7106.0,0.55,,206.0,,0.15,-15.0,0.05,-11.428571428571425,0.0,0.0,-25.000000000000007,-5.357142857142854,25.706214689265533,55.76036866359446,112.40310077519378,27.397260273972616,-58.40978593272171,0.0,24.39024390243903,30.35714285714286,0.0,0.0,2.3396549637367445,-6.216180546390392,0.0
s3-joint,pt0.15_dt-15_m0.05_seed213,3.3,0.4,0.1,0.2,0.1,120.8,47.3,69.2,10.4,5.5,0.2,13.1,9.5,94,88,221861.0,0.0,6885.0,0.55,,213.0,,0.15,-15.0,0.05,-5.71428571428572,0.0,0.0,-50.0,-98.21428571428572,13.747645951035775,117.97235023041475,436.43410852713185,42.46575342465754,-83.18042813455658,0.0,59.75609756097562,69.64285714285715,0.0,0.0,3.278589317468741,-9.132902204038537,0.0
s3-joint,pt0.15_dt-15_m0.05_seed220,5.9,3.5,1.7,0.3,31.2,287.1,53.8,24.1,12.8,4.4,0.9,15.1,8.2,94,88,194236.0,0.0,10530.0,0.55,,220.0,,0.15,-15.0,0.05,68.57142857142858,775.0,1599.9999999999998,-25.000000000000007,457.1428571428572,170.3389830508475,147.92626728110596,86.8217054263566,75.34246575342468,-86.54434250764527,349.99999999999994,84.14634146341464,46.42857142857142,0.0,0.0,-9.58113379698163,38.97320839382341,0.0
s3-joint,pt0.15_dt-15_m0.05_seed227,3.3,0.4,0.2,0.3,11.9,155.2,36.2,20.4,10.6,3.2,0.2,9.6,6.5,94,88,213360.0,0.0,7080.0,0.55,,227.0,,0.15,-15.0,0.05,-5.71428571428572,0.0,100.0,-25.000000000000007,112.50000000000003,46.13935969868172,66.82027649769587,58.13953488372091,45.20547945205479,-90.21406727828747,0.0,17.073170731707325,16.071428571428577,0.0,0.0,-0.6787140742395888,-6.559324270819586,0.0
s3-joint,pt0.15_dt-15_m0.05_seed234,3.3,0.4,0.1,0.3,0.1,116.6,21.4,42.7,4.8,17.2,0.2,10.1,5.2,94,88,225317.0,0.0,5801.0,0.55,,234.0,,0.15,-15.0,0.05,-5.71428571428572,0.0,0.0,-25.000000000000007,-98.21428571428572,9.792843691148768,-1.3824884792626762,231.0077519379845,-34.24657534246575,-47.40061162079511,0.0,23.17073170731708,-7.142857142857134,0.0,0.0,4.887393048999619,-23.439355945624918,0.0
s3-joint,pt0.15_dt-15_m0.05_seed241,3.3,0.4,0.1,0.2,0.1,104.9,16.4,18.6,4.5,19.5,0.2,8.0,5.2,94,88,226664.0,0.0,5843.0,0.55,,241.0,,0.15,-15.0,0.05,-5.71428571428572,0.0,0.0,-50.0,-98.21428571428572,-1.2241054613935942,-24.42396313364056,44.186046511627914,-38.35616438356164,-40.36697247706423,0.0,-2.439024390243894,-7.142857142857134,0.0,0.0,5.514435475611913,-22.885046852316222,0.0
s3-joint,pt0.15_dt-15_m0.05_seed248,3.4,0.4,0.1,0.3,0.2,137.3,24.3,17.3,7.3,24.5,0.3,8.6,5.6,94,88,217064.0,0.0,6598.0,0.55,,248.0,,0.15,-15.0,0.05,-2.85714285714286,0.0,0.0,-25.000000000000007,-96.42857142857143,29.284369114877595,11.981566820276504,34.10852713178294,0.0,-25.07645259938839,49.999999999999986,4.87804878048781,0.0,0.0,0.0,1.0455362213594765,-12.920681008314636,0.0
s3-joint,pt0.15_dt-15_m0.05_seed255,4.5,2.8,1.0,0.3,27.0,190.2,40.9,25.8,15.2,16.4,0.5,12.3,6.5,94,88,197201.0,0.0,9880.0,0.55,,255.0,,0.15,-15.0,0.05,28.57142857142857,599.9999999999999,900.0,-25.000000000000007,382.14285714285717,79.0960451977401,88.47926267281106,100.0,108.21917808219177,-49.84709480122325,149.99999999999997,50.00000000000002,16.071428571428577,0.0,0.0,-8.200895641892206,30.39461528309357,0.0
s3-joint,pt0.15_dt-15_m0.05_seed262,3.1,0.4,0.1,0.2,0.1,78.0,15.4,16.5,2.6,18.6,0.2,7.8,5.0,94,88,228220.0,0.0,5370.0,0.55,,262.0,,0.15,-15.0,0.05,-11.428571428571425,0.0,0.0,-50.0,-98.21428571428572,-26.55367231638418,-29.032258064516125,27.90697674418604,-64.3835616438356,-43.11926605504588,0.0,-4.8780487804877986,-10.714285714285708,0.0,0.0,6.238769563071996,-29.12762306981655,0.0
s3-joint,pt0.15_dt-15_m0.0_seed101,4.2,2.5,0.9,0.3,23.7,186.9,43.9,27.1,12.2,17.6,0.5,12.6,6.7,94,88,197388.0,0.0,10692.0,0.55,,101.0,,0.15,-15.0,0.0,20.000000000000004,525.0,800.0,-25.000000000000007,323.2142857142858,75.98870056497175,102.3041474654378,110.07751937984496,67.12328767123287,-46.17737003058104,149.99999999999997,53.658536585365866,19.642857142857153,0.0,0.0,-8.113845208502081,41.11125775372839,0.0
s3-joint,pt0.15_dt-15_m0.0_seed108,3.5,0.4,0.1,0.2,3.9,126.2,24.9,18.0,11.3,30.1,0.2,9.7,5.9,94,88,215953.0,0.0,7848.0,0.55,,108.0,,0.15,-15.0,0.0,0.0,0.0,0.0,-50.0,-30.357142857142854,18.832391713747647,14.74654377880184,39.53488372093023,54.79452054794521,-7.9510703363914415,0.0,18.292682926829272,5.35714285714287,0.0,0.0,0.5283542347475537,3.5766134353965953,0.0
s3-joint,pt0.15_dt-15_m0.0_seed115,3.5,0.4,0.1,0.3,9.1,93.6,24.4,14.4,7.4,35.8,0.2,8.7,6.0,94,88,213578.0,0.0,8058.0,0.55,,115.0,,0.15,-15.0,0.0,0.0,0.0,0.0,-25.000000000000007,62.5,-11.864406779661024,12.442396313364053,11.627906976744185,1.3698630136986376,9.480122324159003,0.0,6.097560975609757,7.1428571428571495,0.0,0.0,-0.5772328203409398,6.3481589019400815,0.0
s3-joint,pt0.15_dt-15_m0.0_seed122,3.3,0.4,0.1,0.3,0.2,116.6,21.4,17.6,7.4,29.9,0.3,8.5,6.0,94,88,217880.0,0.0,7276.0,0.55,,122.0,,0.15,-15.0,0.0,-5.71428571428572,0.0,0.0,-25.000000000000007,-96.42857142857143,9.792843691148768,-1.3824884792626762,36.43410852713179,1.3698630136986376,-8.562691131498482,49.999999999999986,3.6585365853658622,7.1428571428571495,0.0,0.0,1.4253926579709337,-3.972548502045665,0.0
s3-joint,pt0.15_dt-15_m0.0_seed129,3.5,0.4,0.1,0.3,2.1,130.7,34.4,18.8,10.6,32.1,0.2,9.5,5.9,94,88,214654.0,0.0,8440.0,0.55,,129.0,,0.15,-15.0,0.0,0.0,0.0,0.0,-25.000000000000007,-62.5,23.06967984934085,58.525345622119815,45.736434108527135,45.20547945205479,-1.8348623853211052,0.0,15.853658536585376,5.35714285714287,0.0,0.0,-0.07634369559347913,11.389732083938235,0.0
s3-joint,pt0.15_dt-15_m0.0_seed136,3.3,0.4,0.1,0.3,10.7,158.9,32.1,39.2,15.6,37.7,0.2,11.3,6.1,94,88,208001.0,0.0,9469.0,0.55,,136.0,,0.15,-15.0,0.0,-5.71428571428572,0.0,0.0,-25.000000000000007,91.07142857142857,49.62335216572505,47.926267281106,203.87596899224806,113.69863013698631,15.29051987767584,0.0,37.80487804878051,8.928571428571429,0.0,0.0,-3.1733839808582145,24.97030487000132,0.0
s3-joint,pt0.15_dt-15_m0.0_seed143,3.4,0.4,0.1,0.3,3.3,156.9,24.1,18.4,7.7,31.9,0.3,8.6,5.8,94,88,215123.0,0.0,7920.0,0.55,,143.0,,0.15,-15.0,0.0,-2.85714285714286,0.0,0.0,-25.000000000000007,-41.07142857142857,47.740112994350284,11.059907834101393,42.635658914728666,5.479452054794526,-2.4464831804281473,49.999999999999986,4.87804878048781,3.5714285714285747,0.0,0.0,0.1419806533903118,4.526857595354362,0.0
s3-joint,pt0.15_dt-15_m0.0_seed150,3.5,0.4,0.1,0.2,12.2,132.7,26.0,13.4,7.3,22.4,0.2,8.3,5.8,94,88,216423.0,0.0,7462.0,0.55,,150.0,,0.15,-15.0,0.0,0.0,0.0,0.0,-50.0,117.85714285714286,24.952919020715616,19.81566820276498,3.875968992248062,0.0,-31.49847094801224,0.0,1.2195121951219685,3.5714285714285747,0.0,0.0,0.7471440940703293,-1.5177510888214334,0.0
s3-joint,pt0.15_dt-15_m0.0_seed157,3.6,0.4,0.1,0.3,0.7,123.5,49.5,40.7,11.9,20.4,0.2,11.2,7.1,94,88,217510.0,0.0,8257.0,0.55,,157.0,,0.15,-15.0,0.0,2.85714285714286,0.0,0.0,-25.000000000000007,-87.5,16.290018832391713,128.110599078341,215.50387596899228,63.01369863013699,-37.61467889908258,0.0,36.585365853658544,26.785714285714285,0.0,0.0,1.2531538325466207,8.97452817737891,0.0
s3-joint,pt0.15_dt-15_m0.0_seed164,3.6,0.4,0.1,0.3,0.1,85.4,16.9,9.9,1.3,24.2,0.2,7.4,5.6,94,88,226953.0,0.0,5823.0,0.55,,164.0,,0.15,-15.0,0.0,2.85714285714286,0.0,0.0,-25.000000000000007,-98.21428571428572,-19.585687382297547,-22.11981566820277,-23.25581395348837,-82.19178082191782,-25.993883792048937,0.0,-9.756097560975597,0.0,0.0,0.0,5.648967963578471,-23.149003563415597,0.0
s3-joint,pt0.15_dt-15_m0.0_seed171,13.7,5.3,1.9,0.3,35.9,212.8,48.0,23.0,12.9,3.5,2.1,12.2,9.2,94,88,191782.0,0.0,10816.0,0.55,,171.0,,0.15,-15.0,0.0,291.4285714285714,1224.9999999999998,1799.9999999999995,-25.000000000000007,541.0714285714286,100.37664783427496,121.19815668202764,78.29457364341084,76.7123287671233,-89.29663608562691,950.0,48.78048780487806,64.28571428571428,0.0,0.0,-10.723496168849909,42.747789362544545,0.0
s3-joint,pt0.15_dt-15_m0.0_seed178,3.4,0.6,0.7,0.5,21.8,167.4,36.4,24.0,12.1,3.3,0.2,10.7,5.7,94,88,206566.0,0.0,8607.0,0.55,,178.0,,0.15,-15.0,0.0,-2.85714285714286,49.999999999999986,599.9999999999999,24.999999999999993,289.2857142857144,57.6271186440678,67.74193548387096,86.04651162790698,65.75342465753424,-89.90825688073394,0.0,30.487804878048784,1.7857142857142954,0.0,0.0,-3.841391317301157,13.593770621618054,0.0
s3-joint,pt0.15_dt-15_m0.0_seed185,3.3,0.4,0.1,0.2,1.2,106.1,22.5,15.4,4.5,30.0,0.2,8.1,5.6,94,88,219297.0,0.0,7093.0,0.55,,185.0,,0.15,-15.0,0.0,-5.71428571428572,0.0,0.0,-50.0,-78.57142857142857,-0.09416195856874626,3.6866359447004644,19.37984496124031,-38.35616438356164,-8.256880733944962,0.0,-1.219512195121947,0.0,0.0,0.0,2.0850208083121524,-6.38775240860499,0.0
s3-joint,pt0.15_dt-15_m0.0_seed192,3.4,0.4,0.1,0.2,2.0,109.9,23.0,20.3,7.2,19.9,0.2,8.7,5.6,94,88,223860.0,0.0,6610.0,0.55,,192.0,,0.15,-15.0,0.0,-2.85714285714286,0.0,0.0,-50.0,-64.28571428571428,3.4839924670433167,5.990783410138252,57.36434108527132,-1.3698630136986254,-39.143730886850165,0.0,6.097560975609757,0.0,0.0,0.0,4.209144485099014,-12.762306981655009,0.0
s3-joint,pt0.15_dt-15_m0.0_seed199,3.3,0.4,0.1,0.2,2.0,133.6,22.9,14.1,4.3,31.8,0.2,8.0,6.2,94,88,217185.0,0.0,7487.0,0.55,,199.0,,0.15,-15.0,0.0,-5.71428571428572,0.0,0.0,-50.0,-64.28571428571428,25.800376647834266,5.529953917050688,9.302325581395344,-41.09589041095891,-2.752293577981658,0.0,-2.439024390243894,10.714285714285724,0.0,0.0,1.1018629723766165,-1.1878051999472088,0.0
s3-joint,pt0.15_dt-15_m0.0_seed206,3.4,0.4,0.1,0.3,4.4,118.0,26.1,14.7,7.5,32.5,0.2,8.2,7.9,94,88,215816.0,0.0,7627.0,0.55,,206.0,,0.15,-15.0,0.0,-2.85714285714286,0.0,0.0,-25.000000000000007,-21.428571428571416,11.111111111111107,20.276497695852544,13.953488372093014,2.739726027397263,-0.6116207951070424,0.0,0.0,41.071428571428584,0.0,0.0,0.4645793183066596,0.6598917777484493,0.0
s3-joint,pt0.15_dt-15_m0.0_seed213,3.5,0.4,0.1,0.3,0.1,110.5,20.3,14.1,6.9,25.8,0.2,8.4,5.6,94,88,221972.0,0.0,6599.0,0.55,,213.0,,0.15,-15.0,0.0,0.0,0.0,0.0,-25.000000000000007,-98.21428571428572,4.048964218455741,-6.451612903225801,9.302325581395344,-5.479452054794513,-21.100917431192663,0.0,2.4390243902439157,0.0,0.0,0.0,3.3302609650960346,-12.907483172759667,0.0
s3-joint,pt0.15_dt-15_m0.0_seed220,3.6,0.4,0.2,0.3,14.3,158.3,25.7,15.5,7.7,3.9,0.2,8.6,5.7,94,88,212308.0,0.0,7720.0,0.55,,220.0,,0.15,-15.0,0.0,2.85714285714286,0.0,100.0,-25.000000000000007,155.3571428571429,49.05838041431262,18.433179723502306,20.15503875968992,5.479452054794526,-88.07339449541286,0.0,4.87804878048781,1.7857142857142954,0.0,0.0,-1.1684309508514183,1.887290484360565,0.0
s3-joint,pt0.15_dt-15_m0.0_seed227,3.5,0.4,0.1,0.2,2.1,126.3,22.0,14.4,4.1,35.0,0.3,8.0,5.7,94,88,214714.0,0.0,7997.0,0.55,,227.0,,0.15,-15.0,0.0,0.0,0.0,0.0,-50.0,-62.5,18.92655367231638,1.3824884792626762,11.627906976744185,-43.83561643835617,7.033639143730877,49.999999999999986,-2.439024390243894,1.7857142857142954,0.0,0.0,-0.0484130752544014,5.543090933086973,0.0
s3-joint,pt0.15_dt-15_m0.0_seed234,3.4,0.4,0.1,0.3,4.3,115.3,22.4,14.9,6.1,31.9,0.2,8.1,5.3,94,88,217814.0,0.0,7289.0,0.55,,234.0,,0.15,-15.0,0.0,-2.85714285714286,0.0,0.0,-25.000000000000007,-23.21428571428571,8.568738229755175,3.2258064516129004,15.503875968992247,-16.438356164383563,-2.4464831804281473,0.0,-1.219512195121947,-5.357142857142854,0.0,0.0,1.394668975597948,-3.8009766398310676,0.0
s3-joint,pt0.15_dt-15_m0.0_seed241,11.9,5.2,1.7,0.4,39.7,206.7,51.3,29.1,17.8,8.1,1.4,17.4,7.8,94,88,189345.0,0.0,12100.0,0.55,,241.0,,0.15,-15.0,0.0,240.0,1199.9999999999998,1599.9999999999998,0.0,608.9285714285716,94.63276836158191,136.40552995391704,125.58139534883723,143.83561643835617,-75.22935779816513,599.9999999999999,112.19512195121952,39.28571428571429,0.0,0.0,-11.857944864955451,59.69381021512472,0.0
s3-joint,pt0.15_dt-15_m0.0_seed248,3.4,0.9,0.7,0.3,20.8,182.2,35.8,20.0,12.0,18.9,0.2,10.1,5.6,94,88,205558.0,0.0,9175.0,0.55,,248.0,,0.15,-15.0,0.0,-2.85714285714286,125.0,599.9999999999999,-25.000000000000007,271.4285714285715,71.56308851224104,64.97695852534562,55.03875968992248,64.38356164383562,-42.201834862385326,0.0,23.17073170731708,0.0,0.0,0.0,-4.310625738997663,21.09014121684044,0.0
s3-joint,pt0.15_dt-15_m0.0_seed255,4.2,2.3,0.9,0.3,22.5,200.3,37.1,22.1,11.0,23.9,0.5,10.0,6.0,94,88,200706.0,0.0,9679.0,0.55,,255.0,,0.15,-15.0,0.0,20.000000000000004,474.9999999999999,800.0,-25.000000000000007,301.7857142857143,88.60640301318267,70.96774193548389,71.31782945736434,50.68493150684932,-26.911314984709488,149.99999999999997,21.951219512195134,7.1428571428571495,0.0,0.0,-6.569281903751083,27.741850336544804,0.0
s3-joint,pt0.15_dt-15_m0.0_seed262,3.4,0.5,0.1,0.6,10.6,135.6,36.4,23.0,12.2,44.3,0.2,10.5,8.4,94,88,205782.0,0.0,9772.0,0.55,,262.0,,0.15,-15.0,0.0,-2.85714285714286,24.999999999999993,0.0,49.999999999999986,89.28571428571429,27.683615819209027,67.74193548387096,78.29457364341084,67.12328767123287,35.47400611620793,0.0,28.04878048780489,50.000000000000014,0.0,0.0,-4.206351423065106,28.969249043156925,0.0
s3-joint,pt0.15_dt-15_m0.15_seed101,3.3,0.4,0.1,0.3,0.1,44.3,6.6,23.3,1.0,3.0,0.3,7.7,5.1,94,88,246051.0,0.0,1982.0,0.55,,101.0,,0.15,-15.0,0.15,-5.71428571428572,0.0,0.0,-25.000000000000007,-98.21428571428572,-58.286252354048976,-69.5852534562212,80.62015503875969,-86.3013698630137,-90.82568807339449,49.999999999999986,-6.0975609756097455,-8.928571428571429,0.0,0.0,14.539284417506911,-73.84188993005148,0.0
s3-joint,pt0.15_dt-15_m0.15_seed108,2.9,0.4,0.1,0.3,0.1,41.3,4.0,22.9,1.1,3.1,0.2,7.5,5.0,94,88,246018.0,0.0,1731.0,0.55,,108.0,,0.15,-15.0,0.15,-17.142857142857146,0.0,0.0,-25.000000000000007,-98.21428571428572,-61.111111111111114,-81.5668202764977,77.51937984496122,-84.93150684931507,-90.51987767584097,0.0,-8.53658536585365,-10.714285714285708,0.0,0.0,14.52392257632042,-77.15454665434869,0.0
s3-joint,pt0.15_dt-15_m0.15_seed115,3.2,0.4,0.1,0.2,0.1,62.4,12.3,6.6,1.0,3.8,0.2,6.8,5.2,94,88,238036.0,0.0,2855.0,0.55,,115.0,,0.15,-15.0,0.15,-8.571428571428566,0.0,0.0,-50.0,-98.21428571428572,-41.24293785310735,-43.31797235023041,-48.83720930232558,-86.3013698630137,-88.37920489296636,0.0,-17.073170731707314,-7.142857142857134,0.0,0.0,10.808219050545112,-62.32017949056355,0.0
s3-joint,pt0.15_dt-15_m0.15_seed122,3.1,0.4,0.1,0.3,0.1,59.8,6.9,8.1,1.2,14.4,0.2,6.8,5.0,94,88,234883.0,0.0,3189.0,0.55,,122.0,,0.15,-15.0,0.15,-11.428571428571425,0.0,0.0,-25.000000000000007,-98.21428571428572,-43.69114877589455,-68.20276497695852,-37.2093023255814,-83.56164383561644,-55.963302752293586,0.0,-17.073170731707314,-10.714285714285708,0.0,0.0,9.340464951726577,-57.912102415203904,0.0
s3-joint,pt0.15_dt-15_m0.15_seed129,3.0,0.4,0.1,0.4,0.1,26.3,0.8,2.2,1.3,2.6,0.2,5.3,5.0,94,88,254572.0,0.0,852.0,0.55,,129.0,,0.15,-15.0,0.15,-14.285714285714285,0.0,0.0,0.0,-98.21428571428572,-75.23540489642185,-96.31336405529953,-82.94573643410853,-82.19178082191782,-92.04892966360856,0.0,-35.36585365853659,-10.714285714285708,0.0,0.0,18.505898015994934,-88.75544410716643,0.0
s3-joint,pt0.15_dt-15_m0.15_seed136,2.8,0.4,0.1,0.3,0.1,66.9,11.8,8.7,1.2,11.1,0.2,6.8,5.3,94,88,233306.0,0.0,3357.0,0.55,,136.0,,0.15,-15.0,0.15,-20.000000000000004,0.0,0.0,-25.000000000000007,-98.21428571428572,-37.005649717514125,-45.6221198156682,-32.55813953488373,-83.56164383561644,-66.05504587155964,0.0,-17.073170731707314,-5.357142857142854,0.0,0.0,8.606355147147818,-55.694866041969114,0.0
s3-joint,pt0.15_dt-15_m0.15_seed143,2.9,0.4,0.1,0.3,0.1,50.2,6.1,16.9,1.0,3.1,0.2,7.1,5.0,94,88,248072.0,0.0,1792.0,0.55,,143.0,,0.15,-15.0,0.15,-17.142857142857146,0.0,0.0,-25.000000000000007,-98.21428571428572,-52.730696798493405,-71.88940092165899,31.00775193798448,-86.3013698630137,-90.51987767584097,0.0,-13.414634146341461,-10.714285714285708,0.0,0.0,15.48008081259485,-76.34947868549557,0.0
s3-joint,pt0.15_dt-15_m0.15_seed150,3.2,0.4,0.1,0.3,0.1,54.2,4.6,8.1,1.2,7.8,0.2,6.5,5.0,94,88,240974.0,0.0,2462.0,0.55,,150.0,,0.15,-15.0,0.15,-8.571428571428566,0.0,0.0,-25.000000000000007,-98.21428571428572,-48.96421845574388,-78.80184331797237,-37.2093023255814,-83.56164383561644,-76.14678899082568,0.0,-20.731707317073162,-10.714285714285708,0.0,0.0,12.175888426481952,-67.50692886366636,0.0
s3-joint,pt0.15_dt-15_m0.15_seed157,3.1,0.4,0.1,0.3,0.1,57.8,8.3,18.3,1.1,3.2,0.2,7.2,5.1,94,88,245027.0,0.0,2039.0,0.55,,157.0,,0.15,-15.0,0.15,-11.428571428571425,0.0,0.0,-25.000000000000007,-98.21428571428572,-45.57438794726931,-61.75115207373272,41.86046511627907,-84.93150684931507,-90.21406727828747,0.0,-12.195121951219502,-8.928571428571429,0.0,0.0,14.062601830386653,-73.08961330341825,0.0
s3-joint,pt0.15_dt-15_m0.15_seed164,3.3,0.4,0.1,0.3,0.1,34.6,5.4,6.7,1.2,3.1,0.2,6.2,5.0,94,88,249758.0,0.0,1299.0,0.55,,164.0,,0.15,-15.0,0.15,-5.71428571428572,0.0,0.0,-25.000000000000007,-98.21428571428572,-67.41996233521657,-75.11520737327187,-48.06201550387597,-83.56164383561644,-90.51987767584097,0.0,-24.390243902439014,-10.714285714285708,0.0,0.0,16.26493124412293,-82.8560116140953,0.0
s3-joint,pt0.15_dt-15_m0.15_seed171,3.1,0.4,0.1,0.3,0.1,52.2,8.5,11.6,1.4,4.2,0.2,6.7,5.4,94,88,241051.0,0.0,2103.0,0.55,,171.0,,0.15,-15.0,0.15,-11.428571428571425,0.0,0.0,-25.000000000000007,-98.21428571428572,-50.847457627118644,-60.82949308755761,-10.077519379844967,-80.82191780821918,-87.1559633027523,0.0,-18.292682926829258,-3.5714285714285587,0.0,0.0,12.211732722583768,-72.24495182790022,0.0
s3-joint,pt0.15_dt-15_m0.15_seed178,3.2,0.4,0.1,0.3,0.1,45.6,6.7,8.3,1.1,3.1,0.2,6.4,5.0,94,88,248826.0,0.0,1603.0,0.55,,178.0,,0.15,-15.0,0.15,-8.571428571428566,0.0,0.0,-25.000000000000007,-98.21428571428572,-57.06214689265536,-69.12442396313364,-35.65891472868217,-84.93150684931507,-90.51987767584097,0.0,-21.95121951219511,-10.714285714285708,0.0,0.0,15.831075608189257,-78.84386960538473,0.0
s3-joint,pt0.15_dt-15_m0.15_seed185,3.4,0.4,0.1,0.2,1.7,99.6,15.7,7.7,1.0,2.8,0.3,6.8,5.5,94,88,231132.0,0.0,2992.0,0.55,,185.0,,0.15,-15.0,0.15,-2.85714285714286,0.0,0.0,-50.0,-69.64285714285714,-6.214689265536731,-27.64976958525346,-40.310077519379846,-86.3013698630137,-91.43730886850153,49.999999999999986,-17.073170731707314,-1.7857142857142794,0.0,0.0,7.5943356701952345,-60.5120760195328,0.0
s3-joint,pt0.15_dt-15_m0.15_seed192,3.0,0.4,0.1,0.3,1.4,120.2,19.2,12.0,2.6,2.7,0.2,7.6,5.2,94,88,226152.0,0.0,3771.0,0.55,,192.0,,0.15,-15.0,0.15,-14.285714285714285,0.0,0.0,-25.000000000000007,-74.99999999999999,13.182674199623351,-11.52073732718894,-6.976744186046514,-64.3835616438356,-91.74311926605505,0.0,-7.317073170731704,-7.142857142857134,0.0,0.0,5.276094182051783,-50.230962122211956,0.0
s3-joint,pt0.15_dt-15_m0.15_seed199,2.8,0.4,0.1,0.3,0.1,70.6,12.0,28.8,1.1,3.5,0.2,8.3,5.1,94,88,235581.0,0.0,3245.0,0.55,,199.0,,0.15,-15.0,0.15,-20.000000000000004,0.0,0.0,-25.000000000000007,-98.21428571428572,-33.52165725047082,-44.70046082949309,123.25581395348837,-84.93150684931507,-89.29663608562691,0.0,1.2195121951219685,-8.928571428571429,0.0,0.0,9.665391168337848,-57.17302362412564,0.0
s3-joint,pt0.15_dt-15_m0.15_seed206,3.0,0.4,0.1,0.3,0.1,61.8,8.6,7.9,1.3,9.7,0.2,6.7,5.0,94,88,237146.0,0.0,3149.0,0.55,,206.0,,0.15,-15.0,0.15,-14.285714285714285,0.0,0.0,-25.000000000000007,-98.21428571428572,-41.80790960451978,-60.36866359447005,-38.75968992248062,-82.19178082191782,-70.33639143730888,0.0,-18.292682926829258,-10.714285714285708,0.0,0.0,10.393914848848793,-58.44001583740267,0.0
s3-joint,pt0.15_dt-15_m0.15_seed213,2.9,0.4,0.1,0.3,0.1,73.2,11.6,16.3,1.2,3.3,0.2,7.2,5.1,94,88,241035.0,0.0,2697.0,0.55,,213.0,,0.15,-15.0,0.15,-17.142857142857146,0.0,0.0,-25.000000000000007,-98.21428571428572,-31.073446327683612,-46.54377880184332,26.356589147286826,-83.56164383561644,-89.90825688073394,0.0,-12.195121951219502,-8.928571428571429,0.0,0.0,12.204284557160014,-64.40543750824864,0.0
s3-joint,pt0.15_dt-15_m0.15_seed220,2.9,0.4,0.1,0.3,0.1,50.4,5.5,3.8,1.4,2.9,0.2,5.9,4.9,94,88,247491.0,0.0,1524.0,0.55,,220.0,,0.15,-15.0,0.15,-17.142857142857146,0.0,0.0,-25.000000000000007,-98.21428571428572,-52.54237288135594,-74.65437788018433,-70.54263565891475,-80.82191780821918,-91.13149847094802,0.0,-28.04878048780487,-12.499999999999988,0.0,0.0,15.209619305644779,-79.88649861422726,0.0
s3-joint,pt0.15_dt-15_m0.15_seed227,3.1,0.4,0.1,0.3,0.1,75.5,13.7,12.1,2.1,8.0,0.2,7.7,5.1,94,88,234788.0,0.0,3543.0,0.55,,227.0,,0.15,-15.0,0.15,-11.428571428571425,0.0,0.0,-25.000000000000007,-98.21428571428572,-28.907721280602637,-36.86635944700461,-6.201550387596905,-71.23287671232876,-75.53516819571865,0.0,-6.0975609756097455,-8.928571428571429,0.0,0.0,9.296241469523038,-53.240068628744886,0.0
s3-joint,pt0.15_dt-15_m0.15_seed234,3.2,0.4,0.1,0.3,0.1,36.0,1.9,2.4,1.1,2.9,0.2,5.6,5.0,94,88,252626.0,0.0,1353.0,0.55,,234.0,,0.15,-15.0,0.15,-8.571428571428566,0.0,0.0,-25.000000000000007,-98.21428571428572,-66.10169491525424,-91.24423963133641,-81.3953488372093,-84.93150684931507,-91.13149847094802,0.0,-31.70731707317073,-10.714285714285708,0.0,0.0,17.600014896330848,-82.14332849412696,0.0
s3-joint,pt0.15_dt-15_m0.15_seed241,3.0,0.4,0.1,0.3,0.1,66.0,9.2,9.2,1.1,3.1,0.2,6.5,5.2,94,88,244453.0,0.0,2084.0,0.55,,241.0,,0.15,-15.0,0.15,-14.285714285714285,0.0,0.0,-25.000000000000007,-98.21428571428572,-37.85310734463277,-57.603686635944705,-28.682170542635667,-84.93150684931507,-90.51987767584097,0.0,-20.731707317073162,-7.142857142857134,0.0,0.0,13.795398895809477,-72.49571070344464,0.0
s3-joint,pt0.15_dt-15_m0.15_seed248,3.5,0.4,0.1,0.3,0.1,57.9,5.8,3.5,1.1,3.0,0.2,5.8,5.0,94,88,245349.0,0.0,2044.0,0.55,,248.0,,0.15,-15.0,0.15,0.0,0.0,0.0,-25.000000000000007,-98.21428571428572,-45.48022598870057,-73.27188940092165,-72.86821705426357,-84.93150684931507,-90.82568807339449,0.0,-29.268292682926827,-10.714285714285708,0.0,0.0,14.212496159539704,-73.0236241256434,0.0
s3-joint,pt0.15_dt-15_m0.15_seed255,3.0,0.4,0.1,0.3,0.1,47.1,3.2,5.2,1.2,2.8,0.2,6.1,5.0,94,88,247333.0,0.0,1998.0,0.55,,255.0,,0.15,-15.0,0.15,-14.285714285714285,0.0,0.0,-25.000000000000007,-98.21428571428572,-55.6497175141243,-85.25345622119816,-59.68992248062015,-83.56164383561644,-91.43730886850153,0.0,-25.609756097560975,-10.714285714285708,0.0,0.0,15.136068672085207,-73.63072456117197,0.0
s3-joint,pt0.15_dt-15_m0.15_seed262,3.1,0.4,0.1,0.4,0.1,61.9,5.5,2.1,1.1,14.2,0.2,5.7,5.0,94,88,235880.0,0.0,3320.0,0.55,,262.0,,0.15,-15.0,0.15,-11.428571428571425,0.0,0.0,0.0,-98.21428571428572,-41.71374764595104,-74.65437788018433,-83.72093023255815,-84.93150684931507,-56.574923547400616,0.0,-30.487804878048774,-10.714285714285708,0.0,0.0,9.804578759694254,-56.18318595750297,0.0
s3-joint,pt0.15_dt-15_m0.1_seed101,3.2,0.4,0.1,0.3,0.1,63.6,27.8,41.4,3.1,5.0,0.2,9.9,6.3,94,88,232026.0,0.0,4309.0,0.55,,101.0,,0.15,-15.0,0.1,-8.571428571428566,0.0,0.0,-25.000000000000007,-98.21428571428572,-40.11299435028249,28.11059907834102,220.93023255813952,-57.534246575342465,-84.70948012232417,0.0,20.731707317073187,12.500000000000004,0.0,0.0,8.010501913247493,-43.13052659363864,0.0
s3-joint,pt0.15_dt-15_m0.1_seed108,3.1,0.4,0.1,0.2,0.1,77.3,13.7,7.8,1.4,18.5,0.2,6.9,5.4,94,88,227733.0,0.0,4563.0,0.55,,108.0,,0.15,-15.0,0.1,-11.428571428571425,0.0,0.0,-50.0,-98.21428571428572,-27.212806026365357,-36.86635944700461,-39.53488372093024,-80.82191780821918,-43.42507645259939,0.0,-15.853658536585355,-3.5714285714285587,0.0,0.0,6.0120660279864815,-39.77827636267652,0.0
s3-joint,pt0.15_dt-15_m0.1_seed115,3.1,0.4,0.1,0.5,0.1,69.8,18.2,26.1,2.0,8.3,0.2,8.2,5.4,94,88,238954.0,0.0,3954.0,0.55,,115.0,,0.15,-15.0,0.1,-11.428571428571425,0.0,0.0,24.999999999999993,-98.21428571428572,-34.27495291902072,-16.129032258064516,102.32558139534885,-72.6027397260274,-74.61773700305811,0.0,0.0,-3.5714285714285587,0.0,0.0,11.235557541733002,-47.81575821565263,0.0
s3-joint,pt0.15_dt-15_m0.1_seed122,3.0,0.4,0.1,0.2,0.1,81.2,12.8,6.0,1.3,20.7,0.2,6.7,5.2,94,88,225536.0,0.0,4676.0,0.55,,122.0,,0.15,-15.0,0.1,-14.285714285714285,0.0,0.0,-50.0,-98.21428571428572,-23.540489642184557,-41.01382488479262,-53.48837209302326,-82.19178082191782,-36.697247706422026,0.0,-18.292682926829258,-7.142857142857134,0.0,0.0,4.989339813237252,-38.286920944965026,0.0
s3-joint,pt0.15_dt-15_m0.1_seed129,3.1,0.4,0.1,0.3,0.1,74.6,9.8,9.4,1.1,10.6,0.2,6.9,6.1,94,88,234398.0,0.0,3893.0,0.55,,129.0,,0.15,-15.0,0.1,-11.428571428571425,0.0,0.0,-25.000000000000007,-98.21428571428572,-29.755178907721287,-54.83870967741935,-27.131782945736433,-84.93150684931507,-67.58409785932722,0.0,-15.853658536585355,8.928571428571429,0.0,0.0,9.114692437319032,-48.62082618450574,0.0
s3-joint,pt0.15_dt-15_m0.1_seed136,3.2,0.4,0.1,0.2,0.1,55.8,11.8,15.8,1.5,8.2,0.2,7.3,5.5,94,88,238574.0,0.0,3291.0,0.55,,136.0,,0.15,-15.0,0.1,-8.571428571428566,0.0,0.0,-50.0,-98.21428571428572,-47.457627118644076,-45.6221198156682,22.48062015503876,-79.45205479452055,-74.92354740061162,0.0,-10.975609756097555,-1.7857142857142794,0.0,0.0,11.058663612918842,-56.56592318859707,0.0
s3-joint,pt0.15_dt-15_m0.1_seed143,3.0,0.4,0.1,0.3,0.1,72.1,15.3,26.5,1.3,4.7,0.2,7.9,5.4,94,88,235818.0,0.0,3189.0,0.55,,143.0,,0.15,-15.0,0.1,-14.285714285714285,0.0,0.0,-25.000000000000007,-98.21428571428572,-32.109227871939744,-29.49308755760368,105.42635658914728,-82.19178082191782,-85.62691131498471,0.0,-3.658536585365841,-3.5714285714285587,0.0,0.0,9.775717118677205,-57.912102415203904,0.0
s3-joint,pt0.15_dt-15_m0.1_seed150,3.4,0.4,0.1,0.3,0.1,88.4,26.5,42.1,6.8,4.1,0.2,9.8,5.6,94,88,229158.0,0.0,4771.0,0.55,,150.0,,0.15,-15.0,0.1,-2.85714285714286,0.0,0.0,-25.000000000000007,-98.21428571428572,-16.7608286252354,22.11981566820277,226.35658914728683,-6.8493150684931505,-87.46177370030581,0.0,19.51219512195124,0.0,0.0,0.0,6.675418261039577,-37.033126567242974,0.0
s3-joint,pt0.15_dt-15_m0.1_seed157,3.4,0.4,0.1,0.3,2.4,110.9,18.4,11.0,1.9,2.8,0.2,7.2,5.4,94,88,228633.0,0.0,3740.0,0.55,,157.0,,0.15,-15.0,0.1,-2.85714285714286,0.0,0.0,-25.000000000000007,-57.14285714285714,4.425612052730699,-15.207373271889404,-14.728682170542637,-73.97260273972603,-91.43730886850153,0.0,-12.195121951219502,-3.5714285714285587,0.0,0.0,6.431025333072647,-50.640095024416,0.0
s3-joint,pt0.15_dt-15_m0.1_seed164,3.3,0.4,0.1,0.3,0.1,80.4,12.0,8.4,1.1,12.5,0.2,6.9,5.2,94,88,234892.0,0.0,3738.0,0.55,,164.0,,0.15,-15.0,0.1,-5.71428571428572,0.0,0.0,-25.000000000000007,-98.21428571428572,-24.29378531073446,-44.70046082949309,-34.883720930232556,-84.93150684931507,-61.773700305810394,0.0,-15.853658536585355,-7.142857142857134,0.0,0.0,9.34465454477744,-50.66649069552594,0.0
s3-joint,pt0.15_dt-15_m0.1_seed171,3.1,0.4,0.1,0.2,0.1,102.2,23.3,15.5,2.7,14.1,0.2,8.3,5.2,94,88,226550.0,0.0,5623.0,0.55,,171.0,,0.15,-15.0,0.1,-11.428571428571425,0.0,0.0,-50.0,-98.21428571428572,-3.766478342749529,7.373271889400929,20.15503875968992,-63.013698630136986,-56.88073394495413,0.0,1.2195121951219685,-7.142857142857134,0.0,0.0,5.461367296967666,-25.788570674409396,0.0
s3-joint,pt0.15_dt-15_m0.1_seed178,3.2,0.4,0.1,0.2,0.1,113.5,16.8,15.0,2.4,17.3,0.2,7.9,6.2,94,88,228726.0,0.0,4856.0,0.55,,178.0,,0.15,-15.0,0.1,-8.571428571428566,0.0,0.0,-50.0,-98.21428571428572,6.8738229755178875,-22.580645161290317,16.279069767441857,-67.12328767123287,-47.094801223241596,0.0,-3.658536585365841,10.714285714285724,0.0,0.0,6.474317794598218,-35.911310545070606,0.0
s3-joint,pt0.15_dt-15_m0.1_seed185,3.3,0.4,0.1,0.2,0.1,99.1,12.8,10.5,1.2,33.9,0.3,6.2,7.2,94,88,219833.0,0.0,6190.0,0.55,,185.0,,0.15,-15.0,0.1,-5.71428571428572,0.0,0.0,-50.0,-98.21428571428572,-6.6854990583804215,-41.01382488479262,-18.6046511627907,-83.56164383561644,3.6697247706421883,49.999999999999986,-24.390243902439014,28.57142857142858,0.0,0.0,2.3345343500079134,-18.305397914741985,0.0
s3-joint,pt0.15_dt-15_m0.1_seed192,3.0,0.4,0.1,0.3,0.1,88.2,16.2,15.5,2.1,11.7,0.2,7.7,5.2,94,88,232000.0,0.0,4178.0,0.55,,192.0,,0.15,-15.0,0.1,-14.285714285714285,0.0,0.0,-25.000000000000007,-98.21428571428572,-16.94915254237288,-25.34562211981567,20.15503875968992,-71.23287671232876,-64.22018348623854,0.0,-6.0975609756097455,-7.142857142857134,0.0,0.0,7.998398644433894,-44.85944305133958,0.0
s3-joint,pt0.15_dt-15_m0.1_seed199,2.9,0.4,0.1,0.3,0.1,77.6,11.9,35.1,3.8,12.3,0.3,8.8,5.1,94,88,233363.0,0.0,4321.0,0.55,,199.0,,0.15,-15.0,0.1,-17.142857142857146,0.0,0.0,-25.000000000000007,-98.21428571428572,-26.930320150659142,-45.16129032258064,172.09302325581396,-47.945205479452056,-62.38532110091744,49.999999999999986,7.3170731707317245,-8.928571428571429,0.0,0.0,8.632889236469941,-42.97215256697902,0.0
s3-joint,pt0.15_dt-15_m0.1_seed206,2.9,0.4,0.1,0.2,2.1,121.1,18.6,12.6,2.4,2.8,0.2,7.4,6.1,94,88,223738.0,0.0,4965.0,0.55,,206.0,,0.15,-15.0,0.1,-17.142857142857146,0.0,0.0,-50.0,-62.5,14.030131826741988,-14.285714285714276,-2.3255813953488427,-67.12328767123287,-91.43730886850153,0.0,-9.756097560975597,8.928571428571429,0.0,0.0,4.15235222374289,-34.47274646957899,0.0
s3-joint,pt0.15_dt-15_m0.1_seed213,3.0,0.4,0.1,0.3,0.1,125.1,24.1,46.3,6.7,19.7,0.2,10.6,5.7,94,88,219792.0,0.0,5998.0,0.55,,213.0,,0.15,-15.0,0.1,-14.285714285714285,0.0,0.0,-25.000000000000007,-98.21428571428572,17.796610169491515,11.059907834101393,258.9147286821705,-8.219178082191776,-39.755351681957194,0.0,29.268292682926838,1.7857142857142954,0.0,0.0,2.315448426109544,-20.839382341296027,0.0
s3-joint,pt0.15_dt-15_m0.1_seed220,3.3,0.4,0.1,0.3,0.1,92.7,20.0,28.7,6.3,12.7,0.2,8.8,5.3,94,88,229954.0,0.0,4891.0,0.55,,220.0,,0.15,-15.0,0.1,-5.71428571428572,0.0,0.0,-25.000000000000007,-98.21428571428572,-12.711864406779661,-7.834101382488476,122.48062015503875,-13.698630136986301,-61.16207951070337,0.0,7.3170731707317245,-5.357142857142854,0.0,0.0,7.045964490871342,-35.449386300646694,0.0
s3-joint,pt0.15_dt-15_m0.1_seed227,3.3,0.4,0.1,0.4,0.1,81.9,8.3,14.4,1.4,3.3,0.2,6.7,5.1,94,88,239905.0,0.0,2581.0,0.55,,227.0,,0.15,-15.0,0.1,-5.71428571428572,0.0,0.0,0.0,-98.21428571428572,-22.881355932203387,-61.75115207373272,11.627906976744185,-80.82191780821918,-89.90825688073394,0.0,-18.292682926829258,-8.928571428571429,0.0,0.0,11.678257874107384,-65.93638643262506,0.0
s3-joint,pt0.15_dt-15_m0.1_seed234,3.1,0.4,0.1,0.3,0.1,65.0,15.4,21.1,1.3,11.1,0.2,8.0,5.1,94,88,235593.0,0.0,3342.0,0.55,,234.0,,0.15,-15.0,0.1,-11.428571428571425,0.0,0.0,-25.000000000000007,-98.21428571428572,-38.79472693032015,-29.032258064516125,63.565891472868216,-82.19178082191782,-66.05504587155964,0.0,-2.439024390243894,-8.928571428571429,0.0,0.0,9.670977292405665,-55.89283357529366,0.0
s3-joint,pt0.15_dt-15_m0.1_seed241,3.3,0.4,0.1,0.2,0.1,109.4,14.1,7.7,1.5,18.6,0.2,7.2,5.1,94,88,227994.0,0.0,5006.0,0.55,,241.0,,0.15,-15.0,0.1,-5.71428571428572,0.0,0.0,-50.0,-98.21428571428572,3.013182674199626,-35.02304147465438,-40.310077519379846,-79.45205479452055,-43.11926605504588,0.0,-12.195121951219502,-8.928571428571429,0.0,0.0,6.13356422646147,-33.93163521182526,0.0
s3-joint,pt0.15_dt-15_m0.1_seed248,3.0,0.4,0.1,0.2,0.1,72.7,26.4,29.3,4.1,10.0,0.2,9.0,5.6,94,88,232320.0,0.0,4809.0,0.55,,248.0,,0.15,-15.0,0.1,-14.285714285714285,0.0,0.0,-50.0,-98.21428571428572,-31.544256120527308,21.658986175115206,127.13178294573642,-43.83561643835617,-69.41896024464832,0.0,9.75609756097562,0.0,0.0,0.0,8.147361952908975,-36.53160881615415,0.0
s3-joint,pt0.15_dt-15_m0.1_seed255,3.3,0.4,0.1,0.3,0.1,51.3,9.0,19.2,1.1,7.8,0.2,7.5,5.1,94,88,240886.0,0.0,2994.0,0.55,,255.0,,0.15,-15.0,0.1,-5.71428571428572,0.0,0.0,-25.000000000000007,-98.21428571428572,-51.694915254237294,-58.525345622119815,48.837209302325576,-84.93150684931507,-76.14678899082568,0.0,-8.53658536585365,-8.928571428571429,0.0,0.0,12.134923516651305,-60.485680348422854,0.0
s3-joint,pt0.15_dt-15_m0.1_seed262,3.0,0.4,0.1,0.3,0.1,58.8,12.1,6.9,1.3,17.7,0.2,6.8,5.3,94,88,229676.0,0.0,4210.0,0.55,,262.0,,0.15,-15.0,0.1,-14.285714285714285,0.0,0.0,-25.000000000000007,-98.21428571428572,-44.632768361581924,-44.23963133640553,-46.51162790697674,-82.19178082191782,-45.87155963302753,0.0,-17.073170731707314,-5.357142857142854,0.0,0.0,6.9165526166336155,-44.43711231358057,0.0
s3-joint,pt0.15_dt-30_m0.05_seed101,3.5,0.4,0.1,0.3,2.0,88.7,16.8,9.5,1.9,2.8,0.3,7.2,5.3,94,88,230922.0,0.0,3772.0,0.55,,101.0,,0.15,-30.0,0.05,0.0,0.0,0.0,-25.000000000000007,-64.28571428571428,-16.47834274952919,-22.580645161290317,-26.356589147286826,-73.97260273972603,-91.43730886850153,49.999999999999986,-12.195121951219502,-5.357142857142854,0.0,0.0,7.496578499008463,-50.21776428665699,0.0
s3-joint,pt0.15_dt-30_m0.05_seed108,3.6,0.5,0.1,0.3,0.1,54.1,10.8,24.6,1.7,3.4,0.2,7.7,5.3,94,88,247591.0,0.0,2606.0,0.55,,108.0,,0.15,-30.0,0.05,2.85714285714286,24.999999999999993,0.0,-25.000000000000007,-98.21428571428572,-49.058380414312616,-50.23041474654377,90.69767441860466,-76.71232876712328,-89.60244648318043,0.0,-6.0975609756097455,-5.357142857142854,0.0,0.0,15.25617033954324,-65.60644054375082,0.0
s3-joint,pt0.15_dt-30_m0.05_seed115,3.4,0.4,0.1,0.2,0.1,81.7,20.1,18.6,1.2,18.1,0.3,8.2,5.7,94,88,229971.0,0.0,5346.0,0.55,,115.0,,0.15,-30.0,0.05,-2.85714285714286,0.0,0.0,-50.0,-98.21428571428572,-23.069679849340865,-7.373271889400912,44.186046511627914,-83.56164383561644,-44.64831804281346,49.999999999999986,0.0,1.7857142857142954,0.0,0.0,7.053878166634081,-29.444371123135802,0.0
s3-joint,pt0.15_dt-30_m0.05_seed122,3.3,0.4,0.1,0.3,0.1,76.3,16.6,24.6,2.5,18.4,0.2,8.2,5.5,94,88,231564.0,0.0,4569.0,0.55,,122.0,,0.15,-30.0,0.05,-5.71428571428572,0.0,0.0,-25.000000000000007,-98.21428571428572,-28.154425612052737,-23.502304147465427,90.69767441860466,-65.75342465753424,-43.73088685015291,0.0,0.0,-1.7857142857142794,0.0,0.0,7.795436136636595,-39.69908934934671,0.0
s3-joint,pt0.15_dt-30_m0.05_seed129,3.3,0.4,0.1,0.2,2.4,194.0,35.9,53.8,12.8,31.1,0.3,12.6,5.9,94,88,209632.0,0.0,8446.0,0.55,,129.0,,0.15,-30.0,0.05,-5.71428571428572,0.0,0.0,-50.0,-57.14285714285714,82.67419962335217,65.43778801843317,317.05426356589146,75.34246575342468,-4.892966360856273,49.999999999999986,53.658536585365866,5.35714285714287,0.0,0.0,-2.414136617974285,11.468919097268047,0.0
s3-joint,pt0.15_dt-30_m0.05_seed136,3.4,0.4,0.1,0.3,0.1,109.1,12.2,8.8,1.5,24.9,0.3,6.4,6.5,94,88,222539.0,0.0,6001.0,0.55,,136.0,,0.15,-30.0,0.05,-2.85714285714286,0.0,0.0,-25.000000000000007,-98.21428571428572,2.7306967984934007,-43.77880184331797,-31.782945736434105,-79.45205479452055,-23.85321100917432,49.999999999999986,-21.95121951219511,16.071428571428577,0.0,0.0,3.594205327300319,-20.79978883463112,0.0
s3-joint,pt0.15_dt-30_m0.05_seed143,3.5,0.4,0.1,0.3,0.1,75.8,13.2,45.3,2.5,7.3,0.2,9.3,5.5,94,88,239634.0,0.0,3932.0,0.55,,143.0,,0.15,-30.0,0.05,0.0,0.0,0.0,-25.000000000000007,-98.21428571428572,-28.625235404896426,-39.1705069124424,251.1627906976744,-65.75342465753424,-77.67584097859327,0.0,13.41463414634148,-1.7857142857142794,0.0,0.0,11.55210457224255,-48.10611059786195,0.0
s3-joint,pt0.15_dt-30_m0.05_seed150,3.1,0.4,0.1,0.3,0.1,88.7,19.9,38.8,5.1,10.0,0.2,9.3,5.8,94,88,231547.0,0.0,4772.0,0.55,,150.0,,0.15,-30.0,0.05,-11.428571428571425,0.0,0.0,-25.000000000000007,-98.21428571428572,-16.47834274952919,-8.29493087557604,200.7751937984496,-30.136986301369866,-69.41896024464832,0.0,13.41463414634148,3.5714285714285747,0.0,0.0,7.7875224608738565,-37.019928731688,0.0
s3-joint,pt0.15_dt-30_m0.05_seed157,3.3,0.4,0.1,0.2,0.1,61.7,11.5,15.8,1.5,8.6,0.2,7.4,5.4,94,88,236906.0,0.0,4023.0,0.55,,157.0,,0.15,-30.0,0.05,-5.71428571428572,0.0,0.0,-50.0,-98.21428571428572,-41.90207156308851,-47.004608294930875,22.48062015503876,-79.45205479452055,-73.70030581039755,0.0,-9.756097560975597,-3.5714285714285587,0.0,0.0,10.282192367492481,-46.905107562359774,0.0
s3-joint,pt0.15_dt-30_m0.05_seed164,3.2,0.4,0.1,0.3,3.3,99.7,17.0,10.6,2.1,2.6,0.2,7.3,5.7,94,88,229309.0,0.0,4086.0,0.55,,164.0,,0.15,-30.0,0.05,-8.571428571428566,0.0,0.0,-25.000000000000007,-41.07142857142857,-6.120527306967985,-21.658986175115206,-17.82945736434109,-71.23287671232876,-92.04892966360856,0.0,-10.975609756097555,1.7857142857142954,0.0,0.0,6.745710322226256,-46.07364392239673,0.0
s3-joint,pt0.15_dt-30_m0.05_seed171,3.7,0.4,0.1,0.4,0.1,90.9,19.4,25.7,4.1,11.0,0.2,8.8,5.2,94,88,234319.0,0.0,4930.0,0.55,,171.0,,0.15,-30.0,0.05,5.71428571428572,0.0,0.0,0.0,-98.21428571428572,-14.406779661016946,-10.59907834101383,99.22480620155038,-43.83561643835617,-66.36085626911316,0.0,7.3170731707317245,-7.142857142857134,0.0,0.0,9.077917120539247,-34.934670714002905,0.0
s3-joint,pt0.15_dt-30_m0.05_seed178,3.3,0.4,0.1,0.3,0.1,86.2,17.0,31.6,2.5,13.9,0.3,8.9,5.2,94,88,233707.0,0.0,4729.0,0.55,,178.0,,0.15,-30.0,0.05,-5.71428571428572,0.0,0.0,-25.000000000000007,-98.21428571428572,-18.832391713747647,-21.658986175115206,144.96124031007753,-65.75342465753424,-57.49235474006117,49.999999999999986,8.536585365853671,-7.142857142857134,0.0,0.0,8.793024793080654,-37.58743566055167,0.0
s3-joint,pt0.15_dt-30_m0.05_seed185,3.5,0.4,0.1,0.3,0.1,66.4,8.9,12.2,1.3,11.6,0.3,6.9,5.4,94,88,239997.0,0.0,3458.0,0.55,,185.0,,0.15,-30.0,0.05,0.0,0.0,0.0,-25.000000000000007,-98.21428571428572,-37.47645951035781,-58.986175115207374,-5.426356589147295,-82.19178082191782,-64.52599388379204,49.999999999999986,-15.853658536585355,-3.5714285714285587,0.0,0.0,11.721084825293971,-54.36188465091725,0.0
s3-joint,pt0.15_dt-30_m0.05_seed192,3.4,0.4,0.1,0.3,0.1,77.1,16.6,12.2,1.3,16.4,0.3,7.5,5.3,94,88,233316.0,0.0,4331.0,0.55,,192.0,,0.15,-30.0,0.05,-2.85714285714286,0.0,0.0,-25.000000000000007,-98.21428571428572,-27.401129943502834,-23.502304147465427,-5.426356589147295,-82.19178082191782,-49.84709480122325,49.999999999999986,-8.53658536585365,-5.357142857142854,0.0,0.0,8.611010250537666,-42.84017421142933,0.0
s3-joint,pt0.15_dt-30_m0.05_seed199,3.2,0.4,0.1,0.3,0.1,82.8,15.8,12.5,2.4,14.9,0.2,7.7,5.3,94,88,232271.0,0.0,4228.0,0.55,,199.0,,0.15,-30.0,0.05,-8.571428571428566,0.0,0.0,-25.000000000000007,-98.21428571428572,-22.03389830508475,-27.188940092165893,-3.1007751937984525,-67.12328767123287,-54.434250764526006,0.0,-6.0975609756097455,-5.357142857142854,0.0,0.0,8.124551946298727,-44.19955127359113,0.0
s3-joint,pt0.15_dt-30_m0.05_seed206,3.4,0.5,0.1,0.3,0.1,76.6,14.3,26.6,2.7,4.6,0.2,8.2,5.1,94,88,240495.0,0.0,3161.0,0.55,,206.0,,0.15,-30.0,0.05,-2.85714285714286,24.999999999999993,0.0,-25.000000000000007,-98.21428571428572,-27.871939736346523,-34.10138248847926,106.20155038759691,-63.013698630136986,-85.93272171253822,0.0,0.0,-8.928571428571429,0.0,0.0,11.952908974108315,-58.28164181074303,0.0
s3-joint,pt0.15_dt-30_m0.05_seed213,3.4,0.4,0.1,0.3,0.1,77.0,10.7,4.3,1.5,19.1,0.2,6.3,5.5,94,88,229564.0,0.0,4691.0,0.55,,213.0,,0.15,-30.0,0.05,-2.85714285714286,0.0,0.0,-25.000000000000007,-98.21428571428572,-27.495291902071568,-50.69124423963134,-66.66666666666667,-79.45205479452055,-41.59021406727829,0.0,-23.170731707317067,-1.7857142857142794,0.0,0.0,6.864415458667337,-38.08895341164049,0.0
s3-joint,pt0.15_dt-30_m0.05_seed220,3.5,0.4,0.1,0.2,10.1,164.8,26.9,12.8,6.5,2.9,0.2,8.3,5.8,94,88,219105.0,0.0,6201.0,0.55,,220.0,,0.15,-30.0,0.05,0.0,0.0,0.0,-50.0,80.35714285714286,55.17890772128061,23.963133640552993,-0.7751937984496096,-10.958904109589039,-91.13149847094802,0.0,1.2195121951219685,3.5714285714285747,0.0,0.0,1.9956428232271037,-18.160221723637324,0.0
s3-joint,pt0.15_dt-30_m0.05_seed227,4.6,2.9,1.0,0.4,23.3,219.0,50.7,24.8,14.5,3.4,0.3,13.0,7.2,94,88,198823.0,0.0,9427.0,0.55,,227.0,,0.15,-30.0,0.05,31.428571428571416,625.0,900.0,0.0,316.07142857142867,106.21468926553672,133.64055299539172,92.24806201550388,98.63013698630138,-89.60244648318043,49.999999999999986,58.536585365853675,28.57142857142858,0.0,0.0,-7.445837872059139,24.415995776692622,0.0
s3-joint,pt0.15_dt-30_m0.05_seed234,3.6,0.4,0.1,0.4,2.1,93.1,13.9,9.9,1.3,2.7,0.2,6.8,5.2,94,88,232589.0,0.0,3503.0,0.55,,234.0,,0.15,-30.0,0.05,2.85714285714286,0.0,0.0,0.0,-62.5,-12.335216572504716,-35.94470046082949,-23.25581395348837,-82.19178082191782,-91.74311926605505,0.0,-17.073170731707314,-7.142857142857134,0.0,0.0,8.27258423409584,-53.767982050943644,0.0
s3-joint,pt0.15_dt-30_m0.05_seed241,8.2,4.2,1.8,0.3,32.2,260.1,54.9,26.2,14.8,3.6,0.8,14.2,8.0,94,88,193340.0,0.0,10274.0,0.55,,241.0,,0.15,-30.0,0.05,134.28571428571428,950.0,1700.0,-25.000000000000007,475.0000000000001,144.91525423728817,152.99539170506915,103.10077519379843,102.73972602739727,-88.9908256880734,300.00000000000006,73.17073170731709,42.85714285714287,0.0,0.0,-9.998231060711857,35.594562491751354,0.0
s3-joint,pt0.15_dt-30_m0.05_seed248,3.7,0.4,0.1,0.5,0.1,68.4,11.5,7.7,1.4,11.7,0.3,6.7,5.2,94,88,236797.0,0.0,3820.0,0.55,,248.0,,0.15,-30.0,0.05,5.71428571428572,0.0,0.0,24.999999999999993,-98.21428571428572,-35.593220338983045,-47.004608294930875,-40.310077519379846,-80.82191780821918,-64.22018348623854,49.999999999999986,-18.292682926829258,-7.142857142857134,0.0,0.0,10.231451740543157,-49.584268180018476,0.0
s3-joint,pt0.15_dt-30_m0.05_seed255,3.4,0.4,0.1,0.3,0.1,105.0,11.8,12.3,1.2,32.3,0.2,5.7,8.3,94,88,220271.0,0.0,6500.0,0.55,,255.0,,0.15,-30.0,0.05,-2.85714285714286,0.0,0.0,-25.000000000000007,-98.21428571428572,-1.1299435028248614,-45.6221198156682,-4.651162790697672,-83.56164383561644,-1.2232415902140847,0.0,-30.487804878048774,48.21428571428574,0.0,0.0,2.538427878483181,-14.214068892701597,0.0
s3-joint,pt0.15_dt-30_m0.05_seed262,3.3,0.4,0.1,0.3,0.1,93.1,17.5,17.9,3.6,19.0,0.2,8.2,5.1,94,88,227139.0,0.0,5371.0,0.55,,262.0,,0.15,-30.0,0.05,-5.71428571428572,0.0,0.0,-25.000000000000007,-98.21428571428572,-12.335216572504716,-19.354838709677416,38.759689922480604,-50.68493150684932,-41.89602446483181,0.0,0.0,-8.928571428571429,0.0,0.0,5.735552886629612,-29.11442523426158,0.0
s3-joint,pt0.15_dt-30_m0.0_seed101,3.5,0.4,0.1,0.3,0.2,130.7,35.9,65.6,6.7,12.1,0.2,12.0,6.3,94,88,225410.0,0.0,6575.0,0.55,,101.0,,0.15,-30.0,0.0,0.0,0.0,0.0,-25.000000000000007,-96.42857142857143,23.06967984934085,65.43778801843317,408.5271317829457,-8.219178082191776,-62.99694189602446,0.0,46.34146341463416,12.500000000000004,0.0,0.0,4.930685510525189,-13.224231226078922,0.0
s3-joint,pt0.15_dt-30_m0.0_seed108,3.7,0.4,0.1,0.2,0.2,145.8,47.5,45.2,10.6,4.4,0.3,11.1,9.8,94,88,223641.0,0.0,6514.0,0.55,,108.0,,0.15,-30.0,0.0,5.71428571428572,0.0,0.0,-50.0,-96.42857142857143,37.288135593220346,118.89400921658988,250.38759689922486,45.20547945205479,-86.54434250764527,49.999999999999986,35.365853658536594,75.00000000000003,0.0,0.0,4.107197720861381,-14.029299194932033,0.0
s3-joint,pt0.15_dt-30_m0.0_seed115,3.5,0.4,0.1,0.3,0.3,129.0,32.0,47.3,11.6,20.9,0.2,11.6,5.6,94,88,217950.0,0.0,7699.0,0.55,,115.0,,0.15,-30.0,0.0,0.0,0.0,0.0,-25.000000000000007,-94.64285714285715,21.46892655367231,47.46543778801844,266.66666666666663,58.9041095890411,-36.085626911314996,0.0,41.46341463414635,0.0,0.0,0.0,1.4579783816998575,1.610135937706216,0.0
s3-joint,pt0.15_dt-30_m0.0_seed122,3.4,0.4,0.1,0.3,5.4,158.7,44.9,21.6,15.8,26.1,0.2,10.6,7.3,94,88,212134.0,0.0,9306.0,0.55,,122.0,,0.15,-30.0,0.0,-2.85714285714286,0.0,0.0,-25.000000000000007,-3.5714285714285587,49.43502824858756,106.91244239631337,67.44186046511629,116.43835616438356,-20.183486238532115,0.0,29.268292682926838,30.35714285714286,0.0,0.0,-1.2494297498347438,22.819057674541376,0.0
s3-joint,pt0.15_dt-30_m0.0_seed129,3.7,0.4,0.1,0.4,1.9,119.1,44.2,15.4,7.8,16.4,0.2,9.0,8.8,94,88,221149.0,0.0,6855.0,0.55,,129.0,,0.15,-30.0,0.0,5.71428571428572,0.0,0.0,0.0,-66.07142857142857,12.146892655367223,103.68663594470048,19.37984496124031,6.8493150684931505,-49.84709480122325,0.0,9.75609756097562,57.14285714285716,0.0,0.0,2.9471459561116853,-9.528837270687607,0.0
s3-joint,pt0.15_dt-30_m0.0_seed136,3.3,0.4,0.1,0.3,0.1,111.3,21.7,39.2,7.0,18.4,0.2,9.7,5.6,94,88,223522.0,0.0,6187.0,0.55,,136.0,,0.15,-30.0,0.0,-5.71428571428572,0.0,0.0,-25.000000000000007,-98.21428571428572,4.802259887005644,0.0,203.87596899224806,-4.109589041095888,-43.73088685015291,0.0,18.292682926829272,0.0,0.0,0.0,4.051801990522209,-18.34499142140689,0.0
s3-joint,pt0.15_dt-30_m0.0_seed143,3.5,0.4,0.1,0.3,0.2,112.5,20.9,15.5,7.1,20.5,0.2,8.3,5.2,94,88,224440.0,0.0,6281.0,0.55,,143.0,,0.15,-30.0,0.0,0.0,0.0,0.0,-25.000000000000007,-96.42857142857143,5.932203389830506,-3.6866359447004644,20.15503875968992,-2.739726027397263,-37.308868501529055,0.0,1.2195121951219685,-7.142857142857134,0.0,0.0,4.4791404817100995,-17.104394879239806,0.0
s3-joint,pt0.15_dt-30_m0.0_seed150,3.4,0.4,0.1,0.3,0.2,130.6,22.0,33.8,7.6,26.1,0.2,9.7,5.7,94,88,218848.0,0.0,7147.0,0.55,,150.0,,0.15,-30.0,0.0,-2.85714285714286,0.0,0.0,-25.000000000000007,-96.42857142857143,22.975517890772117,1.3824884792626762,162.01550387596896,4.109589041095888,-20.183486238532115,0.0,18.292682926829272,1.7857142857142954,0.0,0.0,1.8760066661080543,-5.675069288636664,0.0
s3-joint,pt0.15_dt-30_m0.0_seed157,3.6,0.4,0.1,0.3,0.1,95.5,23.8,13.4,4.9,8.8,0.3,7.7,5.8,94,88,231921.0,0.0,5467.0,0.55,,157.0,,0.15,-30.0,0.0,2.85714285714286,0.0,0.0,-25.000000000000007,-98.21428571428572,-10.075329566854993,9.677419354838717,3.875968992248062,-32.87671232876711,-73.08868501529052,49.999999999999986,-6.0975609756097455,3.5714285714285747,0.0,0.0,7.961623327654108,-27.847433020984557,0.0
s3-joint,pt0.15_dt-30_m0.0_seed164,3.6,0.5,0.1,0.3,0.1,108.8,23.4,28.0,7.0,11.3,0.2,8.8,5.5,94,88,231776.0,0.0,5716.0,0.55,,164.0,,0.15,-30.0,0.0,2.85714285714286,24.999999999999993,0.0,-25.000000000000007,-98.21428571428572,2.4482109227871884,7.834101382488476,117.05426356589146,-4.109589041095888,-65.4434250764526,0.0,7.3170731707317245,-1.7857142857142794,0.0,0.0,7.894124328501335,-24.561171967797282,0.0
s3-joint,pt0.15_dt-30_m0.0_seed171,7.0,3.0,1.5,0.3,28.7,217.9,49.2,23.5,11.8,2.9,0.9,10.5,7.9,94,88,197095.0,0.0,9764.0,0.55,,171.0,,0.15,-30.0,0.0,100.0,650.0,1399.9999999999998,-25.000000000000007,412.5000000000001,105.1789077212806,126.72811059907836,82.1705426356589,61.643835616438366,-91.13149847094802,349.99999999999994,28.04878048780489,41.071428571428584,0.0,0.0,-8.250239737824577,28.863666358717172,0.0
s3-joint,pt0.15_dt-30_m0.0_seed178,3.6,0.4,0.1,0.3,0.2,108.2,22.9,14.9,5.1,26.2,0.3,8.0,5.9,94,88,222324.0,0.0,6879.0,0.55,,178.0,,0.15,-30.0,0.0,2.85714285714286,0.0,0.0,-25.000000000000007,-96.42857142857143,1.8832391713747645,5.529953917050688,15.503875968992247,-30.136986301369866,-19.877675840978604,49.999999999999986,-2.439024390243894,5.35714285714287,0.0,0.0,3.494120604418624,-9.212089217368352,0.0
s3-joint,pt0.15_dt-30_m0.0_seed185,3.5,0.4,0.1,0.3,0.2,111.8,22.8,12.8,6.8,27.3,0.2,8.3,5.3,94,88,222233.0,0.0,6612.0,0.55,,185.0,,0.15,-30.0,0.0,0.0,0.0,0.0,-25.000000000000007,-96.42857142857143,5.2730696798493355,5.069124423963141,-0.7751937984496096,-6.8493150684931505,-16.513761467889914,0.0,1.2195121951219685,-5.357142857142854,0.0,0.0,3.451759163571023,-12.73591131054507,0.0
s3-joint,pt0.15_dt-30_m0.0_seed192,3.5,0.4,0.1,0.3,0.1,88.5,23.2,34.6,6.0,9.5,0.2,9.0,5.9,94,88,233008.0,0.0,5398.0,0.55,,192.0,,0.15,-30.0,0.0,0.0,0.0,0.0,-25.000000000000007,-98.21428571428572,-16.666666666666668,6.912442396313365,168.2170542635659,-17.80821917808219,-70.9480122324159,0.0,9.75609756097562,5.35714285714287,0.0,0.0,8.4676330661304,-28.75808367427742,0.0
s3-joint,pt0.15_dt-30_m0.0_seed199,3.3,0.5,0.1,0.3,0.1,87.0,16.2,12.2,2.4,18.9,0.2,7.5,5.2,94,88,230187.0,0.0,5006.0,0.55,,199.0,,0.15,-30.0,0.0,-5.71428571428572,24.999999999999993,0.0,-25.000000000000007,-98.21428571428572,-18.079096045197744,-25.34562211981567,-5.426356589147295,-67.12328767123287,-42.201834862385326,0.0,-8.53658536585365,-7.142857142857134,0.0,0.0,7.15442839985476,-33.93163521182526,0.0
s3-joint,pt0.15_dt-30_m0.0_seed206,3.4,0.4,0.1,0.3,1.8,135.3,46.0,18.8,11.7,16.4,0.3,9.8,7.5,94,88,219316.0,0.0,7722.0,0.55,,206.0,,0.15,-30.0,0.0,-2.85714285714286,0.0,0.0,-25.000000000000007,-67.85714285714286,27.401129943502834,111.98156682027651,45.736434108527135,60.273972602739725,-49.84709480122325,49.999999999999986,19.51219512195124,33.92857142857144,0.0,0.0,2.0938655047528605,1.913686155470503,0.0
s3-joint,pt0.15_dt-30_m0.0_seed213,3.7,0.4,0.1,0.3,0.1,86.6,19.0,31.0,4.2,16.2,0.2,8.6,5.2,94,88,230994.0,0.0,5581.0,0.55,,213.0,,0.15,-30.0,0.0,5.71428571428572,0.0,0.0,-25.000000000000007,-98.21428571428572,-18.4557438794727,-12.442396313364053,140.31007751937986,-42.465753424657535,-50.458715596330286,0.0,4.87804878048781,-7.142857142857134,0.0,0.0,7.5300952434153565,-26.34287976771809,0.0
s3-joint,pt0.15_dt-30_m0.0_seed220,3.4,0.4,0.1,0.3,0.2,110.4,19.9,26.8,7.0,18.7,0.2,8.9,5.6,94,88,226438.0,0.0,6282.0,0.55,,220.0,,0.15,-30.0,0.0,-2.85714285714286,0.0,0.0,-25.000000000000007,-96.42857142857143,3.954802259887008,-8.29493087557604,107.75193798449611,-4.109589041095888,-42.81345565749236,0.0,8.536585365853671,0.0,0.0,0.0,5.409230139001387,-17.091197043684836,0.0
s3-joint,pt0.15_dt-30_m0.0_seed227,4.6,2.1,0.9,0.3,22.4,159.2,29.2,15.5,7.0,4.0,0.3,8.5,6.9,94,88,207509.0,0.0,8108.0,0.55,,227.0,,0.15,-30.0,0.0,31.428571428571416,425.0,800.0,-25.000000000000007,299.99999999999994,49.90583804143125,34.56221198156682,20.15503875968992,-4.109589041095888,-87.76758409785933,49.999999999999986,3.6585365853658622,23.21428571428573,0.0,0.0,-3.402415067638652,7.008050679688531,0.0
s3-joint,pt0.15_dt-30_m0.0_seed234,3.4,0.4,0.1,0.3,0.2,126.0,22.9,15.1,7.2,30.8,0.2,8.4,5.6,94,88,220235.0,0.0,7080.0,0.55,,234.0,,0.15,-30.0,0.0,-2.85714285714286,0.0,0.0,-25.000000000000007,-96.42857142857143,18.644067796610166,5.529953917050688,17.054263565891468,-1.3698630136986254,-5.810397553516826,0.0,2.4390243902439157,0.0,0.0,0.0,2.5216695062797343,-6.559324270819586,0.0
s3-joint,pt0.15_dt-30_m0.0_seed241,4.5,2.5,1.8,0.3,30.7,222.2,43.7,28.0,11.2,4.5,0.5,13.9,6.1,94,88,196664.0,0.0,10671.0,0.55,,241.0,,0.15,-30.0,0.0,28.57142857142857,525.0,1700.0,-25.000000000000007,448.2142857142858,109.22787193973633,101.3824884792627,117.05426356589146,53.42465753424656,-86.23853211009175,149.99999999999997,69.51219512195124,8.928571428571429,0.0,0.0,-8.450874693926952,40.834103207074044,0.0
s3-joint,pt0.15_dt-30_m0.0_seed248,3.9,0.4,0.1,0.3,0.2,102.9,25.2,45.4,6.7,22.0,0.2,10.5,5.2,94,88,224630.0,0.0,6578.0,0.55,,248.0,,0.15,-30.0,0.0,11.428571428571425,0.0,0.0,-25.000000000000007,-96.42857142857143,-3.107344632768359,16.129032258064516,251.93798449612405,-8.219178082191776,-32.721712538226306,0.0,28.04878048780489,-7.142857142857134,0.0,0.0,4.567587446117178,-13.184637719414017,0.0
s3-joint,pt0.15_dt-30_m0.0_seed255,3.4,0.4,0.1,0.3,1.9,107.9,14.7,9.5,1.7,18.7,0.2,7.1,5.4,94,88,228498.0,0.0,5645.0,0.55,,255.0,,0.15,-30.0,0.0,-2.85714285714286,0.0,0.0,-25.000000000000007,-66.07142857142857,1.6007532956685524,-32.25806451612903,-26.356589147286826,-76.71232876712328,-42.81345565749236,0.0,-13.414634146341461,-3.5714285714285587,0.0,0.0,6.3681814373097225,-25.498218292200082,0.0
s3-joint,pt0.15_dt-30_m0.0_seed262,3.5,0.4,0.1,0.3,4.9,139.9,25.3,16.1,7.0,31.4,0.3,8.9,5.9,94,88,216408.0,0.0,7822.0,0.55,,262.0,,0.15,-30.0,0.0,0.0,0.0,0.0,-25.000000000000007,-12.499999999999988,31.732580037664786,16.58986175115208,24.806201550387605,-4.109589041095888,-3.975535168195731,49.999999999999986,8.536585365853671,5.35714285714287,0.0,0.0,0.7401614389855599,3.2334697109674018,0.0
s3-joint,pt0.15_dt-30_m0.15_seed101,3.4,0.4,0.1,0.3,0.1,56.7,5.9,3.8,1.0,5.0,0.2,6.0,5.0,94,88,241595.0,0.0,1891.0,0.55,,101.0,,0.15,-30.0,0.15,-2.85714285714286,0.0,0.0,-25.000000000000007,-98.21428571428572,-46.61016949152542,-72.81105990783409,-70.54263565891475,-86.3013698630137,-84.70948012232417,0.0,-26.829268292682922,-10.714285714285708,0.0,0.0,12.464970346991407,-75.04289296555365,0.0
s3-joint,pt0.15_dt-30_m0.15_seed108,3.0,0.4,0.1,0.3,0.1,35.0,1.2,2.2,1.1,3.0,0.2,5.4,5.0,94,88,253306.0,0.0,852.0,0.55,,108.0,,0.15,-30.0,0.15,-14.285714285714285,0.0,0.0,-25.000000000000007,-98.21428571428572,-67.04331450094162,-94.47004608294931,-82.94573643410853,-84.93150684931507,-90.82568807339449,0.0,-34.14634146341463,-10.714285714285708,0.0,0.0,17.916561926840398,-88.75544410716643,0.0
s3-joint,pt0.15_dt-30_m0.15_seed115,3.0,0.4,0.1,0.3,0.1,87.8,13.9,7.4,1.0,2.8,0.2,6.8,5.0,94,88,232639.0,0.0,2597.0,0.55,,115.0,,0.15,-30.0,0.15,-14.285714285714285,0.0,0.0,-25.000000000000007,-98.21428571428572,-17.32580037664784,-35.94470046082949,-42.63565891472868,-86.3013698630137,-91.43730886850153,0.0,-17.073170731707314,-10.714285714285708,0.0,0.0,8.29585975104507,-65.72522106374554,0.0
s3-joint,pt0.15_dt-30_m0.15_seed122,3.1,0.4,0.1,0.4,0.1,34.0,3.4,2.7,1.1,3.1,0.2,5.7,5.0,94,88,250666.0,0.0,1029.0,0.55,,122.0,,0.15,-30.0,0.15,-11.428571428571425,0.0,0.0,0.0,-98.21428571428572,-67.984934086629,-84.33179723502305,-79.06976744186046,-84.93150684931507,-90.51987767584097,0.0,-30.487804878048774,-10.714285714285708,0.0,0.0,16.687614631920976,-86.41942721393691,0.0
s3-joint,pt0.15_dt-30_m0.15_seed129,3.0,0.4,0.1,0.3,0.1,30.6,1.4,2.2,1.2,3.0,0.2,5.4,5.1,94,88,252671.0,0.0,815.0,0.55,,129.0,,0.15,-30.0,0.15,-14.285714285714285,0.0,0.0,-25.000000000000007,-98.21428571428572,-71.18644067796609,-93.5483870967742,-82.94573643410853,-83.56164383561644,-90.82568807339449,0.0,-34.14634146341463,-8.928571428571429,0.0,0.0,17.620962861585156,-89.24376402270028,0.0
s3-joint,pt0.15_dt-30_m0.15_seed136,3.1,0.4,0.1,0.3,0.1,43.7,4.3,3.3,1.2,3.3,0.2,5.8,5.1,94,88,248438.0,0.0,1127.0,0.55,,136.0,,0.15,-30.0,0.15,-11.428571428571425,0.0,0.0,-25.000000000000007,-98.21428571428572,-58.8512241054614,-80.18433179723502,-74.4186046511628,-83.56164383561644,-89.90825688073394,0.0,-29.268292682926827,-8.928571428571429,0.0,0.0,15.650457596663223,-85.12603932954995,0.0
s3-joint,pt0.15_dt-30_m0.15_seed143,2.9,0.4,0.1,0.3,0.1,29.3,1.2,2.2,1.2,3.1,0.2,5.4,5.0,94,88,252862.0,0.0,808.0,0.55,,143.0,,0.15,-30.0,0.15,-17.142857142857146,0.0,0.0,-25.000000000000007,-98.21428571428572,-72.4105461393597,-94.47004608294931,-82.94573643410853,-83.56164383561644,-90.51987767584097,0.0,-34.14634146341463,-10.714285714285708,0.0,0.0,17.709875336331223,-89.33614887158507,0.0
s3-joint,pt0.15_dt-30_m0.15_seed150,3.2,0.4,0.1,0.3,0.1,56.5,7.1,16.4,1.1,3.1,0.3,6.8,5.0,94,88,243018.0,0.0,1604.0,0.55,,150.0,,0.15,-30.0,0.15,-8.571428571428566,0.0,0.0,-25.000000000000007,-98.21428571428572,-46.7984934086629,-67.2811059907834,27.131782945736422,-84.93150684931507,-90.51987767584097,49.999999999999986,-17.073170731707314,-10.714285714285708,0.0,0.0,13.127391559366533,-78.83067176982975,0.0
s3-joint,pt0.15_dt-30_m0.15_seed157,3.0,0.4,0.1,0.3,0.1,55.2,7.6,16.2,1.1,3.2,0.2,6.9,5.1,94,88,245065.0,0.0,1558.0,0.55,,157.0,,0.15,-30.0,0.15,-14.285714285714285,0.0,0.0,-25.000000000000007,-98.21428571428572,-48.02259887005649,-64.97695852534562,25.581395348837198,-84.93150684931507,-90.21406727828747,0.0,-15.853658536585355,-8.928571428571429,0.0,0.0,14.080291223268068,-79.43777220535833,0.0
s3-joint,pt0.15_dt-30_m0.15_seed164,3.3,0.4,0.1,0.3,0.1,38.0,0.7,2.3,1.2,3.1,0.2,5.4,4.9,94,88,252080.0,0.0,1177.0,0.55,,164.0,,0.15,-30.0,0.15,-5.71428571428572,0.0,0.0,-25.000000000000007,-98.21428571428572,-64.21845574387947,-96.7741935483871,-82.17054263565893,-83.56164383561644,-90.51987767584097,0.0,-34.14634146341463,-12.499999999999988,0.0,0.0,17.345846251245238,-84.46614755180151,0.0
s3-joint,pt0.15_dt-30_m0.15_seed171,3.2,0.4,0.1,0.4,0.1,20.6,0.3,2.2,1.3,3.0,0.2,5.3,5.0,94,88,254203.0,0.0,714.0,0.55,,171.0,,0.15,-30.0,0.15,-8.571428571428566,0.0,0.0,0.0,-98.21428571428572,-80.60263653483992,-98.61751152073732,-82.94573643410853,-82.19178082191782,-90.82568807339449,0.0,-35.36585365853659,-10.714285714285708,0.0,0.0,18.33412470090961,-90.57674541375215,0.0
s3-joint,pt0.15_dt-30_m0.15_seed178,3.2,0.4,0.1,0.3,0.1,25.4,0.1,2.2,1.3,3.0,0.2,5.3,4.9,94,88,255217.0,0.0,777.0,0.55,,178.0,,0.15,-30.0,0.15,-8.571428571428566,0.0,0.0,-25.000000000000007,-98.21428571428572,-76.0828625235405,-99.53917050691243,-82.94573643410853,-82.19178082191782,-90.82568807339449,0.0,-35.36585365853659,-12.499999999999988,0.0,0.0,18.80615218464002,-89.7452817737891,0.0
s3-joint,pt0.15_dt-30_m0.15_seed185,3.3,0.4,0.1,0.3,0.1,31.6,0.8,2.2,1.0,3.2,0.2,5.4,5.0,94,88,252717.0,0.0,856.0,0.55,,185.0,,0.15,-30.0,0.15,-5.71428571428572,0.0,0.0,-25.000000000000007,-98.21428571428572,-70.24482109227871,-96.31336405529953,-82.94573643410853,-86.3013698630137,-90.21406727828747,0.0,-34.14634146341463,-10.714285714285708,0.0,0.0,17.642376337178447,-88.70265276494655,0.0
s3-joint,pt0.15_dt-30_m0.15_seed192,2.9,0.4,0.1,0.3,0.1,82.7,11.5,7.0,1.2,2.7,0.2,6.6,5.0,94,88,236828.0,0.0,2400.0,0.55,,192.0,,0.15,-30.0,0.15,-17.142857142857146,0.0,0.0,-25.000000000000007,-98.21428571428572,-22.128060263653484,-47.004608294930875,-45.736434108527135,-83.56164383561644,-91.74311926605505,0.0,-19.51219512195122,-10.714285714285708,0.0,0.0,10.245882561051681,-68.32519466807445,0.0
s3-joint,pt0.15_dt-30_m0.15_seed199,3.1,0.4,0.1,0.3,0.1,61.5,10.4,6.0,1.2,2.9,0.2,6.4,5.1,94,88,241145.0,0.0,2121.0,0.55,,199.0,,0.15,-30.0,0.15,-11.428571428571425,0.0,0.0,-25.000000000000007,-98.21428571428572,-42.090395480225986,-52.07373271889401,-53.48837209302326,-83.56164383561644,-91.13149847094802,0.0,-21.95121951219511,-8.928571428571429,0.0,0.0,12.255490694448323,-72.00739078791078,0.0
s3-joint,pt0.15_dt-30_m0.15_seed206,3.0,0.4,0.1,0.3,0.1,51.4,7.1,10.3,1.2,3.2,0.2,6.6,5.0,94,88,243286.0,0.0,1794.0,0.55,,206.0,,0.15,-30.0,0.15,-14.285714285714285,0.0,0.0,-25.000000000000007,-98.21428571428572,-51.600753295668554,-67.2811059907834,-20.15503875968992,-83.56164383561644,-90.21406727828747,0.0,-19.51219512195122,-10.714285714285708,0.0,0.0,13.252148330214414,-76.32308301438565,0.0
s3-joint,pt0.15_dt-30_m0.15_seed213,3.1,0.4,0.1,0.3,0.1,46.8,6.9,4.4,1.1,2.9,0.2,6.1,5.0,94,88,245594.0,0.0,1430.0,0.55,,213.0,,0.15,-30.0,0.15,-11.428571428571425,0.0,0.0,-25.000000000000007,-98.21428571428572,-55.93220338983051,-68.20276497695852,-65.89147286821705,-84.93150684931507,-91.13149847094802,0.0,-25.609756097560975,-10.714285714285708,0.0,0.0,14.32654619259094,-81.12709515639435,0.0
s3-joint,pt0.15_dt-30_m0.15_seed220,2.7,0.4,0.1,0.3,0.1,51.9,10.5,26.9,1.4,3.3,0.2,7.8,5.1,94,88,245282.0,0.0,1923.0,0.55,,220.0,,0.15,-30.0,0.15,-22.85714285714285,0.0,0.0,-25.000000000000007,-98.21428571428572,-51.12994350282486,-51.61290322580645,108.52713178294573,-80.82191780821918,-89.90825688073394,0.0,-4.8780487804877986,-8.928571428571429,0.0,0.0,14.181306966827734,-74.62056222779464,0.0
s3-joint,pt0.15_dt-30_m0.15_seed227,3.1,0.4,0.1,0.3,0.1,26.1,0.7,2.2,1.3,3.0,0.2,5.4,5.0,94,88,253775.0,0.0,820.0,0.55,,227.0,,0.15,-30.0,0.15,-11.428571428571425,0.0,0.0,-25.000000000000007,-98.21428571428572,-75.42372881355931,-96.7741935483871,-82.94573643410853,-82.19178082191782,-90.82568807339449,0.0,-34.14634146341463,-10.714285714285708,0.0,0.0,18.134886275824186,-89.17777484492542,0.0
s3-joint,pt0.15_dt-30_m0.15_seed234,3.1,0.4,0.1,0.3,0.1,43.7,4.0,6.9,1.0,4.6,0.2,6.2,5.0,94,88,247005.0,0.0,2244.0,0.55,,234.0,,0.15,-30.0,0.15,-11.428571428571425,0.0,0.0,-25.000000000000007,-98.21428571428572,-58.8512241054614,-81.5668202764977,-46.51162790697674,-86.3013698630137,-85.93272171253822,0.0,-24.390243902439014,-10.714285714285708,0.0,0.0,14.983381280898248,-70.3840570146496,0.0
s3-joint,pt0.15_dt-30_m0.15_seed241,3.2,0.4,0.1,0.3,0.1,40.4,5.3,5.2,1.0,3.2,0.2,6.1,5.0,94,88,248651.0,0.0,1524.0,0.55,,241.0,,0.15,-30.0,0.15,-8.571428571428566,0.0,0.0,-25.000000000000007,-98.21428571428572,-61.95856873822977,-75.57603686635944,-59.68992248062015,-86.3013698630137,-90.21406727828747,0.0,-25.609756097560975,-10.714285714285708,0.0,0.0,15.749611298866947,-79.88649861422726,0.0
s3-joint,pt0.15_dt-30_m0.15_seed248,3.4,0.4,0.1,0.3,0.1,36.0,4.9,7.3,1.1,3.1,0.3,6.3,5.0,94,88,249796.0,0.0,1508.0,0.55,,248.0,,0.15,-30.0,0.15,-2.85714285714286,0.0,0.0,-25.000000000000007,-98.21428571428572,-66.10169491525424,-77.41935483870967,-43.4108527131783,-84.93150684931507,-90.51987767584097,49.999999999999986,-23.170731707317067,-10.714285714285708,0.0,0.0,16.282620637004346,-80.09766398310677,0.0
s3-joint,pt0.15_dt-30_m0.15_seed255,3.0,0.4,0.1,0.3,0.1,33.0,5.2,5.4,1.2,3.1,0.2,6.1,5.0,94,88,249701.0,0.0,1314.0,0.55,,255.0,,0.15,-30.0,0.15,-14.285714285714285,0.0,0.0,-25.000000000000007,-98.21428571428572,-68.92655367231639,-76.036866359447,-58.139534883720934,-83.56164383561644,-90.51987767584097,0.0,-25.609756097560975,-10.714285714285708,0.0,0.0,16.238397154800808,-82.65804408077075,0.0
s3-joint,pt0.15_dt-30_m0.15_seed262,3.3,0.4,0.1,0.3,0.1,43.4,6.5,4.2,1.0,3.1,0.2,6.1,5.1,94,88,248118.0,0.0,1495.0,0.55,,262.0,,0.15,-30.0,0.15,-5.71428571428572,0.0,0.0,-25.000000000000007,-98.21428571428572,-59.13370998116761,-70.04608294930875,-67.44186046511628,-86.3013698630137,-90.51987767584097,0.0,-25.609756097560975,-8.928571428571429,0.0,0.0,15.501494288188141,-80.26923584532136,0.0
s3-joint,pt0.15_dt-30_m0.1_seed101,3.3,0.4,0.1,0.3,0.1,32.1,3.4,9.9,1.0,3.1,0.2,6.4,5.1,94,88,253642.0,0.0,1296.0,0.55,,101.0,,0.15,-30.0,0.1,-5.71428571428572,0.0,0.0,-25.000000000000007,-98.21428571428572,-69.77401129943502,-84.33179723502305,-23.25581395348837,-86.3013698630137,-90.51987767584097,0.0,-21.95121951219511,-8.928571428571429,0.0,0.0,18.07297340073923,-82.8956051207602,0.0
s3-joint,pt0.15_dt-30_m0.1_seed108,3.2,0.4,0.1,0.2,0.1,66.4,19.8,8.9,1.4,2.9,0.2,7.0,5.9,94,88,237725.0,0.0,2978.0,0.55,,108.0,,0.15,-30.0,0.1,-8.571428571428566,0.0,0.0,-50.0,-98.21428571428572,-37.47645951035781,-8.755760368663589,-31.007751937984494,-80.82191780821918,-91.13149847094802,0.0,-14.634146341463408,5.35714285714287,0.0,0.0,10.663445335120892,-60.69684571730236,0.0
s3-joint,pt0.15_dt-30_m0.1_seed115,3.1,0.4,0.1,0.3,0.1,76.7,12.6,6.8,1.2,10.1,0.2,6.6,5.7,94,88,238159.0,0.0,3697.0,0.55,,115.0,,0.15,-30.0,0.1,-11.428571428571425,0.0,0.0,-25.000000000000007,-98.21428571428572,-27.77777777777778,-41.935483870967744,-47.286821705426355,-83.56164383561644,-69.1131498470948,0.0,-19.51219512195122,1.7857142857142954,0.0,0.0,10.865476822240222,-51.20760195327966,0.0
s3-joint,pt0.15_dt-30_m0.1_seed122,3.3,0.4,0.1,0.3,0.3,100.5,14.2,7.4,1.4,2.9,0.2,6.9,5.0,94,88,233141.0,0.0,3143.0,0.55,,122.0,,0.15,-30.0,0.1,-5.71428571428572,0.0,0.0,-25.000000000000007,-94.64285714285715,-5.367231638418081,-34.56221198156682,-42.63565891472868,-80.82191780821918,-91.13149847094802,0.0,-15.853658536585355,-10.714285714285708,0.0,0.0,8.529545941215353,-58.519202850732476,0.0
s3-joint,pt0.15_dt-30_m0.1_seed129,3.0,0.4,0.1,0.3,0.1,60.5,7.7,25.6,1.2,3.2,0.2,7.7,5.1,94,88,243650.0,0.0,2262.0,0.55,,129.0,,0.15,-30.0,0.1,-14.285714285714285,0.0,0.0,-25.000000000000007,-98.21428571428572,-43.03201506591337,-64.51612903225806,98.44961240310079,-83.56164383561644,-90.21406727828747,0.0,-6.0975609756097455,-8.928571428571429,0.0,0.0,13.421594093604819,-70.14649597466016,0.0
s3-joint,pt0.15_dt-30_m0.1_seed136,3.1,0.4,0.1,0.3,0.1,57.4,11.0,24.7,1.4,3.4,0.2,7.6,5.0,94,88,240986.0,0.0,2566.0,0.55,,136.0,,0.15,-30.0,0.1,-11.428571428571425,0.0,0.0,-25.000000000000007,-98.21428571428572,-45.951035781544256,-49.30875576036866,91.47286821705424,-80.82191780821918,-89.60244648318043,0.0,-7.317073170731704,-10.714285714285708,0.0,0.0,12.181474550549767,-66.13435396594959,0.0
s3-joint,pt0.15_dt-30_m0.1_seed143,3.2,0.4,0.1,0.3,0.1,59.5,6.2,17.6,1.3,3.3,0.2,7.2,5.0,94,88,242650.0,0.0,2157.0,0.55,,143.0,,0.15,-30.0,0.1,-8.571428571428566,0.0,0.0,-25.000000000000007,-98.21428571428572,-43.973634651600754,-71.42857142857143,36.43410852713179,-82.19178082191782,-89.90825688073394,0.0,-12.195121951219502,-10.714285714285708,0.0,0.0,12.95608375462019,-71.5322687079319,0.0
s3-joint,pt0.15_dt-30_m0.1_seed150,3.4,0.4,0.1,0.3,0.1,78.3,14.2,31.3,1.1,3.9,0.2,8.5,5.1,94,88,237560.0,0.0,3235.0,0.55,,150.0,,0.15,-30.0,0.1,-2.85714285714286,0.0,0.0,-25.000000000000007,-98.21428571428572,-26.27118644067797,-34.56221198156682,142.63565891472868,-84.93150684931507,-88.07339449541286,0.0,3.6585365853658622,-8.928571428571429,0.0,0.0,10.58663612918843,-57.30500197967533,0.0
s3-joint,pt0.15_dt-30_m0.1_seed157,3.4,0.4,0.1,0.3,0.1,51.6,12.7,21.1,1.1,3.2,0.2,7.7,5.3,94,88,246329.0,0.0,2349.0,0.55,,157.0,,0.15,-30.0,0.1,-2.85714285714286,0.0,0.0,-25.000000000000007,-98.21428571428572,-51.41242937853108,-41.474654377880185,63.565891472868216,-84.93150684931507,-90.21406727828747,0.0,-6.0975609756097455,-5.357142857142854,0.0,0.0,14.66869629174464,-68.99828428137785,0.0
s3-joint,pt0.15_dt-30_m0.1_seed164,3.2,0.4,0.1,0.3,0.1,51.4,6.4,7.0,1.1,4.2,0.2,6.4,5.0,94,88,245697.0,0.0,2148.0,0.55,,164.0,,0.15,-30.0,0.1,-8.571428571428566,0.0,0.0,-25.000000000000007,-98.21428571428572,-51.600753295668554,-70.50691244239631,-45.736434108527135,-84.93150684931507,-87.1559633027523,0.0,-21.95121951219511,-10.714285714285708,0.0,0.0,14.374493757506354,-71.65104922792662,0.0
s3-joint,pt0.15_dt-30_m0.1_seed171,3.7,0.4,0.1,0.3,0.1,73.4,15.6,37.3,1.7,3.7,0.3,8.8,5.1,94,88,241140.0,0.0,3216.0,0.55,,171.0,,0.15,-30.0,0.1,5.71428571428572,0.0,0.0,-25.000000000000007,-98.21428571428572,-30.885122410546135,-28.110599078341014,189.1472868217054,-76.71232876712328,-88.68501529051989,49.999999999999986,7.3170731707317245,-8.928571428571429,0.0,0.0,12.253163142753401,-57.55576085521974,0.0
s3-joint,pt0.15_dt-30_m0.1_seed178,3.1,0.4,0.1,0.3,0.1,70.0,10.7,11.7,1.2,9.5,0.2,7.1,5.5,94,88,237834.0,0.0,3416.0,0.55,,178.0,,0.15,-30.0,0.1,-11.428571428571425,0.0,0.0,-25.000000000000007,-98.21428571428572,-34.08662900188324,-50.69124423963134,-9.302325581395356,-83.56164383561644,-70.9480122324159,0.0,-13.414634146341461,-1.7857142857142794,0.0,0.0,10.714185962070218,-54.91619374422595,0.0
s3-joint,pt0.15_dt-30_m0.1_seed185,3.5,0.4,0.1,0.3,0.1,75.4,9.6,8.3,1.3,3.1,0.3,6.7,5.0,94,88,240508.0,0.0,2777.0,0.55,,185.0,,0.15,-30.0,0.1,0.0,0.0,0.0,-25.000000000000007,-98.21428571428572,-29.001883239171374,-55.76036866359447,-35.65891472868217,-82.19178082191782,-90.51987767584097,49.999999999999986,-18.292682926829258,-10.714285714285708,0.0,0.0,11.958960608515115,-63.34961066385113,0.0
s3-joint,pt0.15_dt-30_m0.1_seed192,3.3,0.4,0.1,0.3,0.1,58.9,7.1,7.9,1.1,3.9,0.3,6.4,5.1,94,88,246344.0,0.0,2114.0,0.55,,192.0,,0.15,-30.0,0.1,-5.71428571428572,0.0,0.0,-25.000000000000007,-98.21428571428572,-44.53860640301318,-67.2811059907834,-38.75968992248062,-84.93150684931507,-88.07339449541286,49.999999999999986,-21.95121951219511,-8.928571428571429,0.0,0.0,14.675678946829409,-72.09977563679556,0.0
s3-joint,pt0.15_dt-30_m0.1_seed199,3.0,0.4,0.1,0.3,0.1,85.1,16.5,26.9,2.0,12.1,0.2,8.4,5.0,94,88,231929.0,0.0,3954.0,0.55,,199.0,,0.15,-30.0,0.1,-14.285714285714285,0.0,0.0,-25.000000000000007,-98.21428571428572,-19.868173258003775,-23.963133640552993,108.52713178294573,-72.6027397260274,-62.99694189602446,0.0,2.4390243902439157,-10.714285714285708,0.0,0.0,7.965347410365984,-47.81575821565263,0.0
s3-joint,pt0.15_dt-30_m0.1_seed206,3.3,0.4,0.1,0.3,0.1,44.3,3.5,2.3,1.3,9.3,0.2,6.1,5.0,94,88,242460.0,0.0,2504.0,0.55,,206.0,,0.15,-30.0,0.1,-5.71428571428572,0.0,0.0,-25.000000000000007,-98.21428571428572,-58.286252354048976,-83.87096774193549,-82.17054263565893,-82.19178082191782,-71.55963302752293,0.0,-25.609756097560975,-10.714285714285708,0.0,0.0,12.86763679021311,-66.95261977035766,0.0
s3-joint,pt0.15_dt-30_m0.1_seed213,3.3,0.4,0.1,0.3,0.1,40.4,7.3,17.9,1.1,3.1,0.2,6.9,5.0,94,88,250056.0,0.0,1894.0,0.55,,213.0,,0.15,-30.0,0.1,-5.71428571428572,0.0,0.0,-25.000000000000007,-98.21428571428572,-61.95856873822977,-66.35944700460828,38.759689922480604,-84.93150684931507,-90.51987767584097,0.0,-15.853658536585355,-10.714285714285708,0.0,0.0,16.40365332514035,-75.00329945888873,0.0
s3-joint,pt0.15_dt-30_m0.1_seed220,3.3,0.4,0.1,0.3,0.1,62.8,7.7,17.1,1.4,6.9,0.2,7.4,5.2,94,88,241899.0,0.0,2793.0,0.55,,220.0,,0.15,-30.0,0.1,-5.71428571428572,0.0,0.0,-25.000000000000007,-98.21428571428572,-40.866290018832395,-64.51612903225806,32.55813953488373,-80.82191780821918,-78.89908256880734,0.0,-9.756097560975597,-7.142857142857134,0.0,0.0,12.606485490042735,-63.138445294971625,0.0
s3-joint,pt0.15_dt-30_m0.1_seed227,3.2,0.4,0.1,0.3,0.1,66.0,9.5,17.3,1.3,4.7,0.2,7.4,5.3,94,88,241548.0,0.0,2630.0,0.55,,227.0,,0.15,-30.0,0.1,-8.571428571428566,0.0,0.0,-25.000000000000007,-98.21428571428572,-37.85310734463277,-56.22119815668203,34.10852713178294,-82.19178082191782,-85.62691131498471,0.0,-9.756097560975597,-5.357142857142854,0.0,0.0,12.443091361059128,-65.28969249043158,0.0
s3-joint,pt0.15_dt-30_m0.1_seed234,3.4,0.5,0.1,0.3,0.1,48.5,8.0,19.1,1.1,3.2,0.2,7.3,5.0,94,88,247877.0,0.0,2201.0,0.55,,234.0,,0.15,-30.0,0.1,-2.85714285714286,24.999999999999993,0.0,-25.000000000000007,-98.21428571428572,-54.33145009416196,-63.133640552995395,48.062015503875976,-84.93150684931507,-90.21406727828747,0.0,-10.975609756097555,-10.714285714285708,0.0,0.0,15.389306296492844,-70.95156394351326,0.0
s3-joint,pt0.15_dt-30_m0.1_seed241,3.2,0.4,0.1,0.3,2.4,124.1,36.8,14.7,6.3,6.2,0.2,8.6,6.2,94,88,219743.0,0.0,5461.0,0.55,,241.0,,0.15,-30.0,0.1,-8.571428571428566,0.0,0.0,-25.000000000000007,-57.14285714285714,16.854990583804135,69.58525345622118,13.953488372093014,-13.698630136986301,-81.03975535168196,0.0,4.87804878048781,10.714285714285724,0.0,0.0,2.2926384194992973,-27.92662003431437,0.0
s3-joint,pt0.15_dt-30_m0.1_seed248,3.3,0.4,0.1,0.3,0.1,55.0,9.7,20.5,1.5,3.1,0.2,7.3,5.1,94,88,246022.0,0.0,2065.0,0.55,,248.0,,0.15,-30.0,0.1,-5.71428571428572,0.0,0.0,-25.000000000000007,-98.21428571428572,-48.21092278719398,-55.29953917050692,58.914728682170534,-79.45205479452055,-90.51987767584097,0.0,-10.975609756097555,-8.928571428571429,0.0,0.0,14.52578461767636,-72.74646957898905,0.0
s3-joint,pt0.15_dt-30_m0.1_seed255,3.3,0.4,0.1,0.3,0.1,78.0,13.1,7.4,1.2,2.8,0.2,6.9,5.0,94,88,234302.0,0.0,2975.0,0.55,,255.0,,0.15,-30.0,0.1,-5.71428571428572,0.0,0.0,-25.000000000000007,-98.21428571428572,-26.55367231638418,-39.63133640552996,-42.63565891472868,-83.56164383561644,-91.43730886850153,0.0,-15.853658536585355,-10.714285714285708,0.0,0.0,9.070003444776509,-60.73643922396727,0.0
s3-joint,pt0.15_dt-30_m0.1_seed262,3.1,0.4,0.1,0.3,0.1,51.2,10.4,26.1,2.1,3.9,0.2,8.0,5.1,94,88,241480.0,0.0,2620.0,0.55,,262.0,,0.15,-30.0,0.1,-11.428571428571425,0.0,0.0,-25.000000000000007,-98.21428571428572,-51.78907721280602,-52.07373271889401,102.32558139534885,-71.23287671232876,-88.07339449541286,0.0,-2.439024390243894,-8.928571428571429,0.0,0.0,12.411436658008174,-65.42167084598127,0.0
s3-joint,pt0.1_dt-15_m0.05_seed101,3.3,0.4,0.1,0.3,0.1,88.5,22.7,56.9,7.9,10.6,0.3,11.0,5.7,94,88,228152.0,0.0,5625.0,0.55,,101.0,,0.1,-15.0,0.05,-5.71428571428572,0.0,0.0,-25.000000000000007,-98.21428571428572,-16.666666666666668,4.6082949308755765,341.08527131782944,8.219178082191789,-67.58409785932722,49.999999999999986,34.14634146341465,1.7857142857142954,0.0,0.0,6.207114860021041,-25.762175003299458,0.0
s3-joint,pt0.1_dt-15_m0.05_seed108,3.3,0.4,0.1,0.2,0.1,90.8,13.3,7.4,1.3,14.2,0.2,6.9,5.1,94,88,234788.0,0.0,4083.0,0.55,,108.0,,0.1,-15.0,0.05,-5.71428571428572,0.0,0.0,-50.0,-98.21428571428572,-14.500941619585692,-38.70967741935483,-42.63565891472868,-82.19178082191782,-56.574923547400616,0.0,-15.853658536585355,-8.928571428571429,0.0,0.0,9.296241469523038,-46.113237429061634,0.0
s3-joint,pt0.1_dt-15_m0.05_seed115,3.3,0.4,0.1,0.2,0.1,107.3,35.6,13.3,5.3,20.2,0.3,8.5,7.6,94,88,221404.0,0.0,6374.0,0.55,,115.0,,0.1,-15.0,0.05,-5.71428571428572,0.0,0.0,-50.0,-98.21428571428572,1.0357815442561151,64.05529953917052,3.1007751937984525,-27.397260273972602,-38.226299694189606,49.999999999999986,3.6585365853658622,35.714285714285715,0.0,0.0,3.0658510925527653,-15.876996172627688,0.0
s3-joint,pt0.1_dt-15_m0.05_seed122,3.3,0.4,0.1,0.3,2.4,162.7,24.2,18.2,10.4,28.9,0.2,9.0,6.1,94,88,214833.0,0.0,7220.0,0.55,,122.0,,0.1,-15.0,0.05,-5.71428571428572,0.0,0.0,-25.000000000000007,-57.14285714285714,53.201506591337086,11.52073732718894,41.085271317829445,42.46575342465754,-11.620795107033652,0.0,9.75609756097562,8.928571428571429,0.0,0.0,0.006982655084769433,-4.711627293123928,0.0
s3-joint,pt0.1_dt-15_m0.05_seed129,3.4,0.4,0.1,0.3,1.6,111.2,12.7,8.0,1.3,15.8,0.3,6.8,5.4,94,88,228438.0,0.0,4954.0,0.55,,129.0,,0.1,-15.0,0.05,-2.85714285714286,0.0,0.0,-25.000000000000007,-71.42857142857143,4.708097928436912,-41.474654377880185,-37.98449612403101,-82.19178082191782,-51.681957186544345,49.999999999999986,-17.073170731707314,-3.5714285714285587,0.0,0.0,6.340250816970645,-34.61792266068365,0.0
s3-joint,pt0.1_dt-15_m0.05_seed136,3.4,0.4,0.1,0.2,0.1,99.1,22.0,13.1,6.5,25.1,0.3,8.1,5.7,94,88,222333.0,0.0,6285.0,0.55,,136.0,,0.1,-15.0,0.05,-2.85714285714286,0.0,0.0,-50.0,-98.21428571428572,-6.6854990583804215,1.3824884792626762,1.5503875968992191,-10.958904109589039,-23.24159021406728,49.999999999999986,-1.219512195121947,1.7857142857142954,0.0,0.0,3.4983101974694857,-17.05160353701993,0.0
s3-joint,pt0.1_dt-15_m0.05_seed143,3.4,0.4,0.1,0.2,4.8,148.4,54.9,39.0,12.5,31.6,0.3,12.2,9.3,94,88,212884.0,0.0,8255.0,0.55,,143.0,,0.1,-15.0,0.05,-2.85714285714286,0.0,0.0,-50.0,-14.285714285714283,39.736346516007536,152.99539170506915,202.32558139534885,71.23287671232877,-3.363914373088689,49.999999999999986,48.78048780487806,66.0714285714286,0.0,0.0,-0.9002969955962722,8.948132506268971,0.0
s3-joint,pt0.1_dt-15_m0.05_seed150,3.3,0.4,0.1,0.3,2.3,143.7,52.4,18.1,9.9,29.5,0.2,9.6,9.5,94,88,215669.0,0.0,7941.0,0.55,,150.0,,0.1,-15.0,0.05,-5.71428571428572,0.0,0.0,-25.000000000000007,-58.92857142857143,35.31073446327682,141.47465437788017,40.31007751937985,35.616438356164394,-9.785932721712546,0.0,17.073170731707325,69.64285714285715,0.0,0.0,0.3961492984759191,4.804012142008711,0.0
s3-joint,pt0.1_dt-15_m0.05_seed157,3.5,0.4,0.1,0.3,0.1,91.1,18.4,49.4,4.8,4.7,0.2,10.0,5.5,94,88,232654.0,0.0,4735.0,0.55,,157.0,,0.1,-15.0,0.05,0.0,0.0,0.0,-25.000000000000007,-98.21428571428572,-14.21845574387948,-15.207373271889404,282.94573643410854,-34.24657534246575,-85.62691131498471,0.0,21.951219512195134,-1.7857142857142794,0.0,0.0,8.302842406129841,-37.508248647221855,0.0
s3-joint,pt0.1_dt-15_m0.05_seed164,3.3,0.4,0.1,0.2,0.1,109.3,26.8,17.0,7.9,19.4,0.2,8.6,5.5,94,88,223808.0,0.0,6225.0,0.55,,164.0,,0.1,-15.0,0.05,-5.71428571428572,0.0,0.0,-50.0,-98.21428571428572,2.91902071563088,23.502304147465445,31.782945736434105,8.219178082191789,-40.672782874617745,0.0,4.87804878048781,-1.7857142857142794,0.0,0.0,4.184937947471814,-17.84347367031807,0.0
s3-joint,pt0.1_dt-15_m0.05_seed171,3.4,0.4,0.1,0.2,0.2,128.8,31.8,14.5,6.0,23.7,0.2,8.7,7.2,94,88,221094.0,0.0,6530.0,0.55,,171.0,,0.1,-15.0,0.05,-2.85714285714286,0.0,0.0,-50.0,-96.42857142857143,21.280602636534848,46.54377880184333,12.403100775193796,-17.80821917808219,-27.52293577981652,0.0,6.097560975609757,28.57142857142858,0.0,0.0,2.9215428874675307,-13.818133826052529,0.0
s3-joint,pt0.1_dt-15_m0.05_seed178,3.2,0.4,0.1,0.2,2.7,137.6,30.4,78.7,11.2,25.3,0.2,14.7,6.1,94,88,212401.0,0.0,8146.0,0.55,,178.0,,0.1,-15.0,0.05,-8.571428571428566,0.0,0.0,-50.0,-51.78571428571428,29.566854990583796,40.09216589861751,510.0775193798449,53.42465753424656,-22.62996941896025,0.0,79.26829268292683,8.928571428571429,0.0,0.0,-1.1251384893258478,7.509568430777352,0.0
s3-joint,pt0.1_dt-15_m0.05_seed185,3.1,0.4,0.1,0.4,0.1,99.0,26.0,19.0,7.2,20.6,0.2,9.0,5.2,94,88,220578.0,0.0,6294.0,0.55,,185.0,,0.1,-15.0,0.05,-11.428571428571425,0.0,0.0,0.0,-98.21428571428572,-6.779661016949155,19.81566820276498,47.28682170542635,-1.3698630136986254,-37.00305810397554,0.0,9.75609756097562,-7.142857142857134,0.0,0.0,2.6813395525514623,-16.932823017025207,0.0
s3-joint,pt0.1_dt-15_m0.05_seed192,3.4,0.4,0.1,0.3,0.1,106.4,42.9,65.0,9.4,5.4,0.2,12.5,8.0,94,88,225312.0,0.0,6193.0,0.55,,192.0,,0.1,-15.0,0.05,-2.85714285714286,0.0,0.0,-25.000000000000007,-98.21428571428572,0.18832391713747915,97.6958525345622,403.8759689922481,28.767123287671243,-83.48623853211011,0.0,52.439024390243915,42.85714285714287,0.0,0.0,4.885065497304695,-18.265804408077074,0.0
s3-joint,pt0.1_dt-15_m0.05_seed199,3.2,0.4,0.1,0.3,5.0,170.1,23.0,13.4,4.7,19.2,0.2,7.9,5.3,94,88,218800.0,0.0,6231.0,0.55,,199.0,,0.1,-15.0,0.05,-8.571428571428566,0.0,0.0,-25.000000000000007,-10.714285714285708,60.16949152542372,5.990783410138252,3.875968992248062,-35.61643835616438,-41.28440366972478,0.0,-3.658536585365841,-5.357142857142854,0.0,0.0,1.853662169836792,-17.764286656988254,0.0
s3-joint,pt0.1_dt-15_m0.05_seed206,3.1,0.4,0.1,0.3,0.1,85.4,21.7,38.8,2.7,6.2,0.2,9.2,5.4,94,88,235384.0,0.0,4363.0,0.55,,206.0,,0.1,-15.0,0.05,-11.428571428571425,0.0,0.0,-25.000000000000007,-98.21428571428572,-19.585687382297547,0.0,200.7751937984496,-63.013698630136986,-81.03975535168196,0.0,12.195121951219514,-3.5714285714285587,0.0,0.0,9.573685631557877,-42.41784347367032,0.0
s3-joint,pt0.1_dt-15_m0.05_seed213,3.4,0.9,0.7,0.3,20.3,168.3,32.8,17.7,7.7,3.4,0.2,9.6,6.0,94,88,206790.0,0.0,7754.0,0.55,,213.0,,0.1,-15.0,0.05,-2.85714285714286,125.0,599.9999999999999,-25.000000000000007,262.50000000000006,58.47457627118645,51.15207373271888,37.20930232558138,5.479452054794526,-89.60244648318043,0.0,17.073170731707325,7.1428571428571495,0.0,0.0,-3.737117001368601,2.3360168932295102,0.0
s3-joint,pt0.1_dt-15_m0.05_seed220,3.4,0.4,0.1,0.3,0.1,82.5,12.1,18.2,1.2,14.3,0.3,7.7,5.1,94,88,235718.0,0.0,4380.0,0.55,,220.0,,0.1,-15.0,0.05,-2.85714285714286,0.0,0.0,-25.000000000000007,-98.21428571428572,-22.316384180790962,-44.23963133640553,41.085271317829445,-83.56164383561644,-56.269113149847094,49.999999999999986,-6.0975609756097455,-8.928571428571429,0.0,0.0,9.729166084778743,-42.19348026923584,0.0
s3-joint,pt0.1_dt-15_m0.05_seed227,3.1,0.4,0.1,0.3,0.1,125.9,38.8,48.5,9.9,6.0,0.2,10.9,7.0,94,88,225229.0,0.0,6200.0,0.55,,227.0,,0.1,-15.0,0.05,-11.428571428571425,0.0,0.0,-25.000000000000007,-98.21428571428572,18.549905838041433,78.80184331797234,275.968992248062,35.616438356164394,-81.65137614678899,0.0,32.9268292682927,25.000000000000007,0.0,0.0,4.846428139168971,-18.17341955919229,0.0
s3-joint,pt0.1_dt-15_m0.05_seed234,3.3,0.4,0.1,0.2,0.1,133.0,21.3,14.2,3.8,31.6,0.2,8.5,5.5,94,88,217493.0,0.0,6634.0,0.55,,234.0,,0.1,-15.0,0.05,-5.71428571428572,0.0,0.0,-50.0,-98.21428571428572,25.23540489642184,-1.8433179723502238,10.077519379844952,-47.945205479452056,-3.363914373088689,0.0,3.6585365853658622,-1.7857142857142794,0.0,0.0,1.2452401567838822,-12.445558928335752,0.0
s3-joint,pt0.1_dt-15_m0.05_seed241,3.4,0.4,0.1,0.3,0.1,100.7,21.4,26.4,3.8,12.1,0.2,8.8,5.5,94,88,229765.0,0.0,5177.0,0.55,,241.0,,0.1,-15.0,0.05,-2.85714285714286,0.0,0.0,-25.000000000000007,-98.21428571428572,-5.178907721280603,-1.3824884792626762,104.65116279069765,-47.945205479452056,-62.99694189602446,0.0,7.3170731707317245,-1.7857142857142794,0.0,0.0,6.957983036803247,-31.674805331925565,0.0
s3-joint,pt0.1_dt-15_m0.05_seed248,3.3,0.4,0.1,0.2,3.2,115.8,18.5,13.1,4.1,19.2,0.3,7.7,5.4,94,88,222593.0,0.0,5467.0,0.55,,248.0,,0.1,-15.0,0.05,-5.71428571428572,0.0,0.0,-50.0,-42.85714285714285,9.039548022598865,-14.74654377880184,1.5503875968992191,-43.83561643835617,-41.28440366972478,49.999999999999986,-6.0975609756097455,-3.5714285714285587,0.0,0.0,3.6193428856054894,-27.847433020984557,0.0
s3-joint,pt0.1_dt-15_m0.05_seed255,3.3,0.4,0.1,0.2,2.3,121.0,27.2,30.6,8.3,9.6,0.2,9.1,6.7,94,88,221739.0,0.0,6511.0,0.55,,255.0,,0.1,-15.0,0.05,-5.71428571428572,0.0,0.0,-50.0,-58.92857142857143,13.935969868173256,25.34562211981567,137.2093023255814,13.698630136986315,-70.64220183486239,0.0,10.975609756097567,19.642857142857153,0.0,0.0,3.2217970561126164,-14.068892701596939,0.0
s3-joint,pt0.1_dt-15_m0.05_seed262,3.0,0.4,0.1,0.2,0.1,85.6,17.9,8.9,1.6,29.5,0.2,7.5,6.2,94,88,222656.0,0.0,6137.0,0.55,,262.0,,0.1,-15.0,0.05,-14.285714285714285,0.0,0.0,-50.0,-98.21428571428572,-19.397363465160083,-17.511520737327192,-31.007751937984494,-78.0821917808219,-9.785932721712546,0.0,-8.53658536585365,10.714285714285724,0.0,0.0,3.648670036961521,-19.00488319915534,0.0
s3-joint,pt0.1_dt-15_m0.0_seed101,3.5,0.4,0.1,0.3,4.5,140.3,43.0,37.2,15.6,32.7,0.2,12.1,7.2,94,88,212552.0,0.0,8679.0,0.55,,101.0,,0.1,-15.0,0.0,0.0,0.0,0.0,-25.000000000000007,-19.642857142857135,32.109227871939744,98.15668202764978,188.37209302325584,113.69863013698631,0.0,0.0,47.560975609756106,28.57142857142858,0.0,0.0,-1.054846428139169,14.54401478157582,0.0
s3-joint,pt0.1_dt-15_m0.0_seed108,3.4,0.4,0.1,0.3,1.9,130.1,22.7,23.5,7.6,26.2,0.2,9.6,5.3,94,88,219894.0,0.0,7021.0,0.55,,108.0,,0.1,-15.0,0.0,-2.85714285714286,0.0,0.0,-25.000000000000007,-66.07142857142857,22.50470809792843,4.6082949308755765,82.1705426356589,4.109589041095888,-19.877675840978604,0.0,17.073170731707325,-5.357142857142854,0.0,0.0,2.362930480685976,-7.337996568562756,0.0
s3-joint,pt0.1_dt-15_m0.0_seed115,10.3,3.5,1.3,0.3,34.4,221.4,58.9,28.8,10.9,3.1,1.2,14.6,10.4,94,88,193024.0,0.0,10975.0,0.55,,115.0,,0.1,-15.0,0.0,194.2857142857143,775.0,1199.9999999999998,-25.000000000000007,514.2857142857142,108.47457627118644,171.42857142857144,123.25581395348837,49.31506849315069,-90.51987767584097,500.0,78.04878048780489,85.71428571428574,0.0,0.0,-10.145332327831001,44.84624521578461,0.0
s3-joint,pt0.1_dt-15_m0.0_seed122,3.2,0.4,0.1,0.4,2.1,162.8,27.0,18.1,8.1,33.8,0.2,8.5,5.9,94,88,214844.0,0.0,7872.0,0.55,,122.0,,0.1,-15.0,0.0,-8.571428571428566,0.0,0.0,0.0,-62.5,53.29566854990584,24.42396313364056,40.31007751937985,10.958904109589039,3.3639143730886674,0.0,3.6585365853658622,5.35714285714287,0.0,0.0,0.01210326881360035,3.8933614887158505,0.0
s3-joint,pt0.1_dt-15_m0.0_seed129,3.3,0.4,0.1,0.3,2.0,94.0,29.0,46.3,7.3,19.2,0.2,10.5,5.7,94,88,220486.0,0.0,6904.0,0.55,,129.0,,0.1,-15.0,0.0,-5.71428571428572,0.0,0.0,-25.000000000000007,-64.28571428571428,-11.487758945386066,33.64055299539171,258.9147286821705,0.0,-41.28440366972478,0.0,28.04878048780489,1.7857142857142954,0.0,0.0,2.6385126013648765,-8.882143328494127,0.0
s3-joint,pt0.1_dt-15_m0.0_seed136,11.4,4.8,1.8,0.3,37.3,233.8,44.7,28.8,13.0,3.6,1.5,14.5,7.0,94,88,192237.0,0.0,11313.0,0.55,,136.0,,0.1,-15.0,0.0,225.71428571428572,1099.9999999999998,1700.0,-25.000000000000007,566.0714285714286,120.15065913371,105.99078341013828,123.25581395348837,78.08219178082192,-88.9908256880734,650.0,76.82926829268294,25.000000000000007,0.0,0.0,-10.511688964611904,49.30711363336413,0.0
s3-joint,pt0.1_dt-15_m0.0_seed143,3.4,0.4,0.1,0.3,5.5,121.6,22.7,17.3,7.1,31.0,0.3,9.2,5.5,94,88,214773.0,0.0,7590.0,0.55,,143.0,,0.1,-15.0,0.0,-2.85714285714286,0.0,0.0,-25.000000000000007,-1.7857142857142794,14.500941619585678,4.6082949308755765,34.10852713178294,-2.739726027397263,-5.198776758409794,49.999999999999986,12.195121951219514,-1.7857142857142794,0.0,0.0,-0.0209479652543083,0.1715718622145968,0.0
s3-joint,pt0.1_dt-15_m0.0_seed150,19.5,5.3,8.9,0.2,39.6,300.1,71.9,27.8,14.2,3.4,3.2,16.3,22.3,94,88,186492.0,0.0,12292.0,0.55,,150.0,,0.1,-15.0,0.0,457.1428571428571,1224.9999999999998,8800.0,-50.0,607.1428571428572,182.58003766478345,231.33640552995396,115.50387596899225,94.52054794520548,-89.60244648318043,1500.0,98.78048780487806,298.2142857142858,0.0,0.0,-13.186045862078597,62.22779464167877,0.0
s3-joint,pt0.1_dt-15_m0.0_seed157,3.7,0.4,0.1,0.3,3.9,120.6,23.0,13.9,7.2,30.8,0.2,8.4,5.8,94,88,215197.0,0.0,7635.0,0.55,,157.0,,0.1,-15.0,0.0,5.71428571428572,0.0,0.0,-25.000000000000007,-30.357142857142854,13.559322033898297,5.990783410138252,7.751937984496124,-1.3698630136986254,-5.810397553516826,0.0,2.4390243902439157,3.5714285714285747,0.0,0.0,0.17642841847517432,0.7654744621882011,0.0
s3-joint,pt0.1_dt-15_m0.0_seed164,3.4,0.4,0.1,0.2,9.5,120.1,30.3,16.6,10.8,31.9,0.2,9.1,5.3,94,88,213642.0,0.0,7931.0,0.55,,164.0,,0.1,-15.0,0.0,-2.85714285714286,0.0,0.0,-50.0,69.64285714285715,13.088512241054605,39.63133640552996,28.682170542635667,47.94520547945207,-2.4464831804281473,0.0,10.975609756097567,-5.357142857142854,0.0,0.0,-0.5474401586459235,4.6720337864590205,0.0
s3-joint,pt0.1_dt-15_m0.0_seed171,3.5,0.5,0.4,0.3,16.5,157.8,30.6,18.7,7.4,31.8,0.2,8.8,5.6,94,88,207457.0,0.0,8966.0,0.55,,171.0,,0.1,-15.0,0.0,0.0,24.999999999999993,300.00000000000006,-25.000000000000007,194.64285714285717,48.587570621468934,41.01382488479264,44.961240310077514,1.3698630136986376,-2.752293577981658,0.0,7.3170731707317245,0.0,0.0,0.0,-3.4266216052658534,18.331793585851923,0.0
s3-joint,pt0.1_dt-15_m0.0_seed178,3.4,0.4,0.1,0.3,6.9,150.0,41.4,21.8,12.9,30.5,0.2,10.3,6.3,94,88,210898.0,0.0,9558.0,0.55,,178.0,,0.1,-15.0,0.0,-2.85714285714286,0.0,0.0,-25.000000000000007,23.21428571428573,41.24293785310734,90.78341013824884,68.9922480620155,76.7123287671233,-6.727828746177378,0.0,25.609756097560993,12.500000000000004,0.0,0.0,-1.824800528819745,26.14491223439356,0.0
s3-joint,pt0.1_dt-15_m0.0_seed185,3.4,0.4,0.1,0.3,0.1,90.6,21.5,36.9,7.2,9.5,0.2,9.1,6.1,94,88,230118.0,0.0,5590.0,0.55,,185.0,,0.1,-15.0,0.0,-2.85714285714286,0.0,0.0,-25.000000000000007,-98.21428571428572,-14.689265536723173,-0.9216589861751119,186.04651162790697,-1.3698630136986254,-70.9480122324159,0.0,10.975609756097567,8.928571428571429,0.0,0.0,7.122308186464821,-26.224099247723377,0.0
s3-joint,pt0.1_dt-15_m0.0_seed192,4.0,1.4,0.9,0.3,21.8,183.5,39.4,17.0,9.8,2.6,0.2,9.3,7.5,94,88,205299.0,0.0,8485.0,0.55,,192.0,,0.1,-15.0,0.0,14.285714285714285,249.99999999999994,800.0,-25.000000000000007,289.2857142857144,72.78719397363464,81.5668202764977,31.782945736434105,34.24657534246577,-92.04892966360856,0.0,13.41463414634148,33.92857142857144,0.0,0.0,-4.431192916794682,11.983634683911838,0.0
s3-joint,pt0.1_dt-15_m0.0_seed199,3.5,0.4,0.1,0.2,0.7,92.8,23.0,14.7,7.4,22.0,0.2,8.5,5.4,94,88,221766.0,0.0,6832.0,0.55,,199.0,,0.1,-15.0,0.0,0.0,0.0,0.0,-50.0,-87.5,-12.617702448210927,5.990783410138252,13.953488372093014,1.3698630136986376,-32.721712538226306,0.0,3.6585365853658622,-3.5714285714285587,0.0,0.0,3.234365835265201,-9.832387488451893,0.0
s3-joint,pt0.1_dt-15_m0.0_seed206,3.2,0.4,0.1,0.2,14.9,193.2,34.8,19.8,11.5,33.8,0.2,9.4,6.0,94,88,206896.0,0.0,9299.0,0.55,,206.0,,0.1,-15.0,0.0,-8.571428571428566,0.0,0.0,-50.0,166.0714285714286,81.92090395480224,60.36866359447004,53.48837209302326,57.53424657534247,3.3639143730886674,0.0,14.634146341463428,7.1428571428571495,0.0,0.0,-3.68777290543623,22.726672825656593,0.0
s3-joint,pt0.1_dt-15_m0.0_seed213,3.5,0.4,0.1,0.3,4.4,119.9,26.0,16.4,7.3,36.9,0.2,8.6,5.8,94,88,212273.0,0.0,8275.0,0.55,,213.0,,0.1,-15.0,0.0,0.0,0.0,0.0,-25.000000000000007,-21.428571428571416,12.900188323917138,19.81566820276498,27.131782945736422,0.0,12.844036697247693,0.0,4.87804878048781,3.5714285714285747,0.0,0.0,-1.1847238127158803,9.212089217368352,0.0
s3-joint,pt0.1_dt-15_m0.0_seed220,3.3,0.4,0.1,0.3,12.1,153.1,33.9,18.1,8.5,35.4,0.2,9.0,6.1,94,88,211568.0,0.0,8616.0,0.55,,220.0,,0.1,-15.0,0.0,-5.71428571428572,0.0,0.0,-25.000000000000007,116.07142857142858,44.16195856873822,56.22119815668203,40.31007751937985,16.438356164383563,8.256880733944941,0.0,9.75609756097562,8.928571428571429,0.0,0.0,-1.5129086017000437,13.712551141612774,0.0
s3-joint,pt0.1_dt-15_m0.0_seed227,3.4,0.4,0.1,0.2,6.5,126.6,31.0,17.9,10.6,34.0,0.3,9.5,5.6,94,88,211243.0,0.0,8589.0,0.55,,227.0,,0.1,-15.0,0.0,-2.85714285714286,0.0,0.0,-50.0,16.071428571428577,19.20903954802259,42.85714285714286,38.759689922480604,45.20547945205479,3.9755351681957096,49.999999999999986,15.853658536585376,0.0,0.0,0.0,-1.664199461870048,13.356209581628613,0.0
s3-joint,pt0.1_dt-15_m0.0_seed234,3.5,0.4,0.2,0.2,10.6,171.2,64.8,29.3,13.4,24.8,0.3,13.0,10.6,94,88,206684.0,0.0,9639.0,0.55,,234.0,,0.1,-15.0,0.0,0.0,0.0,100.0,-50.0,89.28571428571429,61.20527306967983,198.6175115207373,127.13178294573642,83.56164383561645,-24.15902140672783,49.999999999999986,58.536585365853675,89.28571428571429,0.0,0.0,-3.786461097300971,27.21393691434605,0.0
s3-joint,pt0.1_dt-15_m0.0_seed241,4.5,2.5,2.1,0.3,24.0,194.4,49.0,30.0,12.4,17.4,0.5,15.2,6.6,94,88,198082.0,0.0,10635.0,0.55,,241.0,,0.1,-15.0,0.0,28.57142857142857,525.0,2000.0,-25.000000000000007,328.57142857142856,83.05084745762711,125.80645161290323,132.55813953488374,69.86301369863016,-46.78899082568808,149.99999999999997,85.3658536585366,17.857142857142858,0.0,0.0,-7.7907810332467475,40.358981127095156,0.0
s3-joint,pt0.1_dt-15_m0.0_seed248,13.2,4.1,1.6,0.3,39.1,306.5,70.1,24.5,14.9,3.7,2.4,15.8,15.2,94,88,187940.0,0.0,12259.0,0.55,,248.0,,0.1,-15.0,0.0,277.1428571428571,924.9999999999998,1500.0,-25.000000000000007,598.2142857142858,188.60640301318267,223.04147465437785,89.92248062015503,104.1095890410959,-88.68501529051989,1099.9999999999998,92.68292682926833,171.42857142857144,0.0,0.0,-12.511986891228855,61.79226606836479,0.0
s3-joint,pt0.1_dt-15_m0.0_seed255,3.7,0.4,0.1,0.3,0.2,110.2,28.7,23.3,8.3,27.3,0.2,9.2,5.5,94,88,220113.0,0.0,7228.0,0.55,,255.0,,0.1,-15.0,0.0,5.71428571428572,0.0,0.0,-25.000000000000007,-96.42857142857143,3.766478342749529,32.25806451612903,80.62015503875969,13.698630136986315,-16.513761467889914,0.0,12.195121951219514,-1.7857142857142794,0.0,0.0,2.46487724492361,-4.606044608684176,0.0
s3-joint,pt0.1_dt-15_m0.0_seed262,3.6,0.4,0.1,0.3,4.5,160.7,27.3,19.5,11.5,31.8,0.3,9.4,6.0,94,88,213211.0,0.0,8240.0,0.55,,262.0,,0.1,-15.0,0.0,2.85714285714286,0.0,0.0,-25.000000000000007,-19.642857142857135,51.31826741996232,25.80645161290323,51.16279069767441,57.53424657534247,-2.752293577981658,49.999999999999986,14.634146341463428,7.1428571428571495,0.0,0.0,-0.7480751147482986,8.750164972944436,0.0
s3-joint,pt0.1_dt-15_m0.15_seed101,3.2,0.4,0.1,0.3,9.2,139.6,24.7,14.7,4.7,2.4,0.2,8.3,5.3,94,88,214227.0,0.0,5314.0,0.55,,101.0,,0.1,-15.0,0.15,-8.571428571428566,0.0,0.0,-25.000000000000007,64.28571428571428,31.450094161958557,13.82488479262673,13.953488372093014,-35.61643835616438,-92.66055045871559,0.0,1.2195121951219685,-5.357142857142854,0.0,0.0,-0.27511661033991563,-29.86670186089481,0.0
s3-joint,pt0.1_dt-15_m0.15_seed108,2.9,0.4,0.1,0.2,0.1,55.2,7.3,6.8,1.1,10.7,0.2,6.5,5.0,94,88,238742.0,0.0,2555.0,0.55,,108.0,,0.1,-15.0,0.15,-17.142857142857146,0.0,0.0,-50.0,-98.21428571428572,-48.02259887005649,-66.35944700460828,-47.286821705426355,-84.93150684931507,-67.2782874617737,0.0,-20.731707317073162,-10.714285714285708,0.0,0.0,11.13686934986826,-66.27953015705424,0.0
s3-joint,pt0.1_dt-15_m0.15_seed115,3.0,0.4,0.1,0.3,2.8,106.0,13.9,8.2,1.0,2.7,0.2,6.9,5.0,94,88,228991.0,0.0,3201.0,0.55,,115.0,,0.1,-15.0,0.15,-14.285714285714285,0.0,0.0,-25.000000000000007,-50.0,-0.18832391713747915,-35.94470046082949,-36.43410852713179,-86.3013698630137,-91.74311926605505,0.0,-15.853658536585355,-10.714285714285708,0.0,0.0,6.597678034429144,-57.75372838854428,0.0
s3-joint,pt0.1_dt-15_m0.15_seed122,3.2,0.4,0.1,0.3,0.1,56.7,9.6,11.3,1.2,7.0,0.2,6.9,5.1,94,88,239400.0,0.0,2430.0,0.55,,122.0,,0.1,-15.0,0.15,-8.571428571428566,0.0,0.0,-25.000000000000007,-98.21428571428572,-46.61016949152542,-55.76036866359447,-12.403100775193796,-83.56164383561644,-78.59327217125383,0.0,-15.853658536585355,-8.928571428571429,0.0,0.0,11.443175152920146,-67.92925960142536,0.0
s3-joint,pt0.1_dt-15_m0.15_seed129,3.2,0.4,0.1,0.3,0.1,47.5,4.6,21.6,1.3,3.1,0.2,7.2,5.3,94,88,249968.0,0.0,1365.0,0.55,,129.0,,0.1,-15.0,0.15,-8.571428571428566,0.0,0.0,-25.000000000000007,-98.21428571428572,-55.27306967984934,-78.80184331797237,67.44186046511629,-82.19178082191782,-90.51987767584097,0.0,-12.195121951219502,-5.357142857142854,0.0,0.0,16.362688415309705,-81.98495446746733,0.0
s3-joint,pt0.1_dt-15_m0.15_seed136,3.0,0.4,0.1,0.3,0.1,46.6,8.8,10.7,1.1,7.2,0.2,6.8,5.0,94,88,240990.0,0.0,2894.0,0.55,,136.0,,0.1,-15.0,0.15,-14.285714285714285,0.0,0.0,-25.000000000000007,-98.21428571428572,-56.12052730696798,-59.44700460829493,-17.054263565891482,-84.93150684931507,-77.98165137614679,0.0,-17.073170731707314,-10.714285714285708,0.0,0.0,12.183336591905707,-61.80546390391976,0.0
s3-joint,pt0.1_dt-15_m0.15_seed143,2.9,0.4,0.1,0.3,0.1,38.8,2.7,2.2,1.0,2.8,0.2,5.5,5.1,94,88,251422.0,0.0,1327.0,0.55,,143.0,,0.1,-15.0,0.15,-17.142857142857146,0.0,0.0,-25.000000000000007,-98.21428571428572,-63.46516007532957,-87.55760368663594,-82.94573643410853,-86.3013698630137,-91.43730886850153,0.0,-32.92682926829268,-8.928571428571429,0.0,0.0,17.039540448193353,-82.48647221855616,0.0
s3-joint,pt0.1_dt-15_m0.15_seed150,2.9,0.4,0.1,0.2,0.1,62.4,13.0,6.1,1.1,18.8,0.2,6.9,5.5,94,88,227584.0,0.0,4043.0,0.55,,150.0,,0.1,-15.0,0.15,-17.142857142857146,0.0,0.0,-50.0,-98.21428571428572,-41.24293785310735,-40.09216589861751,-52.71317829457365,-84.93150684931507,-42.50764525993884,0.0,-15.853658536585355,-1.7857142857142794,0.0,0.0,5.9427049874777715,-46.64115085126039,0.0
s3-joint,pt0.1_dt-15_m0.15_seed157,2.7,0.4,0.1,0.2,0.1,59.5,14.4,12.8,1.1,15.1,0.2,7.4,5.1,94,88,230910.0,0.0,3555.0,0.55,,157.0,,0.1,-15.0,0.15,-22.85714285714285,0.0,0.0,-50.0,-98.21428571428572,-43.973634651600754,-33.6405529953917,-0.7751937984496096,-84.93150684931507,-53.822629969418955,0.0,-9.756097560975597,-8.928571428571429,0.0,0.0,7.490992374940647,-53.081694602085264,0.0
s3-joint,pt0.1_dt-15_m0.15_seed164,3.3,0.4,0.1,0.3,0.1,33.5,5.0,6.1,1.2,2.9,0.2,6.2,5.1,94,88,252450.0,0.0,1168.0,0.55,,164.0,,0.1,-15.0,0.15,-5.71428571428572,0.0,0.0,-25.000000000000007,-98.21428571428572,-68.45574387947269,-76.95852534562212,-52.71317829457365,-83.56164383561644,-91.13149847094802,0.0,-24.390243902439014,-8.928571428571429,0.0,0.0,17.518085076669554,-84.58492807179623,0.0
s3-joint,pt0.1_dt-15_m0.15_seed171,3.2,0.4,0.1,0.3,4.0,125.3,18.0,12.0,1.8,2.6,0.2,7.3,5.3,94,88,222596.0,0.0,3978.0,0.55,,171.0,,0.1,-15.0,0.15,-8.571428571428566,0.0,0.0,-25.000000000000007,-28.571428571428566,17.984934086628996,-17.05069124423963,-6.976744186046514,-75.34246575342466,-92.04892966360856,0.0,-10.975609756097555,-5.357142857142854,0.0,0.0,3.6207394166224436,-47.49901016233338,0.0
s3-joint,pt0.1_dt-15_m0.15_seed178,3.3,0.4,0.1,0.3,0.1,46.6,0.3,2.2,1.2,2.8,0.2,5.3,5.0,94,88,253202.0,0.0,1197.0,0.55,,178.0,,0.1,-15.0,0.15,-5.71428571428572,0.0,0.0,-25.000000000000007,-98.21428571428572,-56.12052730696798,-98.61751152073732,-82.94573643410853,-83.56164383561644,-91.43730886850153,0.0,-35.36585365853659,-10.714285714285708,0.0,0.0,17.868148851585993,-84.20219084070213,0.0
s3-joint,pt0.1_dt-15_m0.15_seed185,3.1,0.4,0.1,0.3,0.1,62.9,9.0,7.2,1.1,9.1,0.2,6.6,5.0,94,88,237297.0,0.0,2752.0,0.55,,185.0,,0.1,-15.0,0.15,-11.428571428571425,0.0,0.0,-25.000000000000007,-98.21428571428572,-40.772128060263654,-58.525345622119815,-44.18604651162791,-84.93150684931507,-72.17125382262996,0.0,-19.51219512195122,-10.714285714285708,0.0,0.0,10.464206910035472,-63.67955655272536,0.0
s3-joint,pt0.1_dt-15_m0.15_seed192,2.9,0.4,0.1,0.3,0.1,35.7,5.7,10.1,1.3,3.0,0.2,6.5,4.9,94,88,249777.0,0.0,1436.0,0.55,,192.0,,0.1,-15.0,0.15,-17.142857142857146,0.0,0.0,-25.000000000000007,-98.21428571428572,-66.38418079096044,-73.73271889400922,-21.705426356589154,-82.19178082191782,-90.82568807339449,0.0,-20.731707317073162,-12.499999999999988,0.0,0.0,16.273775940563638,-81.04790814306455,0.0
s3-joint,pt0.1_dt-15_m0.15_seed199,2.9,0.4,0.1,0.3,0.1,57.5,5.8,2.8,1.2,5.4,0.2,6.0,5.0,94,88,241057.0,0.0,2086.0,0.55,,199.0,,0.1,-15.0,0.15,-17.142857142857146,0.0,0.0,-25.000000000000007,-98.21428571428572,-45.856873822975516,-73.27188940092165,-78.29457364341086,-83.56164383561644,-83.48623853211011,0.0,-26.829268292682922,-10.714285714285708,0.0,0.0,12.214525784617676,-72.4693150323347,0.0
s3-joint,pt0.1_dt-15_m0.15_seed206,2.9,0.4,0.1,0.3,0.1,57.0,5.6,6.2,1.3,3.1,0.2,6.4,5.0,94,88,243057.0,0.0,1670.0,0.55,,206.0,,0.1,-15.0,0.15,-17.142857142857146,0.0,0.0,-25.000000000000007,-98.21428571428572,-46.32768361581921,-74.19354838709678,-51.93798449612403,-82.19178082191782,-90.51987767584097,0.0,-21.95121951219511,-10.714285714285708,0.0,0.0,13.145546462586935,-77.95961462320179,0.0
s3-joint,pt0.1_dt-15_m0.15_seed213,3.0,0.4,0.1,0.3,0.1,61.0,9.8,12.9,1.1,2.9,0.2,7.0,5.0,94,88,242886.0,0.0,1976.0,0.55,,213.0,,0.1,-15.0,0.15,-14.285714285714285,0.0,0.0,-25.000000000000007,-98.21428571428572,-42.56120527306968,-54.83870967741935,0.0,-84.93150684931507,-91.13149847094802,0.0,-14.634146341463408,-10.714285714285708,0.0,0.0,13.065944194620563,-73.92107694338128,0.0
s3-joint,pt0.1_dt-15_m0.15_seed220,2.8,0.4,0.1,0.3,0.1,68.8,11.6,30.6,1.5,3.0,0.2,7.9,5.0,94,88,242523.0,0.0,2161.0,0.55,,220.0,,0.1,-15.0,0.15,-20.000000000000004,0.0,0.0,-25.000000000000007,-98.21428571428572,-35.216572504708104,-46.54377880184332,137.2093023255814,-79.45205479452055,-90.82568807339449,0.0,-3.658536585365841,-10.714285714285708,0.0,0.0,12.896963941569142,-71.47947736571201,0.0
s3-joint,pt0.1_dt-15_m0.15_seed227,3.3,0.4,0.1,0.3,0.1,62.9,5.3,3.4,1.4,2.8,0.3,6.0,5.0,94,88,240340.0,0.0,1775.0,0.55,,227.0,,0.1,-15.0,0.15,-5.71428571428572,0.0,0.0,-25.000000000000007,-98.21428571428572,-40.772128060263654,-75.57603686635944,-73.64341085271317,-80.82191780821918,-91.43730886850153,49.999999999999986,-26.829268292682922,-10.714285714285708,0.0,0.0,11.880754871565697,-76.57384188993005,0.0
s3-joint,pt0.1_dt-15_m0.15_seed234,3.3,0.4,0.1,0.3,2.2,93.1,17.9,8.3,1.6,2.8,0.2,7.2,5.8,94,88,226610.0,0.0,3528.0,0.55,,234.0,,0.1,-15.0,0.15,-5.71428571428572,0.0,0.0,-25.000000000000007,-60.71428571428571,-12.335216572504716,-17.511520737327192,-35.65891472868217,-78.0821917808219,-91.43730886850153,0.0,-12.195121951219502,3.5714285714285747,0.0,0.0,5.489297917306744,-53.43803616206942,0.0
s3-joint,pt0.1_dt-15_m0.15_seed241,3.1,0.4,0.1,0.2,1.9,129.1,18.1,9.9,1.0,2.8,0.3,7.0,5.3,94,88,225473.0,0.0,3913.0,0.55,,241.0,,0.1,-15.0,0.15,-11.428571428571425,0.0,0.0,-50.0,-66.07142857142857,21.563088512241045,-16.589861751152064,-23.25581395348837,-86.3013698630137,-91.43730886850153,49.999999999999986,-14.634146341463408,-5.357142857142854,0.0,0.0,4.960012661881221,-48.35686947340636,0.0
s3-joint,pt0.1_dt-15_m0.15_seed248,3.2,0.4,0.1,0.3,0.1,41.8,5.5,14.2,1.1,5.7,0.3,7.0,5.1,94,88,244695.0,0.0,2138.0,0.55,,248.0,,0.1,-15.0,0.15,-8.571428571428566,0.0,0.0,-25.000000000000007,-98.21428571428572,-60.64030131826742,-74.65437788018433,10.077519379844952,-84.93150684931507,-82.56880733944955,49.999999999999986,-14.634146341463408,-8.928571428571429,0.0,0.0,13.908052397843756,-71.78302758347631,0.0
s3-joint,pt0.1_dt-15_m0.15_seed255,2.9,0.4,0.1,0.3,0.2,102.0,20.9,15.1,2.3,2.5,0.2,7.8,5.3,94,88,229840.0,0.0,3662.0,0.55,,255.0,,0.1,-15.0,0.15,-17.142857142857146,0.0,0.0,-25.000000000000007,-96.42857142857143,-3.954802259887008,-3.6866359447004644,17.054263565891468,-68.4931506849315,-92.35474006116208,0.0,-4.8780487804877986,-5.357142857142854,0.0,0.0,6.992896312227094,-51.669526197703576,0.0
s3-joint,pt0.1_dt-15_m0.15_seed262,3.1,0.4,0.1,0.3,0.1,71.7,14.9,11.8,1.2,20.1,0.2,7.4,5.3,94,88,224686.0,0.0,4393.0,0.55,,262.0,,0.1,-15.0,0.15,-11.428571428571425,0.0,0.0,-25.000000000000007,-98.21428571428572,-32.48587570621469,-31.336405529953915,-8.527131782945734,-83.56164383561644,-38.53211009174312,0.0,-9.756097560975597,-5.357142857142854,0.0,0.0,4.593656025100318,-42.02190840702124,0.0
s3-joint,pt0.1_dt-15_m0.1_seed101,3.2,0.4,0.1,0.3,0.1,78.2,26.3,29.8,2.4,11.2,0.2,8.7,5.8,94,88,232834.0,0.0,4260.0,0.55,,101.0,,0.1,-15.0,0.1,-8.571428571428566,0.0,0.0,-25.000000000000007,-98.21428571428572,-26.365348399246702,21.19815668202766,131.0077519379845,-67.12328767123287,-65.74923547400611,0.0,6.097560975609757,3.5714285714285747,0.0,0.0,8.386634267147073,-43.77722053583212,0.0
s3-joint,pt0.1_dt-15_m0.1_seed108,3.2,0.4,0.1,0.3,0.1,68.7,15.7,33.0,2.5,7.8,0.2,8.8,5.5,94,88,234571.0,0.0,3561.0,0.55,,108.0,,0.1,-15.0,0.1,-8.571428571428566,0.0,0.0,-25.000000000000007,-98.21428571428572,-35.31073446327683,-27.64976958525346,155.8139534883721,-65.75342465753424,-76.14678899082568,0.0,7.3170731707317245,-1.7857142857142794,0.0,0.0,9.195225725963374,-53.00250758875544,0.0
s3-joint,pt0.1_dt-15_m0.1_seed115,3.0,0.4,0.1,0.3,0.1,87.5,13.3,10.1,2.0,13.5,0.2,7.2,5.0,94,88,232368.0,0.0,3898.0,0.55,,115.0,,0.1,-15.0,0.1,-14.285714285714285,0.0,0.0,-25.000000000000007,-98.21428571428572,-17.608286252354052,-38.70967741935483,-21.705426356589154,-72.6027397260274,-58.71559633027523,0.0,-12.195121951219502,-10.714285714285708,0.0,0.0,8.169706449180236,-48.55483700673089,0.0
s3-joint,pt0.1_dt-15_m0.1_seed122,3.3,0.4,0.1,0.3,0.1,77.1,11.1,14.9,1.4,8.0,0.2,7.2,5.1,94,88,238400.0,0.0,3305.0,0.55,,122.0,,0.1,-15.0,0.1,-5.71428571428572,0.0,0.0,-25.000000000000007,-98.21428571428572,-27.401129943502834,-48.8479262672811,15.503875968992247,-80.82191780821918,-75.53516819571865,0.0,-12.195121951219502,-8.928571428571429,0.0,0.0,10.977664813935517,-56.38115349082751,0.0
s3-joint,pt0.1_dt-15_m0.1_seed129,3.0,0.4,0.1,0.3,0.1,94.0,13.5,6.8,1.2,15.8,0.2,6.8,5.0,94,88,229661.0,0.0,4355.0,0.55,,129.0,,0.1,-15.0,0.1,-14.285714285714285,0.0,0.0,-25.000000000000007,-98.21428571428572,-11.487758945386066,-37.78801843317972,-47.286821705426355,-83.56164383561644,-51.681957186544345,0.0,-17.073170731707314,-10.714285714285708,0.0,0.0,6.909569961548846,-42.52342615811007,0.0
s3-joint,pt0.1_dt-15_m0.1_seed136,3.0,0.4,0.1,0.3,11.5,136.9,32.0,19.4,7.9,2.2,0.2,9.4,5.2,94,88,213854.0,0.0,6488.0,0.55,,136.0,,0.1,-15.0,0.1,-14.285714285714285,0.0,0.0,-25.000000000000007,105.35714285714286,28.907721280602637,47.46543778801844,50.387596899224796,8.219178082191789,-93.27217125382263,0.0,14.634146341463428,-7.142857142857134,0.0,0.0,-0.44875196678118223,-14.372442919361225,0.0
s3-joint,pt0.1_dt-15_m0.1_seed143,3.3,0.4,0.1,0.4,0.1,71.5,13.1,26.4,1.4,3.2,0.2,7.9,7.0,94,88,239213.0,0.0,2950.0,0.55,,143.0,,0.1,-15.0,0.1,-5.71428571428572,0.0,0.0,0.0,-98.21428571428572,-32.674199623352166,-39.63133640552996,104.65116279069765,-80.82191780821918,-90.21406727828747,0.0,-3.658536585365841,25.000000000000007,0.0,0.0,11.35612471953002,-61.066385112841495,0.0
s3-joint,pt0.1_dt-15_m0.1_seed150,3.7,0.4,0.1,0.3,3.9,122.5,21.9,12.0,2.8,2.6,0.2,7.7,5.6,94,88,224268.0,0.0,4476.0,0.55,,150.0,,0.1,-15.0,0.1,5.71428571428572,0.0,0.0,-25.000000000000007,-30.357142857142854,15.348399246704329,0.9216589861751119,-6.976744186046514,-61.64383561643836,-92.04892966360856,0.0,-6.0975609756097455,0.0,0.0,0.0,4.399072703404743,-40.92648805595882,0.0
s3-joint,pt0.1_dt-15_m0.1_seed157,3.0,0.4,0.1,0.2,0.1,87.8,26.1,27.8,4.3,6.4,0.2,8.9,6.8,94,88,228991.0,0.0,4913.0,0.55,,157.0,,0.1,-15.0,0.1,-14.285714285714285,0.0,0.0,-50.0,-98.21428571428572,-17.32580037664784,20.276497695852544,115.50387596899225,-41.09589041095891,-80.42813455657493,0.0,8.536585365853671,21.428571428571434,0.0,0.0,6.597678034429144,-35.15903391843737,0.0
s3-joint,pt0.1_dt-15_m0.1_seed164,3.4,0.4,0.1,0.3,0.1,64.8,9.7,11.6,1.2,11.8,0.3,7.1,5.1,94,88,237527.0,0.0,3210.0,0.55,,164.0,,0.1,-15.0,0.1,-2.85714285714286,0.0,0.0,-25.000000000000007,-98.21428571428572,-38.983050847457626,-55.29953917050692,-10.077519379844967,-83.56164383561644,-63.91437308868502,49.999999999999986,-13.414634146341461,-8.928571428571429,0.0,0.0,10.571274288001936,-57.63494786854956,0.0
s3-joint,pt0.1_dt-15_m0.1_seed171,3.3,0.4,0.1,0.3,0.1,76.5,16.8,11.6,1.5,18.9,0.2,7.9,5.2,94,88,229808.0,0.0,4265.0,0.55,,171.0,,0.1,-15.0,0.1,-5.71428571428572,0.0,0.0,-25.000000000000007,-98.21428571428572,-27.966101694915256,-22.580645161290317,-10.077519379844967,-79.45205479452055,-42.201834862385326,0.0,-3.658536585365841,-7.142857142857134,0.0,0.0,6.977999981379586,-43.711231358057276,0.0
s3-joint,pt0.1_dt-15_m0.1_seed178,3.1,0.4,0.1,0.2,0.1,70.3,17.8,14.5,1.7,15.3,0.2,7.7,5.3,94,88,230800.0,0.0,4008.0,0.55,,178.0,,0.1,-15.0,0.1,-11.428571428571425,0.0,0.0,-50.0,-98.21428571428572,-33.804143126177024,-17.97235023041474,12.403100775193796,-76.71232876712328,-53.21100917431193,0.0,-6.0975609756097455,-5.357142857142854,0.0,0.0,7.439786237652338,-47.10307509568431,0.0
s3-joint,pt0.1_dt-15_m0.1_seed185,3.2,0.4,0.1,0.2,0.1,83.1,11.8,8.2,1.1,16.1,0.2,7.0,5.2,94,88,230867.0,0.0,4589.0,0.55,,185.0,,0.1,-15.0,0.1,-8.571428571428566,0.0,0.0,-50.0,-98.21428571428572,-21.75141242937854,-45.6221198156682,-36.43410852713179,-84.93150684931507,-50.764525993883794,0.0,-14.634146341463408,-7.142857142857134,0.0,0.0,7.470975430364309,-39.435132638247325,0.0
s3-joint,pt0.1_dt-15_m0.1_seed192,3.1,0.4,0.1,0.3,0.1,61.2,13.8,20.9,1.8,6.9,0.2,7.9,5.3,94,88,237636.0,0.0,3509.0,0.55,,192.0,,0.1,-15.0,0.1,-11.428571428571425,0.0,0.0,-25.000000000000007,-98.21428571428572,-42.3728813559322,-36.405529953917046,62.01550387596898,-75.34246575342466,-78.89908256880734,0.0,-3.658536585365841,-5.357142857142854,0.0,0.0,10.622014914951261,-53.688795037613836,0.0
s3-joint,pt0.1_dt-15_m0.1_seed199,2.8,0.4,0.1,0.3,0.1,111.5,18.8,15.6,5.6,14.2,0.2,8.1,5.2,94,88,229899.0,0.0,5087.0,0.55,,199.0,,0.1,-15.0,0.1,-20.000000000000004,0.0,0.0,-25.000000000000007,-98.21428571428572,4.990583804143124,-13.364055299539165,20.93023255813953,-23.28767123287672,-56.574923547400616,0.0,-1.219512195121947,-7.142857142857134,0.0,0.0,7.020361422227188,-32.86261053187277,0.0
s3-joint,pt0.1_dt-15_m0.1_seed206,2.9,0.4,0.1,0.3,0.1,52.7,7.3,23.8,1.4,6.9,0.2,7.7,5.5,94,88,241684.0,0.0,2537.0,0.55,,206.0,,0.1,-15.0,0.1,-17.142857142857146,0.0,0.0,-25.000000000000007,-98.21428571428572,-50.376647834274955,-66.35944700460828,84.49612403100775,-80.82191780821918,-78.89908256880734,0.0,-6.0975609756097455,-1.7857142857142794,0.0,0.0,12.506400767161038,-66.51709119704368,0.0
s3-joint,pt0.1_dt-15_m0.1_seed213,3.1,0.4,0.1,0.3,0.1,78.4,12.8,26.0,3.4,7.9,0.2,8.3,5.1,94,88,235686.0,0.0,3410.0,0.55,,213.0,,0.1,-15.0,0.1,-11.428571428571425,0.0,0.0,-25.000000000000007,-98.21428571428572,-26.177024482109225,-41.01382488479262,101.55038759689923,-53.42465753424658,-75.84097859327218,0.0,1.2195121951219685,-8.928571428571429,0.0,0.0,9.714269753931234,-54.99538075755576,0.0
s3-joint,pt0.1_dt-15_m0.1_seed220,3.4,0.4,0.1,0.3,0.1,70.2,5.5,18.7,1.4,3.9,0.3,7.2,5.0,94,88,241348.0,0.0,2868.0,0.55,,220.0,,0.1,-15.0,0.1,-2.85714285714286,0.0,0.0,-25.000000000000007,-98.21428571428572,-33.89830508474576,-74.65437788018433,44.961240310077514,-80.82191780821918,-88.07339449541286,49.999999999999986,-12.195121951219502,-10.714285714285708,0.0,0.0,12.349989293262203,-62.14860762834895,0.0
s3-joint,pt0.1_dt-15_m0.1_seed227,3.0,0.4,0.1,0.2,0.1,86.6,15.8,10.8,1.5,18.5,0.2,7.4,5.3,94,88,228999.0,0.0,4645.0,0.55,,227.0,,0.1,-15.0,0.1,-14.285714285714285,0.0,0.0,-50.0,-98.21428571428572,-18.4557438794727,-27.188940092165893,-16.279069767441857,-79.45205479452055,-43.42507645259939,0.0,-9.756097560975597,-5.357142857142854,0.0,0.0,6.6014021171410215,-38.69605384716907,0.0
s3-joint,pt0.1_dt-15_m0.1_seed234,3.4,0.4,0.1,0.3,3.7,124.5,21.2,14.9,3.0,2.7,0.2,7.9,5.8,94,88,223488.0,0.0,4787.0,0.55,,234.0,,0.1,-15.0,0.1,-2.85714285714286,0.0,0.0,-25.000000000000007,-33.928571428571416,17.231638418079093,-2.3041474654377883,15.503875968992247,-58.9041095890411,-91.74311926605505,0.0,-3.658536585365841,3.5714285714285747,0.0,0.0,4.035974638996732,-36.82196119836347,0.0
s3-joint,pt0.1_dt-15_m0.1_seed241,3.4,0.4,0.1,0.3,0.1,85.4,27.1,33.6,2.0,9.2,0.2,9.1,6.3,94,88,231627.0,0.0,4694.0,0.55,,241.0,,0.1,-15.0,0.1,-2.85714285714286,0.0,0.0,-25.000000000000007,-98.21428571428572,-19.585687382297547,24.88479262672812,160.46511627906978,-72.6027397260274,-71.86544342507646,0.0,10.975609756097567,12.500000000000004,0.0,0.0,7.824763287992627,-38.04935990497558,0.0
s3-joint,pt0.1_dt-15_m0.1_seed248,3.0,0.4,0.1,0.2,0.1,84.8,14.9,8.8,1.5,11.2,0.2,6.9,5.3,94,88,234670.0,0.0,3755.0,0.55,,248.0,,0.1,-15.0,0.1,-14.285714285714285,0.0,0.0,-50.0,-98.21428571428572,-20.150659133709986,-31.336405529953915,-31.782945736434105,-79.45205479452055,-65.74923547400611,0.0,-15.853658536585355,-5.357142857142854,0.0,0.0,9.241311249522852,-50.44212749109146,0.0
s3-joint,pt0.1_dt-15_m0.1_seed255,3.3,0.4,0.1,0.3,0.1,62.7,12.0,18.2,1.3,4.4,0.2,7.4,5.2,94,88,240644.0,0.0,2990.0,0.55,,255.0,,0.1,-15.0,0.1,-5.71428571428572,0.0,0.0,-25.000000000000007,-98.21428571428572,-40.96045197740113,-44.70046082949309,41.085271317829445,-82.19178082191782,-86.54434250764527,0.0,-9.756097560975597,-7.142857142857134,0.0,0.0,12.022270014617025,-60.53847169064274,0.0
s3-joint,pt0.1_dt-15_m0.1_seed262,3.1,0.4,0.1,0.3,0.1,74.2,14.9,8.7,1.4,12.1,0.2,7.1,5.3,94,88,232709.0,0.0,3913.0,0.55,,262.0,,0.1,-15.0,0.1,-11.428571428571425,0.0,0.0,-25.000000000000007,-98.21428571428572,-30.131826741996232,-31.336405529953915,-32.55813953488373,-80.82191780821918,-62.99694189602446,0.0,-13.414634146341461,-5.357142857142854,0.0,0.0,8.328445474773995,-48.35686947340636,0.0
s3-joint,pt0.1_dt-30_m0.05_seed101,3.2,0.4,0.1,0.3,0.1,71.3,18.7,14.0,1.2,11.7,0.3,7.5,5.6,94,88,238069.0,0.0,3744.0,0.55,,101.0,,0.1,-30.0,0.05,-8.571428571428566,0.0,0.0,-25.000000000000007,-98.21428571428572,-32.86252354048965,-13.82488479262673,8.527131782945734,-83.56164383561644,-64.22018348623854,49.999999999999986,-8.53658536585365,0.0,0.0,0.0,10.823580891731606,-50.587303682196115,0.0
s3-joint,pt0.1_dt-30_m0.05_seed108,3.5,0.4,0.1,0.3,0.1,64.6,9.3,16.0,1.2,3.6,0.2,7.0,5.2,94,88,243929.0,0.0,2943.0,0.55,,108.0,,0.1,-30.0,0.05,0.0,0.0,0.0,-25.000000000000007,-98.21428571428572,-39.171374764595114,-57.14285714285714,24.03100775193798,-83.56164383561644,-88.9908256880734,0.0,-14.634146341463408,-7.142857142857134,0.0,0.0,13.551471478181531,-61.15876996172628,0.0
s3-joint,pt0.1_dt-30_m0.05_seed115,3.4,0.4,0.1,0.3,0.5,117.9,23.0,12.2,2.0,19.6,0.3,7.5,6.7,94,88,225189.0,0.0,6225.0,0.55,,115.0,,0.1,-30.0,0.05,-2.85714285714286,0.0,0.0,-25.000000000000007,-91.07142857142857,11.016949152542376,5.990783410138252,-5.426356589147295,-72.6027397260274,-40.0611620795107,49.999999999999986,-8.53658536585365,19.642857142857153,0.0,0.0,4.827807725609586,-17.84347367031807,0.0
s3-joint,pt0.1_dt-30_m0.05_seed122,3.4,0.4,0.1,0.3,0.1,67.8,13.6,20.0,1.5,7.6,0.3,7.5,5.8,94,88,239841.0,0.0,3254.0,0.55,,122.0,,0.1,-30.0,0.05,-2.85714285714286,0.0,0.0,-25.000000000000007,-98.21428571428572,-36.15819209039549,-37.327188940092164,55.03875968992248,-79.45205479452055,-76.75840978593273,49.999999999999986,-8.53658536585365,3.5714285714285747,0.0,0.0,11.648465212412368,-57.05424310413092,0.0
s3-joint,pt0.1_dt-30_m0.05_seed129,3.2,0.4,0.1,0.3,0.1,88.4,22.8,31.4,4.8,15.7,0.3,9.1,5.5,94,88,227078.0,0.0,5793.0,0.55,,129.0,,0.1,-30.0,0.05,-8.571428571428566,0.0,0.0,-25.000000000000007,-98.21428571428572,-16.7608286252354,5.069124423963141,143.4108527131783,-34.24657534246575,-51.98776758409787,49.999999999999986,10.975609756097567,-1.7857142857142794,0.0,0.0,5.70715675595155,-23.544938630064667,0.0
s3-joint,pt0.1_dt-30_m0.05_seed136,3.8,1.3,0.5,0.3,23.4,133.0,30.5,12.8,6.6,4.9,0.3,8.5,5.7,94,88,210148.0,0.0,7089.0,0.55,,136.0,,0.1,-30.0,0.05,8.571428571428566,225.0,400.0,-25.000000000000007,317.85714285714283,25.23540489642184,40.55299539170507,-0.7751937984496096,-9.589041095890414,-85.01529051987768,49.999999999999986,3.6585365853658622,1.7857142857142954,0.0,0.0,-2.1739332830582168,-6.440543750824864,0.0
s3-joint,pt0.1_dt-30_m0.05_seed143,3.5,0.4,0.1,0.3,0.1,82.7,20.7,31.7,4.3,13.3,0.3,8.9,5.2,94,88,234459.0,0.0,4810.0,0.55,,143.0,,0.1,-30.0,0.05,0.0,0.0,0.0,-25.000000000000007,-98.21428571428572,-22.128060263653484,-4.6082949308755765,145.7364341085271,-41.09589041095891,-59.32721712538226,49.999999999999986,8.536585365853671,-7.142857142857134,0.0,0.0,9.143088567997095,-36.51841098059918,0.0
s3-joint,pt0.1_dt-30_m0.05_seed150,3.4,0.4,0.1,0.2,0.1,88.6,22.4,17.5,4.4,17.8,0.3,8.1,5.4,94,88,227982.0,0.0,5491.0,0.55,,150.0,,0.1,-30.0,0.05,-2.85714285714286,0.0,0.0,-50.0,-98.21428571428572,-16.572504708097934,3.2258064516129004,35.65891472868217,-39.72602739726027,-45.56574923547401,49.999999999999986,-1.219512195121947,-3.5714285714285587,0.0,0.0,6.127978102393654,-27.5306849676653,0.0
s3-joint,pt0.1_dt-30_m0.05_seed157,3.4,0.8,0.7,0.3,18.5,143.7,31.8,19.0,7.6,2.8,0.2,9.1,6.1,94,88,210466.0,0.0,7294.0,0.55,,157.0,,0.1,-30.0,0.05,-2.85714285714286,100.0,599.9999999999999,-25.000000000000007,230.3571428571429,35.31073446327682,46.54377880184333,47.28682170542635,4.109589041095888,-91.43730886850153,0.0,10.975609756097567,8.928571428571429,0.0,0.0,-2.0259009952611047,-3.7349874620562225,0.0
s3-joint,pt0.1_dt-30_m0.05_seed164,3.4,0.4,0.1,0.3,0.1,84.2,17.1,9.0,1.4,19.4,0.3,7.2,5.2,94,88,228924.0,0.0,4750.0,0.55,,164.0,,0.1,-30.0,0.05,-2.85714285714286,0.0,0.0,-25.000000000000007,-98.21428571428572,-20.715630885122412,-21.19815668202764,-30.232558139534888,-80.82191780821918,-40.672782874617745,49.999999999999986,-12.195121951219502,-7.142857142857134,0.0,0.0,6.566488841717175,-37.31028111389732,0.0
s3-joint,pt0.1_dt-30_m0.05_seed171,4.1,3.0,0.8,0.2,22.2,246.1,39.7,19.7,10.3,3.1,0.6,10.1,6.8,94,88,200020.0,0.0,8970.0,0.55,,171.0,,0.1,-30.0,0.05,17.14285714285713,650.0,700.0,-50.0,296.4285714285715,131.73258003766475,82.94930875576038,52.71317829457364,41.095890410958916,-90.51987767584097,199.99999999999997,23.17073170731708,21.428571428571434,0.0,0.0,-6.888621996294537,18.384584928071796,0.0
s3-joint,pt0.1_dt-30_m0.05_seed178,3.1,0.4,0.1,0.3,1.7,130.3,13.8,8.9,1.7,2.7,0.2,7.0,5.1,94,88,230416.0,0.0,4362.0,0.55,,178.0,,0.1,-30.0,0.05,-11.428571428571425,0.0,0.0,-25.000000000000007,-69.64285714285714,22.69303201506592,-36.405529953917046,-31.007751937984494,-76.71232876712328,-91.74311926605505,0.0,-14.634146341463408,-8.928571428571429,0.0,0.0,7.261030267482241,-42.431041309225286,0.0
s3-joint,pt0.1_dt-30_m0.05_seed185,3.4,0.4,0.1,0.3,0.1,120.1,29.8,11.6,2.4,18.0,0.2,7.8,6.4,94,88,227438.0,0.0,5489.0,0.55,,185.0,,0.1,-30.0,0.05,-2.85714285714286,0.0,0.0,-25.000000000000007,-98.21428571428572,13.088512241054605,37.32718894009218,-10.077519379844967,-67.12328767123287,-44.95412844036697,0.0,-4.8780487804877986,14.285714285714299,0.0,0.0,5.874740477986016,-27.55708063877524,0.0
s3-joint,pt0.1_dt-30_m0.05_seed192,3.5,0.5,0.1,0.3,0.1,68.6,9.4,16.0,1.2,6.3,0.2,7.1,5.0,94,88,242929.0,0.0,3261.0,0.55,,192.0,,0.1,-30.0,0.05,0.0,24.999999999999993,0.0,-25.000000000000007,-98.21428571428572,-35.404896421845585,-56.68202764976959,24.03100775193798,-83.56164383561644,-80.73394495412845,0.0,-13.414634146341461,-10.714285714285708,0.0,0.0,13.085961139196902,-56.96185825524614,0.0
s3-joint,pt0.1_dt-30_m0.05_seed199,3.2,0.4,0.1,0.3,0.1,148.9,28.0,19.5,7.6,31.1,0.2,9.1,6.4,94,88,216984.0,0.0,7109.0,0.55,,199.0,,0.1,-30.0,0.05,-8.571428571428566,0.0,0.0,-25.000000000000007,-98.21428571428572,40.207156308851225,29.03225806451613,51.16279069767441,4.109589041095888,-4.892966360856273,0.0,10.975609756097567,14.285714285714299,0.0,0.0,1.008295394240706,-6.176587039725485,0.0
s3-joint,pt0.1_dt-30_m0.05_seed206,3.3,0.4,0.1,0.2,0.1,106.3,17.1,9.4,1.5,31.2,0.2,6.9,6.5,94,88,222057.0,0.0,6470.0,0.55,,206.0,,0.1,-30.0,0.05,-5.71428571428572,0.0,0.0,-50.0,-98.21428571428572,0.09416195856873287,-21.19815668202764,-27.131782945736433,-79.45205479452055,-4.587155963302763,0.0,-15.853658536585355,16.071428571428577,0.0,0.0,3.3698293439097284,-14.610003959350667,0.0
s3-joint,pt0.1_dt-30_m0.05_seed213,3.4,0.4,0.1,0.2,0.1,93.4,34.3,13.6,4.6,18.2,0.2,8.3,6.6,94,88,223792.0,0.0,5801.0,0.55,,213.0,,0.1,-30.0,0.05,-2.85714285714286,0.0,0.0,-50.0,-98.21428571428572,-12.05273069679849,58.06451612903225,5.426356589147281,-36.986301369863014,-44.34250764525994,0.0,1.2195121951219685,17.857142857142858,0.0,0.0,4.177489782048059,-23.439355945624918,0.0
s3-joint,pt0.1_dt-30_m0.05_seed220,6.8,3.5,1.1,0.2,30.3,270.6,51.7,33.3,15.0,7.4,1.0,15.6,6.6,94,88,191548.0,0.0,11123.0,0.55,,220.0,,0.1,-30.0,0.05,94.28571428571428,775.0,1000.0,-50.0,441.07142857142867,154.80225988700568,138.2488479262673,158.13953488372093,105.47945205479452,-77.37003058103976,400.0,90.24390243902441,17.857142857142858,0.0,0.0,-10.832425588172313,46.79952487792002,0.0
s3-joint,pt0.1_dt-30_m0.05_seed227,3.3,0.5,0.1,0.3,0.1,91.7,27.1,19.6,7.3,3.9,0.2,8.7,5.3,94,88,231464.0,0.0,4654.0,0.55,,227.0,,0.1,-30.0,0.05,-5.71428571428572,24.999999999999993,0.0,-25.000000000000007,-98.21428571428572,-13.653483992467045,24.88479262672812,51.93798449612403,0.0,-88.07339449541286,0.0,6.097560975609757,-5.357142857142854,0.0,0.0,7.748885102738131,-38.577273327174346,0.0
s3-joint,pt0.1_dt-30_m0.05_seed234,3.3,0.4,0.1,0.3,0.1,73.3,11.3,23.3,1.3,6.7,0.2,7.6,5.2,94,88,240334.0,0.0,3390.0,0.55,,234.0,,0.1,-30.0,0.05,-5.71428571428572,0.0,0.0,-25.000000000000007,-98.21428571428572,-30.979284369114886,-47.926267281105986,80.62015503875969,-82.19178082191782,-79.51070336391439,0.0,-7.317073170731704,-7.142857142857134,0.0,0.0,11.87796180953179,-55.25933746865515,0.0
s3-joint,pt0.1_dt-30_m0.05_seed241,3.3,0.4,0.1,0.3,0.1,102.0,17.1,10.1,1.4,16.0,0.2,7.2,5.4,94,88,230460.0,0.0,5137.0,0.55,,241.0,,0.1,-30.0,0.05,-5.71428571428572,0.0,0.0,-25.000000000000007,-98.21428571428572,-3.954802259887008,-21.19815668202764,-21.705426356589154,-80.82191780821918,-51.07033639143731,0.0,-12.195121951219502,-3.5714285714285587,0.0,0.0,7.281512722397565,-32.20271875412432,0.0
s3-joint,pt0.1_dt-30_m0.05_seed248,3.4,0.4,0.1,0.3,3.4,111.2,11.6,9.0,1.4,13.6,0.3,6.9,5.1,94,88,227956.0,0.0,4569.0,0.55,,248.0,,0.1,-30.0,0.05,-2.85714285714286,0.0,0.0,-25.000000000000007,-39.285714285714285,4.708097928436912,-46.54377880184332,-30.232558139534888,-80.82191780821918,-58.40978593272171,49.999999999999986,-15.853658536585355,-8.928571428571429,0.0,0.0,6.115874833580054,-39.69908934934671,0.0
s3-joint,pt0.1_dt-30_m0.05_seed255,3.5,0.4,0.1,0.3,0.2,101.8,14.5,11.1,1.3,19.3,0.2,7.5,5.6,94,88,228545.0,0.0,5404.0,0.55,,255.0,,0.1,-30.0,0.05,0.0,0.0,0.0,-25.000000000000007,-96.42857142857143,-4.143126177024487,-33.17972350230414,-13.953488372093029,-82.19178082191782,-40.97859327217125,0.0,-8.53658536585365,0.0,0.0,0.0,6.390060423242,-28.678896660947608,0.0
s3-joint,pt0.1_dt-30_m0.05_seed262,3.1,0.4,0.2,0.2,11.6,164.2,33.0,18.5,9.1,2.5,0.2,9.5,5.9,94,88,212304.0,0.0,7317.0,0.55,,262.0,,0.1,-30.0,0.05,-11.428571428571425,0.0,100.0,-50.0,107.14285714285714,54.61393596986815,52.073732718894014,43.410852713178286,24.65753424657534,-92.35474006116208,0.0,15.853658536585376,5.35714285714287,0.0,0.0,-1.1702929922073568,-3.4314372442919363,0.0
s3-joint,pt0.1_dt-30_m0.0_seed101,3.4,0.4,0.1,0.3,1.7,149.2,19.5,14.8,4.7,31.8,0.2,7.9,6.4,94,88,218625.0,0.0,7707.0,0.55,,101.0,,0.1,-30.0,0.0,-2.85714285714286,0.0,0.0,-25.000000000000007,-69.64285714285714,40.489642184557425,-10.138248847926265,14.728682170542637,-35.61643835616438,-2.752293577981658,0.0,-3.658536585365841,14.285714285714299,0.0,0.0,1.772197860514482,1.7157186221459682,0.0
s3-joint,pt0.1_dt-30_m0.0_seed108,3.6,0.4,0.1,0.3,1.6,106.3,23.7,15.1,7.0,21.2,0.2,8.6,5.5,94,88,222052.0,0.0,7078.0,0.55,,108.0,,0.1,-30.0,0.0,2.85714285714286,0.0,0.0,-25.000000000000007,-71.42857142857143,0.09416195856873287,9.216589861751153,17.054263565891468,-4.109589041095888,-35.168195718654445,0.0,4.87804878048781,-1.7857142857142794,0.0,0.0,3.3675017922148056,-6.585719941929523,0.0
s3-joint,pt0.1_dt-30_m0.0_seed115,4.3,1.9,0.7,0.3,21.5,249.9,55.4,24.7,15.2,2.7,0.2,14.4,8.5,94,88,199879.0,0.0,10137.0,0.55,,115.0,,0.1,-30.0,0.0,22.85714285714285,375.0,599.9999999999999,-25.000000000000007,283.92857142857144,135.31073446327682,155.29953917050693,91.47286821705424,108.21917808219177,-91.74311926605505,0.0,75.609756097561,51.78571428571429,0.0,0.0,-6.954258954091371,33.7864590207206,0.0
s3-joint,pt0.1_dt-30_m0.0_seed122,3.6,0.4,0.1,0.3,0.1,74.7,17.2,16.9,2.8,11.9,0.2,7.8,5.3,94,88,235244.0,0.0,4299.0,0.55,,122.0,,0.1,-30.0,0.0,2.85714285714286,0.0,0.0,-25.000000000000007,-98.21428571428572,-29.66101694915254,-20.737327188940093,31.00775193798448,-61.64383561643836,-63.60856269113151,0.0,-4.8780487804877986,-5.357142857142854,0.0,0.0,9.50851418410003,-43.26250494918833,0.0
s3-joint,pt0.1_dt-30_m0.0_seed129,3.3,0.4,0.1,0.3,7.0,112.1,14.8,8.7,1.3,21.3,0.2,7.0,5.4,94,88,225808.0,0.0,5925.0,0.55,,129.0,,0.1,-30.0,0.0,-5.71428571428572,0.0,0.0,-25.000000000000007,25.000000000000007,5.555555555555547,-31.79723502304147,-32.55813953488373,-82.19178082191782,-34.862385321100916,0.0,-14.634146341463408,-3.5714285714285587,0.0,0.0,5.1159586254410705,-21.80282433680876,0.0
s3-joint,pt0.1_dt-30_m0.0_seed136,10.3,3.9,1.8,0.2,34.4,186.5,41.7,28.5,11.6,3.5,1.2,13.1,7.0,94,88,195580.0,0.0,10466.0,0.55,,136.0,,0.1,-30.0,0.0,194.2857142857143,875.0,1700.0,-50.0,514.2857142857142,75.6120527306968,92.16589861751154,120.93023255813952,58.9041095890411,-89.29663608562691,500.0,59.75609756097562,25.000000000000007,0.0,0.0,-8.95548790138629,38.1285469183054,0.0
s3-joint,pt0.1_dt-30_m0.0_seed143,3.5,0.4,0.1,0.3,1.5,146.6,45.4,21.0,11.6,34.3,0.2,10.1,8.4,94,88,215146.0,0.0,8465.0,0.55,,143.0,,0.1,-30.0,0.0,0.0,0.0,0.0,-25.000000000000007,-73.21428571428571,38.041431261770235,109.21658986175116,62.7906976744186,58.9041095890411,4.892966360856251,0.0,23.17073170731708,50.000000000000014,0.0,0.0,0.15268739118695826,11.719677972812459,0.0
s3-joint,pt0.1_dt-30_m0.0_seed150,3.3,0.4,0.1,0.3,1.9,106.8,24.2,78.8,6.9,4.2,0.2,12.6,5.4,94,88,228091.0,0.0,5993.0,0.55,,150.0,,0.1,-30.0,0.0,-5.71428571428572,0.0,0.0,-25.000000000000007,-66.07142857142857,0.564971751412424,11.52073732718894,510.8527131782945,-5.479452054794513,-87.1559633027523,0.0,53.658536585365866,-3.5714285714285587,0.0,0.0,6.178718729342979,-20.905371519070872,0.0
s3-joint,pt0.1_dt-30_m0.0_seed157,3.3,0.4,0.1,0.3,0.1,90.3,17.9,13.9,3.0,17.7,0.2,7.6,5.1,94,88,231194.0,0.0,5004.0,0.55,,157.0,,0.1,-30.0,0.0,-5.71428571428572,0.0,0.0,-25.000000000000007,-98.21428571428572,-14.971751412429382,-17.511520737327192,7.751937984496124,-58.9041095890411,-45.87155963302753,0.0,-7.317073170731704,-8.928571428571429,0.0,0.0,7.623197311212282,-33.9580308829352,0.0
s3-joint,pt0.1_dt-30_m0.0_seed164,3.5,0.4,0.1,0.3,4.9,111.6,17.3,16.4,4.7,18.2,0.2,7.9,5.6,94,88,222780.0,0.0,6331.0,0.55,,164.0,,0.1,-30.0,0.0,0.0,0.0,0.0,-25.000000000000007,-12.499999999999988,5.084745762711856,-20.27649769585253,27.131782945736422,-35.61643835616438,-44.34250764525994,0.0,-3.658536585365841,0.0,0.0,0.0,3.7063933189956146,-16.444503101491357,0.0
s3-joint,pt0.1_dt-30_m0.0_seed171,3.4,0.4,0.1,0.3,1.9,117.9,15.9,14.4,2.3,19.4,0.2,7.4,5.3,94,88,226167.0,0.0,5579.0,0.55,,171.0,,0.1,-30.0,0.0,-2.85714285714286,0.0,0.0,-25.000000000000007,-66.07142857142857,11.016949152542376,-26.728110599078335,11.627906976744185,-68.4931506849315,-40.672782874617745,0.0,-9.756097560975597,-5.357142857142854,0.0,0.0,5.283076837136553,-26.369275438828033,0.0
s3-joint,pt0.1_dt-30_m0.0_seed178,3.4,0.4,0.1,0.3,1.9,112.6,18.0,18.7,4.3,18.5,0.2,7.9,5.1,94,88,226102.0,0.0,6025.0,0.55,,178.0,,0.1,-30.0,0.0,-2.85714285714286,0.0,0.0,-25.000000000000007,-66.07142857142857,6.0263653483992385,-17.05069124423963,44.961240310077514,-41.09589041095891,-43.42507645259939,0.0,-3.658536585365841,-8.928571428571429,0.0,0.0,5.252818665102552,-20.483040781311864,0.0
s3-joint,pt0.1_dt-30_m0.0_seed185,3.4,0.4,0.1,0.3,0.1,95.8,24.0,14.6,3.2,11.1,0.2,7.8,5.7,94,88,230611.0,0.0,5576.0,0.55,,185.0,,0.1,-30.0,0.0,-2.85714285714286,0.0,0.0,-25.000000000000007,-98.21428571428572,-9.79284369114878,10.59907834101383,13.178294573643404,-56.164383561643824,-66.05504587155964,0.0,-4.8780487804877986,1.7857142857142954,0.0,0.0,7.351804783584244,-26.40886894549294,0.0
s3-joint,pt0.1_dt-30_m0.0_seed192,3.5,0.5,0.1,0.3,0.1,86.9,18.2,25.9,4.1,12.1,0.3,8.5,5.2,94,88,232559.0,0.0,5330.0,0.55,,192.0,,0.1,-30.0,0.0,0.0,24.999999999999993,0.0,-25.000000000000007,-98.21428571428572,-18.173258003766477,-16.129032258064516,100.77519379844959,-43.83561643835617,-62.99694189602446,49.999999999999986,3.6585365853658622,-7.142857142857134,0.0,0.0,8.258618923926301,-29.65553649201531,0.0
s3-joint,pt0.1_dt-30_m0.0_seed199,7.7,3.5,2.2,0.3,33.3,267.3,68.2,34.2,15.1,4.0,1.1,17.1,10.8,94,88,191902.0,0.0,11627.0,0.55,,199.0,,0.1,-30.0,0.0,120.0,775.0,2100.0,-25.000000000000007,494.6428571428571,151.69491525423732,214.28571428571428,165.11627906976747,106.84931506849315,-87.76758409785933,450.0,108.53658536585368,92.85714285714289,0.0,0.0,-10.667634928171754,53.45123399762439,0.0
s3-joint,pt0.1_dt-30_m0.0_seed206,3.5,0.4,0.1,0.3,0.1,75.7,12.5,14.0,2.8,15.2,0.2,7.4,5.7,94,88,236070.0,0.0,4225.0,0.55,,206.0,,0.1,-30.0,0.0,0.0,0.0,0.0,-25.000000000000007,-98.21428571428572,-28.71939736346516,-42.3963133640553,8.527131782945734,-61.64383561643836,-53.51681957186545,0.0,-9.756097560975597,1.7857142857142954,0.0,0.0,9.893025724101333,-44.23914478025604,0.0
s3-joint,pt0.1_dt-30_m0.0_seed213,7.2,3.4,1.6,0.3,35.2,213.9,46.7,27.0,13.8,5.6,0.9,13.0,6.9,94,88,194954.0,0.0,10671.0,0.55,,213.0,,0.1,-30.0,0.0,105.71428571428572,750.0,1500.0,-25.000000000000007,528.5714285714287,101.41242937853107,115.20737327188941,109.30232558139534,89.04109589041097,-82.87461773700305,349.99999999999994,58.536585365853675,23.21428571428573,0.0,0.0,-9.246897373590668,40.834103207074044,0.0
s3-joint,pt0.1_dt-30_m0.0_seed220,3.4,0.4,0.1,0.2,11.0,174.0,57.2,42.1,15.7,39.5,0.3,13.4,11.4,94,88,205616.0,0.0,9887.0,0.55,,220.0,,0.1,-30.0,0.0,-2.85714285714286,0.0,0.0,-50.0,96.42857142857144,63.84180790960452,163.59447004608296,226.35658914728683,115.06849315068493,20.79510703363913,49.999999999999986,63.414634146341484,103.57142857142858,0.0,0.0,-4.283626139336555,30.487000131978352,0.0
s3-joint,pt0.1_dt-30_m0.0_seed227,3.3,0.4,0.1,0.2,1.9,112.3,23.6,13.5,7.1,31.8,0.2,8.3,5.5,94,88,219027.0,0.0,7227.0,0.55,,227.0,,0.1,-30.0,0.0,-5.71428571428572,0.0,0.0,-50.0,-66.07142857142857,5.743879472693027,8.755760368663605,4.651162790697672,-2.739726027397263,-2.752293577981658,0.0,1.2195121951219685,-1.7857142857142794,0.0,0.0,1.9593330167863028,-4.619242444239145,0.0
s3-joint,pt0.1_dt-30_m0.0_seed234,3.4,0.4,0.1,0.3,2.1,103.2,15.5,11.9,2.2,19.9,0.2,7.5,5.8,94,88,226031.0,0.0,6113.0,0.55,,234.0,,0.1,-30.0,0.0,-2.85714285714286,0.0,0.0,-25.000000000000007,-62.5,-2.824858757062147,-28.57142857142857,-7.751937984496124,-69.86301369863014,-39.143730886850165,0.0,-8.53658536585365,3.5714285714285747,0.0,0.0,5.219767431034644,-19.321631252474596,0.0
s3-joint,pt0.1_dt-30_m0.0_seed241,3.4,0.4,0.1,0.3,0.1,92.0,24.9,75.8,7.7,11.8,0.2,12.3,5.3,94,88,227509.0,0.0,6049.0,0.55,,241.0,,0.1,-30.0,0.0,-2.85714285714286,0.0,0.0,-25.000000000000007,-98.21428571428572,-13.370998116760832,14.74654377880184,487.5968992248062,5.479452054794526,-63.91437308868502,0.0,50.00000000000002,-5.357142857142854,0.0,0.0,5.907791712053925,-20.16629272799261,0.0
s3-joint,pt0.1_dt-30_m0.0_seed248,3.3,0.4,0.1,0.3,0.9,97.8,25.0,49.1,10.1,14.4,0.2,10.5,5.5,94,88,222914.0,0.0,6401.0,0.55,,248.0,,0.1,-30.0,0.0,-5.71428571428572,0.0,0.0,-25.000000000000007,-83.92857142857142,-7.909604519774016,15.207373271889404,280.6201550387597,38.35616438356164,-55.963302752293586,0.0,28.04878048780489,-1.7857142857142794,0.0,0.0,3.7687717044195552,-15.520654612643526,0.0
s3-joint,pt0.1_dt-30_m0.0_seed255,3.4,0.4,0.1,0.2,0.2,116.7,31.2,25.1,11.5,27.0,0.2,10.2,6.0,94,88,217118.0,0.0,7543.0,0.55,,255.0,,0.1,-30.0,0.0,-2.85714285714286,0.0,0.0,-50.0,-96.42857142857143,9.887005649717514,43.77880184331797,94.57364341085271,57.53424657534247,-17.431192660550465,0.0,24.39024390243903,7.1428571428571495,0.0,0.0,1.0706737796646464,-0.44872640886894544,0.0
s3-joint,pt0.1_dt-30_m0.0_seed262,4.4,2.6,2.0,0.2,31.0,167.6,45.1,25.8,15.5,12.6,0.5,12.0,6.7,94,88,201269.0,0.0,9712.0,0.55,,262.0,,0.1,-30.0,0.0,25.714285714285722,550.0,1899.9999999999995,-50.0,453.57142857142856,57.815442561205266,107.8341013824885,100.0,112.32876712328765,-61.46788990825688,149.99999999999997,46.34146341463416,19.642857142857153,0.0,0.0,-6.3071995829027365,28.177378909858785,0.0
s3-joint,pt0.1_dt-30_m0.15_seed101,3.4,0.4,0.1,0.3,0.1,52.8,5.5,6.7,1.0,3.0,0.2,6.3,5.1,94,88,243517.0,0.0,1743.0,0.55,,101.0,,0.1,-30.0,0.15,-2.85714285714286,0.0,0.0,-25.000000000000007,-98.21428571428572,-50.282485875706215,-74.65437788018433,-48.06201550387597,-86.3013698630137,-90.82568807339449,0.0,-23.170731707317067,-8.928571428571429,0.0,0.0,13.359681218519864,-76.99617262768906,0.0
s3-joint,pt0.1_dt-30_m0.15_seed108,3.1,0.4,0.1,0.3,0.1,88.9,16.5,7.0,1.1,2.7,0.2,7.0,5.3,94,88,232817.0,0.0,3148.0,0.55,,108.0,,0.1,-30.0,0.15,-11.428571428571425,0.0,0.0,-25.000000000000007,-98.21428571428572,-16.290018832391713,-23.963133640552993,-45.736434108527135,-84.93150684931507,-91.74311926605505,0.0,-14.634146341463408,-5.357142857142854,0.0,0.0,8.378720591384335,-58.45321367295764,0.0
s3-joint,pt0.1_dt-30_m0.15_seed115,3.3,0.4,0.1,0.3,0.1,43.6,8.3,26.8,1.0,3.2,0.2,7.9,5.0,94,88,245164.0,0.0,2129.0,0.55,,115.0,,0.1,-30.0,0.15,-5.71428571428572,0.0,0.0,-25.000000000000007,-98.21428571428572,-58.94538606403014,-61.75115207373272,107.75193798449611,-86.3013698630137,-90.21406727828747,0.0,-3.658536585365841,-10.714285714285708,0.0,0.0,14.126376746827546,-71.90180810347103,0.0
s3-joint,pt0.1_dt-30_m0.15_seed122,3.2,0.4,0.1,0.4,0.1,24.9,0.1,2.2,1.2,3.1,0.2,5.3,4.9,94,88,254286.0,0.0,677.0,0.55,,122.0,,0.1,-30.0,0.15,-8.571428571428566,0.0,0.0,0.0,-98.21428571428572,-76.5536723163842,-99.53917050691243,-82.94573643410853,-83.56164383561644,-90.51987767584097,0.0,-35.36585365853659,-12.499999999999988,0.0,0.0,18.372762059045332,-91.065065329286,0.0
s3-joint,pt0.1_dt-30_m0.15_seed129,3.1,0.4,0.1,0.2,0.1,38.8,0.2,2.0,1.3,11.0,0.2,5.3,5.0,94,88,239377.0,0.0,2725.0,0.55,,129.0,,0.1,-30.0,0.15,-11.428571428571425,0.0,0.0,-50.0,-98.21428571428572,-63.46516007532957,-99.07834101382488,-84.49612403100775,-82.19178082191782,-66.36085626911316,0.0,-35.36585365853659,-10.714285714285708,0.0,0.0,11.4324684151235,-64.0358981127095,0.0
s3-joint,pt0.1_dt-30_m0.15_seed136,3.0,0.4,0.1,0.3,0.1,29.1,4.6,3.9,1.2,2.9,0.2,5.9,5.0,94,88,253607.0,0.0,958.0,0.55,,136.0,,0.1,-30.0,0.15,-14.285714285714285,0.0,0.0,-25.000000000000007,-98.21428571428572,-72.59887005649716,-78.80184331797237,-69.76744186046511,-83.56164383561644,-91.13149847094802,0.0,-28.04878048780487,-10.714285714285708,0.0,0.0,18.05668053887477,-87.35647353833971,0.0
s3-joint,pt0.1_dt-30_m0.15_seed143,3.1,0.4,0.1,0.3,0.1,49.4,4.1,3.6,1.1,3.1,0.2,6.0,5.0,94,88,250485.0,0.0,1428.0,0.55,,143.0,,0.1,-30.0,0.15,-11.428571428571425,0.0,0.0,-25.000000000000007,-98.21428571428572,-53.483992467043315,-81.10599078341014,-72.09302325581396,-84.93150684931507,-90.51987767584097,0.0,-26.829268292682922,-10.714285714285708,0.0,0.0,16.603357260564756,-81.1534908275043,0.0
s3-joint,pt0.1_dt-30_m0.15_seed150,3.1,0.4,0.1,0.3,0.1,55.1,10.6,26.4,1.2,3.3,0.2,7.9,5.3,94,88,244690.0,0.0,2111.0,0.55,,150.0,,0.1,-30.0,0.15,-11.428571428571425,0.0,0.0,-25.000000000000007,-98.21428571428572,-48.11676082862524,-51.1520737327189,104.65116279069765,-83.56164383561644,-89.90825688073394,0.0,-3.658536585365841,-5.357142857142854,0.0,0.0,13.905724846148834,-72.13936914346047,0.0
s3-joint,pt0.1_dt-30_m0.15_seed157,3.0,0.4,0.1,0.3,0.1,45.3,6.6,3.8,1.0,2.9,0.2,6.0,5.0,94,88,248839.0,0.0,1310.0,0.55,,157.0,,0.1,-30.0,0.15,-14.285714285714285,0.0,0.0,-25.000000000000007,-98.21428571428572,-57.34463276836158,-69.5852534562212,-70.54263565891475,-86.3013698630137,-91.13149847094802,0.0,-26.829268292682922,-10.714285714285708,0.0,0.0,15.837127242596058,-82.71083542299063,0.0
s3-joint,pt0.1_dt-30_m0.15_seed164,3.3,0.4,0.1,0.4,0.1,38.1,5.2,8.8,1.3,3.2,0.2,6.4,5.1,94,88,250762.0,0.0,1365.0,0.55,,164.0,,0.1,-30.0,0.15,-5.71428571428572,0.0,0.0,0.0,-98.21428571428572,-64.12429378531073,-76.036866359447,-31.782945736434105,-82.19178082191782,-90.21406727828747,0.0,-21.95121951219511,-8.928571428571429,0.0,0.0,16.732303624463498,-81.98495446746733,0.0
s3-joint,pt0.1_dt-30_m0.15_seed171,3.1,0.4,0.1,0.2,0.1,40.0,6.7,15.0,1.4,3.9,0.2,6.9,5.1,94,88,243526.0,0.0,1944.0,0.55,,171.0,,0.1,-30.0,0.15,-11.428571428571425,0.0,0.0,-50.0,-98.21428571428572,-62.335216572504706,-69.12442396313364,16.279069767441857,-80.82191780821918,-88.07339449541286,0.0,-15.853658536585355,-8.928571428571429,0.0,0.0,13.363870811570724,-74.34340768114029,0.0
s3-joint,pt0.1_dt-30_m0.15_seed178,3.2,0.4,0.1,0.3,0.1,69.6,6.1,3.8,1.1,3.0,0.2,6.1,5.0,94,88,244406.0,0.0,1618.0,0.55,,178.0,,0.1,-30.0,0.15,-8.571428571428566,0.0,0.0,-25.000000000000007,-98.21428571428572,-34.463276836158194,-71.88940092165899,-70.54263565891475,-84.93150684931507,-90.82568807339449,0.0,-25.609756097560975,-10.714285714285708,0.0,0.0,13.7735199098772,-78.64590207206018,0.0
s3-joint,pt0.1_dt-30_m0.15_seed185,3.4,0.4,0.1,0.3,0.1,59.2,7.4,9.6,0.9,3.3,0.3,6.6,5.0,94,88,243909.0,0.0,2124.0,0.55,,185.0,,0.1,-30.0,0.15,-2.85714285714286,0.0,0.0,-25.000000000000007,-98.21428571428572,-44.25612052730697,-65.89861751152073,-25.581395348837216,-87.67123287671232,-89.90825688073394,49.999999999999986,-19.51219512195122,-10.714285714285708,0.0,0.0,13.542161271401836,-71.96779728124586,0.0
s3-joint,pt0.1_dt-30_m0.15_seed192,2.9,0.4,0.1,0.3,0.1,29.2,0.2,2.3,1.4,3.0,0.2,5.3,5.0,94,88,255887.0,0.0,757.0,0.55,,192.0,,0.1,-30.0,0.15,-17.142857142857146,0.0,0.0,-25.000000000000007,-98.21428571428572,-72.50470809792844,-99.07834101382488,-82.17054263565893,-80.82191780821918,-90.82568807339449,0.0,-35.36585365853659,-10.714285714285708,0.0,0.0,19.118044111759723,-90.00923848488847,0.0
s3-joint,pt0.1_dt-30_m0.15_seed199,3.1,0.4,0.1,0.3,0.1,31.9,1.2,2.2,1.1,3.1,0.2,5.4,5.0,94,88,251213.0,0.0,1123.0,0.55,,199.0,,0.1,-30.0,0.15,-11.428571428571425,0.0,0.0,-25.000000000000007,-98.21428571428572,-69.96233521657251,-94.47004608294931,-82.94573643410853,-84.93150684931507,-90.51987767584097,0.0,-34.14634146341463,-10.714285714285708,0.0,0.0,16.94224878734557,-85.17883067176983,0.0
s3-joint,pt0.1_dt-30_m0.15_seed206,3.2,0.4,0.1,0.3,0.1,43.7,5.6,6.9,1.2,3.1,0.2,6.3,5.0,94,88,249319.0,0.0,1534.0,0.55,,206.0,,0.1,-30.0,0.15,-8.571428571428566,0.0,0.0,-25.000000000000007,-98.21428571428572,-58.8512241054614,-74.19354838709678,-46.51162790697674,-83.56164383561644,-90.51987767584097,0.0,-23.170731707317067,-10.714285714285708,0.0,0.0,16.06057220530868,-79.75452025867757,0.0
s3-joint,pt0.1_dt-30_m0.15_seed213,3.1,0.4,0.1,0.3,0.1,49.4,6.1,18.5,1.0,3.0,0.2,7.2,5.0,94,88,246832.0,0.0,1631.0,0.55,,213.0,,0.1,-30.0,0.15,-11.428571428571425,0.0,0.0,-25.000000000000007,-98.21428571428572,-53.483992467043315,-71.88940092165899,43.410852713178286,-86.3013698630137,-90.82568807339449,0.0,-12.195121951219502,-10.714285714285708,0.0,0.0,14.902847992253909,-78.47433020984559,0.0
s3-joint,pt0.1_dt-30_m0.15_seed220,2.9,0.4,0.1,0.3,0.1,54.7,4.5,11.6,1.5,5.6,0.2,6.9,5.0,94,88,242698.0,0.0,2194.0,0.55,,220.0,,0.1,-30.0,0.15,-17.142857142857146,0.0,0.0,-25.000000000000007,-98.21428571428572,-48.49340866290019,-79.26267281105991,-10.077519379844967,-79.45205479452055,-82.87461773700305,0.0,-15.853658536585355,-10.714285714285708,0.0,0.0,12.978428250891453,-71.04394879239806,0.0
s3-joint,pt0.1_dt-30_m0.15_seed227,3.3,0.4,0.1,0.3,0.1,50.8,6.1,3.6,1.3,3.0,0.2,6.0,5.3,94,88,245748.0,0.0,1507.0,0.55,,227.0,,0.1,-30.0,0.15,-5.71428571428572,0.0,0.0,-25.000000000000007,-98.21428571428572,-52.16572504708098,-71.88940092165899,-72.09302325581396,-82.19178082191782,-90.82568807339449,0.0,-26.829268292682922,-5.357142857142854,0.0,0.0,14.39823478479457,-80.11086181866173,0.0
s3-joint,pt0.1_dt-30_m0.15_seed234,3.1,0.4,0.1,0.3,0.1,38.2,2.2,2.3,1.0,3.1,0.2,5.5,5.0,94,88,252046.0,0.0,1057.0,0.55,,234.0,,0.1,-30.0,0.15,-11.428571428571425,0.0,0.0,-25.000000000000007,-98.21428571428572,-64.030131826742,-89.86175115207374,-82.17054263565893,-86.3013698630137,-90.51987767584097,0.0,-32.92682926829268,-10.714285714285708,0.0,0.0,17.33001889971976,-86.04988781839779,0.0
s3-joint,pt0.1_dt-30_m0.15_seed241,2.9,0.4,0.1,0.3,0.1,58.8,8.1,13.3,1.0,3.0,0.2,6.8,5.1,94,88,242315.0,0.0,1855.0,0.55,,241.0,,0.1,-30.0,0.15,-17.142857142857146,0.0,0.0,-25.000000000000007,-98.21428571428572,-44.632768361581924,-62.67281105990783,3.1007751937984525,-86.3013698630137,-90.82568807339449,0.0,-17.073170731707314,-8.928571428571429,0.0,0.0,12.80013779106034,-75.51801504553252,0.0
s3-joint,pt0.1_dt-30_m0.15_seed248,3.1,0.4,0.1,0.3,0.1,41.7,7.3,6.1,1.0,3.0,0.2,6.2,5.0,94,88,247323.0,0.0,1506.0,0.55,,248.0,,0.1,-30.0,0.15,-11.428571428571425,0.0,0.0,-25.000000000000007,-98.21428571428572,-60.73446327683616,-66.35944700460828,-52.71317829457365,-86.3013698630137,-90.82568807339449,0.0,-24.390243902439014,-10.714285714285708,0.0,0.0,15.13141356869536,-80.12405965421671,0.0
s3-joint,pt0.1_dt-30_m0.15_seed255,3.0,0.4,0.1,0.3,0.1,45.1,5.8,3.9,1.1,3.0,0.2,6.1,5.0,94,88,247793.0,0.0,1365.0,0.55,,255.0,,0.1,-30.0,0.15,-14.285714285714285,0.0,0.0,-25.000000000000007,-98.21428571428572,-57.53295668549906,-73.27188940092165,-69.76744186046511,-84.93150684931507,-90.82568807339449,0.0,-25.609756097560975,-10.714285714285708,0.0,0.0,15.350203428018135,-81.98495446746733,0.0
s3-joint,pt0.1_dt-30_m0.15_seed262,3.2,0.4,0.1,0.3,0.1,26.0,0.4,2.4,1.0,3.1,0.2,5.3,5.0,94,88,251465.0,0.0,864.0,0.55,,262.0,,0.1,-30.0,0.15,-8.571428571428566,0.0,0.0,-25.000000000000007,-98.21428571428572,-75.51789077212806,-98.15668202764978,-81.3953488372093,-86.3013698630137,-90.51987767584097,0.0,-35.36585365853659,-10.714285714285708,0.0,0.0,17.059557392769694,-88.5970700805068,0.0
s3-joint,pt0.1_dt-30_m0.1_seed101,3.2,0.4,0.1,0.3,0.1,80.2,11.2,7.1,1.2,2.9,0.2,6.6,5.1,94,88,237825.0,0.0,2773.0,0.55,,101.0,,0.1,-30.0,0.1,-8.571428571428566,0.0,0.0,-25.000000000000007,-98.21428571428572,-24.48210922787194,-48.38709677419355,-44.96124031007752,-83.56164383561644,-91.13149847094802,0.0,-19.51219512195122,-8.928571428571429,0.0,0.0,10.709996369019356,-63.402402006071,0.0
s3-joint,pt0.1_dt-30_m0.1_seed108,3.3,0.4,0.1,0.3,0.1,57.5,11.3,5.5,1.4,14.9,0.2,6.8,5.7,94,88,233849.0,0.0,3484.0,0.55,,108.0,,0.1,-30.0,0.1,-5.71428571428572,0.0,0.0,-25.000000000000007,-98.21428571428572,-45.856873822975516,-47.926267281105986,-57.36434108527132,-80.82191780821918,-54.434250764526006,0.0,-17.073170731707314,1.7857142857142954,0.0,0.0,8.859127261216472,-54.01874092648805,0.0
s3-joint,pt0.1_dt-30_m0.1_seed115,3.1,0.5,0.1,0.3,0.1,61.6,9.7,27.7,1.2,3.0,0.2,7.9,5.1,94,88,241464.0,0.0,2533.0,0.55,,115.0,,0.1,-30.0,0.1,-11.428571428571425,24.999999999999993,0.0,-25.000000000000007,-98.21428571428572,-41.99623352165725,-55.29953917050692,114.72868217054261,-83.56164383561644,-90.82568807339449,0.0,-3.658536585365841,-8.928571428571429,0.0,0.0,12.403988492584421,-66.56988253926356,0.0
s3-joint,pt0.1_dt-30_m0.1_seed122,3.1,0.4,0.1,0.3,0.1,60.4,4.1,6.7,1.3,3.2,0.2,6.3,5.0,94,88,246706.0,0.0,2152.0,0.55,,122.0,,0.1,-30.0,0.1,-11.428571428571425,0.0,0.0,-25.000000000000007,-98.21428571428572,-43.12617702448211,-81.10599078341014,-48.06201550387597,-82.19178082191782,-90.21406727828747,0.0,-23.170731707317067,-10.714285714285708,0.0,0.0,14.844193689541846,-71.59825788570674,0.0
s3-joint,pt0.1_dt-30_m0.1_seed129,3.2,0.4,0.1,0.3,0.1,59.4,6.5,6.8,1.3,14.6,0.2,6.7,5.0,94,88,235151.0,0.0,3600.0,0.55,,129.0,,0.1,-30.0,0.1,-8.571428571428566,0.0,0.0,-25.000000000000007,-98.21428571428572,-44.067796610169495,-70.04608294930875,-47.286821705426355,-82.19178082191782,-55.35168195718655,0.0,-18.292682926829258,-10.714285714285708,0.0,0.0,9.465221722574459,-52.487792002111654,0.0
s3-joint,pt0.1_dt-30_m0.1_seed136,3.3,0.4,0.1,0.3,1.7,73.9,10.7,6.4,1.3,2.8,0.2,6.7,5.1,94,88,234363.0,0.0,2964.0,0.55,,136.0,,0.1,-30.0,0.1,-5.71428571428572,0.0,0.0,-25.000000000000007,-69.64285714285714,-30.414312617702443,-50.69124423963134,-50.3875968992248,-82.19178082191782,-91.43730886850153,0.0,-18.292682926829258,-8.928571428571429,0.0,0.0,9.09839957545457,-60.881615415071934,0.0
s3-joint,pt0.1_dt-30_m0.1_seed143,3.1,0.4,0.1,0.3,3.2,147.2,24.2,13.1,3.3,2.8,0.2,7.9,6.1,94,88,223288.0,0.0,4695.0,0.55,,143.0,,0.1,-30.0,0.1,-11.428571428571425,0.0,0.0,-25.000000000000007,-42.85714285714285,38.606403013182664,11.52073732718894,1.5503875968992191,-54.794520547945204,-91.43730886850153,0.0,-3.658536585365841,8.928571428571429,0.0,0.0,3.942872571199806,-38.03616206942061,0.0
s3-joint,pt0.1_dt-30_m0.1_seed150,3.3,0.4,0.1,0.3,0.1,83.5,18.5,24.2,6.6,12.7,0.2,8.5,5.2,94,88,231651.0,0.0,4488.0,0.55,,150.0,,0.1,-30.0,0.1,-5.71428571428572,0.0,0.0,-25.000000000000007,-98.21428571428572,-21.374764595103578,-14.74654377880184,87.5968992248062,-9.589041095890414,-61.16207951070337,0.0,3.6585365853658622,-7.142857142857134,0.0,0.0,7.835935536128257,-40.7681140292992,0.0
s3-joint,pt0.1_dt-30_m0.1_seed157,3.4,0.4,0.1,0.3,0.1,75.5,13.8,17.0,1.0,8.4,0.2,7.7,5.1,94,88,235697.0,0.0,3261.0,0.55,,157.0,,0.1,-30.0,0.1,-2.85714285714286,0.0,0.0,-25.000000000000007,-98.21428571428572,-28.907721280602637,-36.405529953917046,31.782945736434105,-86.3013698630137,-74.3119266055046,0.0,-6.0975609756097455,-8.928571428571429,0.0,0.0,9.719390367660067,-56.96185825524614,0.0
s3-joint,pt0.1_dt-30_m0.1_seed164,3.3,0.4,0.1,0.2,0.1,72.5,13.8,15.9,1.1,8.3,0.2,7.4,5.1,94,88,235700.0,0.0,3318.0,0.55,,164.0,,0.1,-30.0,0.1,-5.71428571428572,0.0,0.0,-50.0,-98.21428571428572,-31.732580037664786,-36.405529953917046,23.25581395348837,-84.93150684931507,-74.61773700305811,0.0,-9.756097560975597,-8.928571428571429,0.0,0.0,9.72078689867702,-56.2095816286129,0.0
s3-joint,pt0.1_dt-30_m0.1_seed171,3.3,0.4,0.1,0.3,0.1,70.1,11.7,18.6,1.1,9.1,0.3,7.6,5.4,94,88,236778.0,0.0,3344.0,0.55,,171.0,,0.1,-30.0,0.1,-5.71428571428572,0.0,0.0,-25.000000000000007,-98.21428571428572,-33.992467043314505,-46.08294930875576,44.186046511627914,-84.93150684931507,-72.17125382262996,49.999999999999986,-7.317073170731704,-3.5714285714285587,0.0,0.0,10.22260704410245,-55.86643790418372,0.0
s3-joint,pt0.1_dt-30_m0.1_seed178,3.1,0.4,0.1,0.2,0.1,70.7,19.4,18.4,1.3,4.7,0.2,7.7,6.0,94,88,238635.0,0.0,3419.0,0.55,,178.0,,0.1,-30.0,0.1,-11.428571428571425,0.0,0.0,-50.0,-98.21428571428572,-33.42749529190207,-10.59907834101383,42.635658914728666,-82.19178082191782,-85.62691131498471,0.0,-6.0975609756097455,7.1428571428571495,0.0,0.0,11.087059743596905,-54.876600237561036,0.0
s3-joint,pt0.1_dt-30_m0.1_seed185,3.2,0.4,0.1,0.3,0.1,79.6,12.4,12.3,1.2,3.1,0.3,7.1,5.0,94,88,235147.0,0.0,3375.0,0.55,,185.0,,0.1,-30.0,0.1,-8.571428571428566,0.0,0.0,-25.000000000000007,-98.21428571428572,-25.047080979284374,-42.857142857142854,-4.651162790697672,-83.56164383561644,-90.51987767584097,49.999999999999986,-13.414634146341461,-10.714285714285708,0.0,0.0,9.46335968121852,-55.45730500197968,0.0
s3-joint,pt0.1_dt-30_m0.1_seed192,3.2,0.4,0.1,0.3,0.1,44.8,2.2,2.5,1.1,2.9,0.2,5.5,5.0,94,88,250531.0,0.0,1472.0,0.55,,192.0,,0.1,-30.0,0.1,-8.571428571428566,0.0,0.0,-25.000000000000007,-98.21428571428572,-57.81544256120527,-89.86175115207374,-80.62015503875969,-84.93150684931507,-91.13149847094802,0.0,-32.92682926829268,-10.714285714285708,0.0,0.0,16.62477073615805,-80.57278606308566,0.0
s3-joint,pt0.1_dt-30_m0.1_seed199,2.9,0.4,0.1,0.2,2.2,141.1,19.5,11.5,4.3,2.8,0.2,7.7,5.9,94,88,224807.0,0.0,4876.0,0.55,,199.0,,0.1,-30.0,0.1,-17.142857142857146,0.0,0.0,-50.0,-60.71428571428571,32.86252354048963,-10.138248847926265,-10.852713178294577,-41.09589041095891,-91.43730886850153,0.0,-6.0975609756097455,5.35714285714287,0.0,0.0,4.649982776117458,-35.64735383397123,0.0
s3-joint,pt0.1_dt-30_m0.1_seed206,3.0,0.4,0.1,0.3,2.0,98.4,18.1,11.1,1.3,2.6,0.2,7.0,5.9,94,88,229290.0,0.0,3366.0,0.55,,206.0,,0.1,-30.0,0.1,-14.285714285714285,0.0,0.0,-25.000000000000007,-64.28571428571428,-7.3446327683615795,-16.589861751152064,-13.953488372093029,-82.19178082191782,-92.04892966360856,0.0,-14.634146341463408,5.35714285714287,0.0,0.0,6.736865625785549,-55.57608552197439,0.0
s3-joint,pt0.1_dt-30_m0.1_seed213,3.1,0.4,0.1,0.3,0.1,75.3,15.8,24.3,1.1,10.9,0.2,8.0,5.3,94,88,235735.0,0.0,3787.0,0.55,,213.0,,0.1,-30.0,0.1,-11.428571428571425,0.0,0.0,-25.000000000000007,-98.21428571428572,-29.096045197740118,-27.188940092165893,88.37209302325581,-84.93150684931507,-66.66666666666667,0.0,-2.439024390243894,-5.357142857142854,0.0,0.0,9.737079760541482,-50.01979675333246,0.0
s3-joint,pt0.1_dt-30_m0.1_seed220,3.4,0.4,0.1,0.3,0.1,102.8,24.0,16.0,6.9,9.1,0.2,8.2,5.5,94,88,224811.0,0.0,5319.0,0.55,,220.0,,0.1,-30.0,0.1,-2.85714285714286,0.0,0.0,-25.000000000000007,-98.21428571428572,-3.201506591337105,10.59907834101383,24.03100775193798,-5.479452054794513,-72.17125382262996,0.0,0.0,-1.7857142857142794,0.0,0.0,4.651844817473396,-29.80071268311997,0.0
s3-joint,pt0.1_dt-30_m0.1_seed227,3.2,0.5,0.1,0.4,0.1,47.5,9.1,16.8,1.3,5.9,0.2,7.3,5.0,94,88,244138.0,0.0,2365.0,0.55,,227.0,,0.1,-30.0,0.1,-8.571428571428566,24.999999999999993,0.0,0.0,-98.21428571428572,-55.27306967984934,-58.06451612903226,30.232558139534888,-82.19178082191782,-81.9571865443425,0.0,-10.975609756097555,-10.714285714285708,0.0,0.0,13.648763139029318,-68.78711891249834,0.0
s3-joint,pt0.1_dt-30_m0.1_seed234,3.4,0.4,0.1,0.3,0.1,55.2,7.6,10.9,1.1,5.8,0.2,6.6,5.0,94,88,244822.0,0.0,2346.0,0.55,,234.0,,0.1,-30.0,0.1,-2.85714285714286,0.0,0.0,-25.000000000000007,-98.21428571428572,-48.02259887005649,-64.97695852534562,-15.503875968992247,-84.93150684931507,-82.26299694189603,0.0,-19.51219512195122,-10.714285714285708,0.0,0.0,13.967172210894804,-69.03787778804275,0.0
s3-joint,pt0.1_dt-30_m0.1_seed241,3.4,0.4,0.1,0.2,0.1,59.1,16.6,27.6,2.4,10.9,0.2,8.5,5.1,94,88,234243.0,0.0,3551.0,0.55,,241.0,,0.1,-30.0,0.1,-2.85714285714286,0.0,0.0,-50.0,-98.21428571428572,-44.35028248587571,-23.502304147465427,113.95348837209302,-67.12328767123287,-66.66666666666667,0.0,3.6585365853658622,-8.928571428571429,0.0,0.0,9.042538334776415,-53.13448594430513,0.0
s3-joint,pt0.1_dt-30_m0.1_seed248,3.2,0.4,0.1,0.3,0.1,52.9,10.6,21.0,1.4,3.2,0.3,7.5,5.1,94,88,244785.0,0.0,2099.0,0.55,,248.0,,0.1,-30.0,0.1,-8.571428571428566,0.0,0.0,-25.000000000000007,-98.21428571428572,-50.18832391713748,-51.1520737327189,62.7906976744186,-80.82191780821918,-90.21406727828747,49.999999999999986,-8.53658536585365,-8.928571428571429,0.0,0.0,13.949948328352374,-72.2977431701201,0.0
s3-joint,pt0.1_dt-30_m0.1_seed255,3.3,0.4,0.1,0.3,0.1,52.1,5.2,6.2,1.2,3.0,0.2,6.1,5.0,94,88,246143.0,0.0,2087.0,0.55,,255.0,,0.1,-30.0,0.1,-5.71428571428572,0.0,0.0,-25.000000000000007,-98.21428571428572,-50.941619585687384,-76.036866359447,-51.93798449612403,-83.56164383561644,-90.82568807339449,0.0,-25.609756097560975,-10.714285714285708,0.0,0.0,14.582111368693498,-72.45611719677973,0.0
s3-joint,pt0.1_dt-30_m0.1_seed262,2.8,0.4,0.1,0.2,2.6,126.0,14.9,10.8,1.3,3.0,0.2,7.2,5.1,94,88,226206.0,0.0,4340.0,0.55,,262.0,,0.1,-30.0,0.1,-20.000000000000004,0.0,0.0,-50.0,-53.57142857142857,18.644067796610166,-31.336405529953915,-16.279069767441857,-82.19178082191782,-90.82568807339449,0.0,-12.195121951219502,-8.928571428571429,0.0,0.0,5.301231740356953,-42.721393691434606,0.0
s3-joint,pt0.25_dt-15_m0.05_seed101,3.3,0.4,0.1,0.3,2.8,180.2,59.7,66.8,13.0,5.6,0.3,15.5,7.9,94,88,209388.0,0.0,9344.0,0.55,,101.0,,0.25,-15.0,0.05,-5.71428571428572,0.0,0.0,-25.000000000000007,-50.0,69.67984934086627,175.1152073732719,417.829457364341,78.08219178082192,-82.87461773700305,49.999999999999986,89.02439024390245,41.071428571428584,0.0,0.0,-2.527721140686535,23.320575425630196,0.0
s3-joint,pt0.25_dt-15_m0.05_seed108,3.7,0.4,0.1,0.2,0.1,105.8,25.4,20.6,5.8,17.6,0.2,8.7,5.6,94,88,224074.0,0.0,5944.0,0.55,,108.0,,0.25,-15.0,0.05,5.71428571428572,0.0,0.0,-50.0,-98.21428571428572,-0.3766478342749583,17.05069124423963,59.68992248062016,-20.547945205479454,-46.17737003058104,0.0,6.097560975609757,0.0,0.0,0.0,4.308763697641725,-21.552065461264352,0.0
s3-joint,pt0.25_dt-15_m0.05_seed115,3.3,0.4,0.1,0.4,1.9,155.1,37.1,24.3,8.0,41.0,0.3,10.2,6.3,94,88,212517.0,0.0,8666.0,0.55,,115.0,,0.25,-15.0,0.05,-5.71428571428572,0.0,0.0,0.0,-66.07142857142857,46.04519774011299,70.96774193548389,88.37209302325581,9.589041095890414,25.382262996941883,49.999999999999986,24.39024390243903,12.500000000000004,0.0,0.0,-1.071139290003631,14.372442919361225,0.0
s3-joint,pt0.25_dt-15_m0.05_seed122,13.8,5.7,1.6,0.4,37.2,274.7,65.5,30.1,16.4,11.1,2.4,19.1,8.7,94,88,184684.0,0.0,12274.0,0.55,,122.0,,0.25,-15.0,0.05,294.28571428571433,1324.9999999999998,1500.0,0.0,564.2857142857143,158.66290018832393,201.84331797235023,133.33333333333334,124.65753424657531,-66.05504587155964,1099.9999999999998,132.92682926829272,55.35714285714285,0.0,0.0,-14.027688554962806,61.990233601689326,0.0
s3-joint,pt0.25_dt-15_m0.05_seed129,3.7,0.4,0.1,0.4,7.9,141.5,37.1,19.7,11.4,30.3,0.3,9.8,6.6,94,88,211316.0,0.0,8270.0,0.55,,129.0,,0.25,-15.0,0.05,5.71428571428572,0.0,0.0,0.0,41.071428571428584,33.239171374764595,70.96774193548389,52.71317829457364,56.16438356164385,-7.339449541284409,49.999999999999986,19.51219512195124,17.857142857142858,0.0,0.0,-1.6302172071241703,9.146100039593506,0.0
s3-joint,pt0.25_dt-15_m0.05_seed136,3.4,0.4,0.1,0.2,0.1,97.1,11.8,8.2,1.5,23.8,0.3,6.2,6.7,94,88,224862.0,0.0,5881.0,0.55,,136.0,,0.25,-15.0,0.05,-2.85714285714286,0.0,0.0,-50.0,-98.21428571428572,-8.568738229755187,-45.6221198156682,-36.43410852713179,-79.45205479452055,-27.217125382263003,49.999999999999986,-24.390243902439014,19.642857142857153,0.0,0.0,4.6755858447616125,-22.3835291012274,0.0
s3-joint,pt0.25_dt-15_m0.05_seed143,13.7,4.7,2.0,0.4,34.8,237.3,51.5,25.2,15.8,11.7,1.6,15.1,6.7,94,88,189957.0,0.0,11346.0,0.55,,143.0,,0.25,-15.0,0.05,291.4285714285714,1074.9999999999998,1899.9999999999995,0.0,521.4285714285713,123.44632768361583,137.32718894009219,95.34883720930232,116.43835616438356,-64.22018348623854,700.0,84.14634146341464,19.642857142857153,0.0,0.0,-11.573052537496858,49.742642206678106,0.0
s3-joint,pt0.25_dt-15_m0.05_seed150,3.5,0.4,0.1,0.2,0.6,159.0,22.4,15.1,3.7,35.7,0.2,8.5,6.4,94,88,215587.0,0.0,7921.0,0.55,,150.0,,0.25,-15.0,0.05,0.0,0.0,0.0,-50.0,-89.28571428571429,49.717514124293785,3.2258064516129004,17.054263565891468,-49.31506849315068,9.174311926605503,0.0,3.6585365853658622,14.285714285714299,0.0,0.0,0.3579774506791796,4.540055430909331,0.0
s3-joint,pt0.25_dt-15_m0.05_seed157,12.9,5.7,2.3,0.3,31.7,299.8,75.7,36.8,15.4,3.3,1.5,21.6,13.5,94,88,187162.0,0.0,12224.0,0.55,,157.0,,0.25,-15.0,0.05,268.5714285714286,1324.9999999999998,2199.9999999999995,-25.000000000000007,466.07142857142867,182.29755178907723,248.84792626728108,185.27131782945733,110.95890410958906,-89.90825688073394,650.0,163.41463414634148,141.07142857142858,0.0,0.0,-12.874153934958896,61.33034182394087,0.0
s3-joint,pt0.25_dt-15_m0.05_seed164,3.4,0.4,0.1,0.3,3.3,114.6,25.2,15.8,3.0,41.0,0.3,8.7,8.4,94,88,210442.0,0.0,8601.0,0.55,,164.0,,0.25,-15.0,0.05,-2.85714285714286,0.0,0.0,-25.000000000000007,-41.07142857142857,7.909604519774003,16.129032258064516,22.48062015503876,-58.9041095890411,25.382262996941883,49.999999999999986,6.097560975609757,50.000000000000014,0.0,0.0,-2.0370732433967356,13.514583608288241,0.0
s3-joint,pt0.25_dt-15_m0.05_seed171,4.6,3.1,1.1,0.3,28.0,247.1,52.0,27.9,15.7,7.1,0.5,15.1,7.5,94,88,193633.0,0.0,10950.0,0.55,,171.0,,0.25,-15.0,0.05,31.428571428571416,675.0,1000.0,-25.000000000000007,400.0,132.67419962335214,139.63133640552996,116.27906976744184,115.06849315068493,-78.2874617737003,149.99999999999997,84.14634146341464,33.92857142857144,0.0,0.0,-9.861836531389361,44.516299326910385,0.0
s3-joint,pt0.25_dt-15_m0.05_seed178,3.1,0.4,0.1,0.2,6.5,135.4,41.8,21.6,10.2,12.7,0.2,9.5,6.9,94,88,215139.0,0.0,7900.0,0.55,,178.0,,0.25,-15.0,0.05,-11.428571428571425,0.0,0.0,-50.0,16.071428571428577,27.495291902071568,92.62672811059907,67.44186046511629,39.72602739726027,-61.16207951070337,0.0,15.853658536585376,23.21428571428573,0.0,0.0,0.14942881881406586,4.262900884254982,0.0
s3-joint,pt0.25_dt-15_m0.05_seed185,3.3,0.4,0.1,0.3,0.1,113.6,18.9,6.7,1.4,30.3,0.3,7.5,6.4,94,88,221636.0,0.0,6530.0,0.55,,185.0,,0.25,-15.0,0.05,-5.71428571428572,0.0,0.0,-25.000000000000007,-98.21428571428572,6.967984934086621,-12.903225806451616,-48.06201550387597,-80.82191780821918,-7.339449541284409,49.999999999999986,-8.53658536585365,14.285714285714299,0.0,0.0,3.1738494911971995,-13.818133826052529,0.0
s3-joint,pt0.25_dt-15_m0.05_seed192,3.9,0.4,0.1,0.3,0.1,108.6,24.9,41.0,6.2,19.1,0.2,10.1,5.6,94,88,225935.0,0.0,5827.0,0.55,,192.0,,0.25,-15.0,0.05,11.428571428571425,0.0,0.0,-25.000000000000007,-98.21428571428572,2.2598870056497096,14.74654377880184,217.82945736434107,-15.068493150684928,-41.59021406727829,0.0,23.17073170731708,0.0,0.0,0.0,5.175078438492118,-23.096212221195724,0.0
s3-joint,pt0.25_dt-15_m0.05_seed199,3.7,0.4,0.1,0.3,0.1,113.6,36.3,33.1,7.4,18.3,0.3,10.1,6.2,94,88,222129.0,0.0,6473.0,0.55,,199.0,,0.25,-15.0,0.05,5.71428571428572,0.0,0.0,-25.000000000000007,-98.21428571428572,6.967984934086621,67.2811059907834,156.5891472868217,1.3698630136986376,-44.03669724770643,49.999999999999986,23.17073170731708,10.714285714285724,0.0,0.0,3.4033460883166216,-14.570410452685758,0.0
s3-joint,pt0.25_dt-15_m0.05_seed206,3.4,0.5,0.1,0.3,0.1,80.0,7.8,4.7,1.2,4.9,0.2,6.1,5.0,94,88,246047.0,0.0,3016.0,0.55,,206.0,,0.25,-15.0,0.05,-2.85714285714286,24.999999999999993,0.0,-25.000000000000007,-98.21428571428572,-24.67043314500942,-64.0552995391705,-63.56589147286821,-83.56164383561644,-85.01529051987768,0.0,-25.609756097560975,-10.714285714285708,0.0,0.0,14.537422376150975,-60.19532796621354,0.0
s3-joint,pt0.25_dt-15_m0.05_seed213,10.4,4.6,1.8,0.3,33.6,235.5,46.6,22.5,10.5,8.5,1.0,12.2,6.5,94,88,194792.0,0.0,9998.0,0.55,,213.0,,0.25,-15.0,0.05,197.14285714285717,1049.9999999999998,1700.0,-25.000000000000007,500.0,121.75141242937855,114.74654377880185,74.4186046511628,43.83561643835617,-74.00611620795108,400.0,48.78048780487806,16.071428571428577,0.0,0.0,-9.322310048506177,31.95195987857991,0.0
s3-joint,pt0.25_dt-15_m0.05_seed220,3.7,0.4,0.1,0.3,1.0,108.7,20.2,14.2,2.6,30.9,0.3,7.7,6.3,94,88,219152.0,0.0,6745.0,0.55,,220.0,,0.25,-15.0,0.05,5.71428571428572,0.0,0.0,-25.000000000000007,-82.14285714285714,2.354048964218456,-6.912442396313365,10.077519379844952,-64.3835616438356,-5.504587155963316,49.999999999999986,-6.0975609756097455,12.500000000000004,0.0,0.0,2.0175218091593816,-10.980599181734195,0.0
s3-joint,pt0.25_dt-15_m0.05_seed227,3.3,0.4,0.1,0.3,0.1,94.1,33.0,35.9,7.7,8.6,0.2,9.7,6.8,94,88,228887.0,0.0,5854.0,0.55,,227.0,,0.25,-15.0,0.05,-5.71428571428572,0.0,0.0,-25.000000000000007,-98.21428571428572,-11.393596986817334,52.073732718894014,178.29457364341087,5.479452054794526,-73.70030581039755,0.0,18.292682926829272,21.428571428571434,0.0,0.0,6.549264959174743,-22.73987066121156,0.0
s3-joint,pt0.25_dt-15_m0.05_seed234,3.3,0.4,0.1,0.5,1.2,157.8,27.4,12.6,4.9,34.1,0.3,8.5,5.9,94,88,214678.0,0.0,7964.0,0.55,,234.0,,0.25,-15.0,0.05,-5.71428571428572,0.0,0.0,24.999999999999993,-78.57142857142857,48.587570621468934,26.26728110599078,-2.3255813953488427,-32.87671232876711,4.281345565749231,49.999999999999986,3.6585365853658622,5.35714285714287,0.0,0.0,-0.06517144745784804,5.107562359772997,0.0
s3-joint,pt0.25_dt-15_m0.05_seed241,3.7,0.4,0.1,0.2,0.1,148.0,38.9,76.8,13.6,27.3,0.2,14.7,5.7,94,88,213682.0,0.0,8613.0,0.55,,241.0,,0.25,-15.0,0.05,5.71428571428572,0.0,0.0,-50.0,-98.21428571428572,39.359698681732574,79.26267281105991,495.3488372093023,86.3013698630137,-16.513761467889914,0.0,79.26829268292683,1.7857142857142954,0.0,0.0,-0.5288197450865384,13.672957634947869,0.0
s3-joint,pt0.25_dt-15_m0.05_seed248,3.6,0.6,0.6,0.4,19.7,179.4,34.9,14.4,6.4,2.6,0.3,8.9,7.8,94,88,208826.0,0.0,7217.0,0.55,,248.0,,0.25,-15.0,0.05,2.85714285714286,49.999999999999986,500.0,0.0,251.78571428571428,68.92655367231639,60.82949308755761,11.627906976744185,-12.328767123287664,-92.04892966360856,49.999999999999986,8.536585365853671,39.28571428571429,0.0,0.0,-2.789337951195896,-4.751220799788835,0.0
s3-joint,pt0.25_dt-15_m0.05_seed255,3.6,0.4,0.1,0.2,1.4,123.4,19.0,10.1,1.3,18.4,0.3,7.5,5.7,94,88,224282.0,0.0,6060.0,0.55,,255.0,,0.25,-15.0,0.05,2.85714285714286,0.0,0.0,-50.0,-74.99999999999999,16.19585687382298,-12.442396313364053,-21.705426356589154,-82.19178082191782,-43.73088685015291,49.999999999999986,-8.53658536585365,1.7857142857142954,0.0,0.0,4.405589848150528,-20.021116536887952,0.0
s3-joint,pt0.25_dt-15_m0.05_seed262,3.2,0.4,0.1,0.3,0.1,133.2,34.5,25.3,9.4,17.0,0.3,9.6,6.3,94,88,221284.0,0.0,7370.0,0.55,,262.0,,0.25,-15.0,0.05,-8.571428571428566,0.0,0.0,-25.000000000000007,-98.21428571428572,25.42372881355931,58.986175115207374,96.12403100775194,28.767123287671243,-48.01223241590215,49.999999999999986,17.073170731707325,12.500000000000004,0.0,0.0,3.00998985187461,-2.7319519598785797,0.0
s3-joint,pt0.25_dt-15_m0.0_seed101,7.2,3.9,3.7,0.3,33.1,215.5,48.5,28.8,15.2,3.9,0.8,14.7,7.1,94,88,195285.0,0.0,11120.0,0.55,,101.0,,0.25,-15.0,0.0,105.71428571428572,875.0,3600.0,-25.000000000000007,491.07142857142856,102.91902071563088,123.50230414746544,123.25581395348837,108.21917808219177,-88.07339449541286,300.00000000000006,79.26829268292683,26.785714285714285,0.0,0.0,-9.092813451386755,46.759931371255114,0.0
s3-joint,pt0.25_dt-15_m0.0_seed108,3.6,0.4,0.2,0.3,14.0,165.4,32.0,18.4,8.6,36.4,0.3,9.1,5.8,94,88,208940.0,0.0,9198.0,0.55,,108.0,,0.25,-15.0,0.0,2.85714285714286,0.0,100.0,-25.000000000000007,150.00000000000003,55.74387947269304,47.46543778801844,42.635658914728666,17.80821917808219,11.314984709480107,49.999999999999986,10.975609756097567,3.5714285714285747,0.0,0.0,-2.736269772551648,21.393691434604726,0.0
s3-joint,pt0.25_dt-15_m0.0_seed115,3.6,0.4,0.1,0.5,0.1,95.8,31.5,40.9,7.0,12.4,0.3,10.3,6.4,94,88,225653.0,0.0,6282.0,0.55,,115.0,,0.25,-15.0,0.0,2.85714285714286,0.0,0.0,24.999999999999993,-98.21428571428572,-9.79284369114878,45.16129032258065,217.05426356589146,-4.109589041095888,-62.07951070336393,49.999999999999986,25.609756097560993,14.285714285714299,0.0,0.0,5.043804522898453,-17.091197043684836,0.0
s3-joint,pt0.25_dt-15_m0.0_seed122,3.4,0.4,0.1,0.4,1.0,140.9,32.5,19.6,7.9,29.0,0.3,9.0,6.0,94,88,217313.0,0.0,7961.0,0.55,,122.0,,0.25,-15.0,0.0,-2.85714285714286,0.0,0.0,0.0,-82.14285714285714,32.674199623352166,49.76958525345623,51.93798449612403,8.219178082191789,-11.31498470948013,49.999999999999986,9.75609756097562,7.1428571428571495,0.0,0.0,1.161448295766649,5.06796885310809,0.0
s3-joint,pt0.25_dt-15_m0.0_seed129,7.3,3.4,1.8,0.3,29.1,223.2,44.9,26.2,15.8,3.3,0.9,12.5,6.6,94,88,197877.0,0.0,9957.0,0.55,,129.0,,0.25,-15.0,0.0,108.57142857142857,750.0,1700.0,-25.000000000000007,419.6428571428572,110.1694915254237,106.91244239631337,103.10077519379843,116.43835616438356,-89.90825688073394,349.99999999999994,52.439024390243915,17.857142857142858,0.0,0.0,-7.886210652738597,31.410848620826187,0.0
s3-joint,pt0.25_dt-15_m0.0_seed136,21.3,7.0,10.3,0.3,40.7,330.0,77.8,35.9,18.4,16.1,3.7,24.9,12.7,94,88,181310.0,0.0,14229.0,0.55,,136.0,,0.25,-15.0,0.0,508.5714285714286,1649.9999999999995,10200.0,-25.000000000000007,626.7857142857143,210.73446327683615,258.5253456221198,178.29457364341087,152.05479452054792,-50.764525993883794,1750.0,203.65853658536585,126.78571428571428,0.0,0.0,-15.598320438696945,87.79200211165369,0.0
s3-joint,pt0.25_dt-15_m0.0_seed143,4.9,3.2,1.9,0.4,25.4,229.4,46.6,26.1,15.3,3.4,0.9,12.4,6.0,94,88,198842.0,0.0,10289.0,0.55,,143.0,,0.25,-15.0,0.0,40.00000000000001,700.0,1799.9999999999995,0.0,353.57142857142856,116.0075329566855,114.74654377880185,102.32558139534885,109.58904109589041,-89.60244648318043,349.99999999999994,51.219512195121965,7.1428571428571495,0.0,0.0,-7.436993175618431,35.792530025075884,0.0
s3-joint,pt0.25_dt-15_m0.0_seed150,3.9,0.4,0.1,0.4,2.1,127.7,29.1,21.2,8.3,27.2,0.3,9.7,5.8,94,88,215481.0,0.0,8303.0,0.55,,150.0,,0.25,-15.0,0.0,11.428571428571425,0.0,0.0,0.0,-62.5,20.24482109227872,34.101382488479274,64.34108527131782,13.698630136986315,-16.819571865443432,49.999999999999986,18.292682926829272,3.5714285714285747,0.0,0.0,0.3086333547468089,9.581628612907483,0.0
s3-joint,pt0.25_dt-15_m0.0_seed157,15.1,4.4,4.2,0.3,32.4,276.8,56.3,32.6,15.4,3.0,2.6,17.8,8.9,94,88,186653.0,0.0,12256.0,0.55,,157.0,,0.25,-15.0,0.0,331.4285714285714,1000.0,4100.0,-25.000000000000007,478.57142857142856,160.64030131826743,159.44700460829492,152.71317829457368,110.95890410958906,-90.82568807339449,1199.9999999999998,117.07317073170735,58.928571428571445,0.0,0.0,-13.111098697502072,61.75267256169988,0.0
s3-joint,pt0.25_dt-15_m0.0_seed164,16.5,5.4,3.3,0.8,42.2,239.8,54.8,33.9,17.5,19.3,2.9,19.9,7.5,94,88,183042.0,0.0,13610.0,0.55,,164.0,,0.25,-15.0,0.0,371.42857142857144,1250.0,3199.9999999999995,100.0,653.5714285714287,125.8003766478343,152.53456221198155,162.7906976744186,139.72602739726028,-40.97859327217125,1349.9999999999998,142.6829268292683,33.92857142857144,0.0,0.0,-14.792056531575568,79.62254190312788,0.0
s3-joint,pt0.25_dt-15_m0.0_seed171,3.5,0.4,0.1,0.3,5.7,116.8,33.5,22.3,10.3,40.2,0.2,9.9,6.5,94,88,209841.0,0.0,9242.0,0.55,,171.0,,0.25,-15.0,0.0,0.0,0.0,0.0,-25.000000000000007,1.7857142857142954,9.981167608286247,54.37788018433181,72.86821705426357,41.095890410958916,22.93577981651376,0.0,20.731707317073187,16.071428571428577,0.0,0.0,-2.3168449571264977,21.97439619902336,0.0
s3-joint,pt0.25_dt-15_m0.0_seed178,3.4,0.4,0.1,0.3,10.5,188.0,37.3,23.9,15.0,3.3,0.2,11.0,6.0,94,88,211677.0,0.0,8531.0,0.55,,178.0,,0.25,-15.0,0.0,-2.85714285714286,0.0,0.0,-25.000000000000007,87.50000000000001,77.02448210922786,71.88940092165898,85.27131782945735,105.47945205479452,-89.90825688073394,0.0,34.14634146341465,7.1428571428571495,0.0,0.0,-1.4621679747507192,12.59073511944041,0.0
s3-joint,pt0.25_dt-15_m0.0_seed185,17.1,6.4,5.9,0.3,40.7,277.9,61.4,32.4,17.5,13.3,3.2,19.4,7.5,94,88,183693.0,0.0,13300.0,0.55,,185.0,,0.25,-15.0,0.0,388.5714285714286,1500.0,5800.000000000001,-25.000000000000007,626.7857142857143,161.67608286252351,182.9493087557604,151.1627906976744,139.72602739726028,-59.32721712538226,1500.0,136.58536585365854,33.92857142857144,0.0,0.0,-14.489009300896575,75.53121288108751,0.0
s3-joint,pt0.25_dt-15_m0.0_seed192,3.5,0.4,0.1,0.3,7.2,151.5,35.9,17.4,12.1,33.0,0.2,9.5,6.6,94,88,212498.0,0.0,8735.0,0.55,,192.0,,0.25,-15.0,0.0,0.0,0.0,0.0,-25.000000000000007,28.57142857142858,42.655367231638415,65.43778801843317,34.88372093023254,65.75342465753424,0.9174311926605416,0.0,15.853658536585376,17.857142857142858,0.0,0.0,-1.0799839864443388,15.283093572654085,0.0
s3-joint,pt0.25_dt-15_m0.0_seed199,13.6,4.0,1.9,0.4,37.5,222.5,65.9,29.8,16.4,3.6,1.8,16.9,10.4,94,88,189173.0,0.0,11966.0,0.55,,199.0,,0.25,-15.0,0.0,288.57142857142856,900.0,1799.9999999999995,0.0,569.6428571428571,109.51035781544256,203.6866359447005,131.0077519379845,124.65753424657531,-88.9908256880734,800.0,106.09756097560977,85.71428571428574,0.0,0.0,-11.938012643260807,57.92530025075887,0.0
s3-joint,pt0.25_dt-15_m0.0_seed206,3.8,1.6,1.0,0.2,25.5,193.5,40.8,21.2,12.1,37.7,0.3,11.4,6.4,94,88,199690.0,0.0,10822.0,0.55,,206.0,,0.25,-15.0,0.0,8.571428571428566,300.00000000000006,900.0,-50.0,355.35714285714283,82.20338983050847,88.0184331797235,64.34108527131782,65.75342465753424,15.29051987767584,49.999999999999986,39.02439024390246,14.285714285714299,0.0,0.0,-7.042240408159466,42.82697637587436,0.0
s3-joint,pt0.25_dt-15_m0.0_seed213,3.4,0.4,0.1,0.3,4.5,167.3,42.7,66.5,14.3,35.3,0.3,14.3,6.2,94,88,209079.0,0.0,9651.0,0.55,,213.0,,0.25,-15.0,0.0,-2.85714285714286,0.0,0.0,-25.000000000000007,-19.642857142857135,57.53295668549907,96.77419354838712,415.50387596899225,95.89041095890413,7.951070336391419,49.999999999999986,74.39024390243904,10.714285714285724,0.0,0.0,-2.6715638354327846,27.372310941005672,0.0
s3-joint,pt0.25_dt-15_m0.0_seed220,3.5,0.4,0.1,0.3,1.9,147.8,30.2,23.3,8.1,33.7,0.2,9.9,6.2,94,88,214312.0,0.0,8565.0,0.55,,220.0,,0.25,-15.0,0.0,0.0,0.0,0.0,-25.000000000000007,-66.07142857142857,39.171374764595114,39.1705069124424,80.62015503875969,10.958904109589039,3.0581039755351678,0.0,20.731707317073187,10.714285714285724,0.0,0.0,-0.2355482315262222,13.039461528309356,0.0
s3-joint,pt0.25_dt-15_m0.0_seed227,3.5,0.7,0.1,0.6,7.2,204.5,78.8,23.4,12.0,41.9,0.2,12.3,13.9,94,88,200985.0,0.0,11010.0,0.55,,227.0,,0.25,-15.0,0.0,0.0,74.99999999999997,0.0,49.999999999999986,28.57142857142858,92.56120527306967,263.13364055299536,81.3953488372093,64.38356164383562,28.13455657492353,0.0,50.00000000000002,148.21428571428575,0.0,0.0,-6.439404519174372,45.308169460208525,0.0
s3-joint,pt0.25_dt-15_m0.0_seed234,3.9,0.9,0.1,0.8,8.3,160.3,41.3,20.6,11.7,47.2,0.3,10.9,6.6,94,88,203000.0,0.0,10651.0,0.55,,234.0,,0.25,-15.0,0.0,11.428571428571425,125.0,0.0,100.0,48.21428571428574,50.94161958568739,90.32258064516128,59.68992248062016,60.273972602739725,44.342507645259936,49.999999999999986,32.9268292682927,17.857142857142858,0.0,0.0,-5.501401186120344,40.57014649597466,0.0
s3-joint,pt0.25_dt-15_m0.0_seed241,3.7,0.4,0.1,0.3,1.8,166.5,36.9,23.0,13.0,38.6,0.2,10.8,7.4,94,88,211169.0,0.0,9316.0,0.55,,241.0,,0.25,-15.0,0.0,5.71428571428572,0.0,0.0,-25.000000000000007,-67.85714285714286,56.77966101694915,70.04608294930875,78.29457364341084,78.08219178082192,18.042813455657488,0.0,31.707317073170753,32.14285714285715,0.0,0.0,-1.6986472269549107,22.951036030091064,0.0
s3-joint,pt0.25_dt-15_m0.0_seed248,3.3,0.9,0.1,0.7,8.9,171.2,45.7,33.3,15.1,46.0,0.2,12.3,6.6,94,88,202750.0,0.0,10978.0,0.55,,248.0,,0.25,-15.0,0.0,-5.71428571428572,125.0,0.0,74.99999999999997,58.928571428571445,61.20527306967983,110.59907834101384,158.13953488372093,106.84931506849315,40.672782874617724,0.0,50.00000000000002,17.857142857142858,0.0,0.0,-5.617778770866501,44.88583872244952,0.0
s3-joint,pt0.25_dt-15_m0.0_seed255,13.5,4.1,2.1,0.3,35.4,245.9,48.1,25.9,11.5,3.3,1.6,13.8,9.6,94,88,191743.0,0.0,11185.0,0.55,,255.0,,0.25,-15.0,0.0,285.7142857142857,924.9999999999998,2000.0,-25.000000000000007,532.1428571428571,131.54425612052728,121.65898617511522,100.77519379844959,57.53424657534247,-89.90825688073394,700.0,68.2926829268293,71.42857142857143,0.0,0.0,-10.74165107207031,47.6177906823281,0.0
s3-joint,pt0.25_dt-15_m0.0_seed262,4.5,2.6,0.8,0.3,23.5,227.0,41.5,28.1,10.9,4.9,0.5,13.6,6.4,94,88,198147.0,0.0,10261.0,0.55,,262.0,,0.25,-15.0,0.0,28.57142857142857,550.0,700.0,-25.000000000000007,319.6428571428571,113.74764595103576,91.24423963133641,117.8294573643411,49.31506849315069,-85.01529051987768,149.99999999999997,65.85365853658539,14.285714285714299,0.0,0.0,-7.760522861212747,35.422990629536756,0.0
s3-joint,pt0.25_dt-15_m0.15_seed101,3.2,0.4,0.1,0.3,0.1,58.5,4.1,6.8,1.0,11.2,0.2,6.6,5.1,94,88,236067.0,0.0,2950.0,0.55,,101.0,,0.25,-15.0,0.15,-8.571428571428566,0.0,0.0,-25.000000000000007,-98.21428571428572,-44.91525423728814,-81.10599078341014,-47.286821705426355,-86.3013698630137,-65.74923547400611,0.0,-19.51219512195122,-8.928571428571429,0.0,0.0,9.891629193084379,-61.066385112841495,0.0
s3-joint,pt0.25_dt-15_m0.15_seed108,3.2,0.4,0.1,0.3,0.1,48.8,5.0,4.0,1.1,3.1,0.2,6.0,5.0,94,88,245197.0,0.0,1535.0,0.55,,108.0,,0.25,-15.0,0.15,-8.571428571428566,0.0,0.0,-25.000000000000007,-98.21428571428572,-54.04896421845575,-76.95852534562212,-68.9922480620155,-84.93150684931507,-90.51987767584097,0.0,-26.829268292682922,-10.714285714285708,0.0,0.0,14.141738588014041,-79.74132242312261,0.0
s3-joint,pt0.25_dt-15_m0.15_seed115,3.2,0.4,0.1,0.3,0.1,50.6,10.3,22.0,1.1,3.2,0.2,7.5,5.0,94,88,244932.0,0.0,1841.0,0.55,,115.0,,0.25,-15.0,0.15,-8.571428571428566,0.0,0.0,-25.000000000000007,-98.21428571428572,-52.35404896421846,-52.53456221198156,70.54263565891472,-84.93150684931507,-90.21406727828747,0.0,-8.53658536585365,-10.714285714285708,0.0,0.0,14.018378348183113,-75.7027847433021,0.0
s3-joint,pt0.25_dt-15_m0.15_seed122,3.1,0.4,0.1,0.2,0.1,62.8,7.8,22.8,1.2,5.3,0.2,7.5,5.0,94,88,243221.0,0.0,2345.0,0.55,,122.0,,0.25,-15.0,0.15,-11.428571428571425,0.0,0.0,-50.0,-98.21428571428572,-40.866290018832395,-64.0552995391705,76.74418604651163,-83.56164383561644,-83.79204892966361,0.0,-8.53658536585365,-10.714285714285708,0.0,0.0,13.221890158180413,-69.05107562359774,0.0
s3-joint,pt0.25_dt-15_m0.15_seed129,3.2,0.4,0.1,0.3,0.1,41.4,2.1,2.2,1.1,3.1,0.2,5.6,5.0,94,88,251747.0,0.0,1083.0,0.55,,129.0,,0.25,-15.0,0.15,-8.571428571428566,0.0,0.0,-25.000000000000007,-98.21428571428572,-61.016949152542374,-90.32258064516128,-82.94573643410853,-84.93150684931507,-90.51987767584097,0.0,-31.70731707317073,-10.714285714285708,0.0,0.0,17.190831308363357,-85.7067440939686,0.0
s3-joint,pt0.25_dt-15_m0.15_seed136,3.0,0.4,0.1,0.3,0.1,107.2,16.7,10.2,1.3,2.8,0.2,6.9,5.3,94,88,228989.0,0.0,3071.0,0.55,,136.0,,0.25,-15.0,0.15,-14.285714285714285,0.0,0.0,-25.000000000000007,-98.21428571428572,0.9416195856873822,-23.04147465437788,-20.93023255813954,-82.19178082191782,-91.43730886850153,0.0,-15.853658536585355,-5.357142857142854,0.0,0.0,6.596747013751175,-59.469447010690246,0.0
s3-joint,pt0.25_dt-15_m0.15_seed143,3.0,0.4,0.1,0.3,0.1,42.3,0.6,2.2,1.0,3.1,0.2,5.4,5.0,94,88,255374.0,0.0,1050.0,0.55,,143.0,,0.25,-15.0,0.15,-14.285714285714285,0.0,0.0,-25.000000000000007,-98.21428571428572,-60.16949152542374,-97.23502304147465,-82.94573643410853,-86.3013698630137,-90.51987767584097,0.0,-34.14634146341463,-10.714285714285708,0.0,0.0,18.879237307860606,-86.14227266728257,0.0
s3-joint,pt0.25_dt-15_m0.15_seed150,3.1,0.4,0.1,0.3,0.1,53.2,7.3,19.9,1.0,3.1,0.2,7.1,5.0,94,88,247156.0,0.0,1680.0,0.55,,150.0,,0.25,-15.0,0.15,-11.428571428571425,0.0,0.0,-25.000000000000007,-98.21428571428572,-49.90583804143126,-66.35944700460828,54.26356589147285,-86.3013698630137,-90.51987767584097,0.0,-13.414634146341461,-10.714285714285708,0.0,0.0,15.053673342084927,-77.8276362676521,0.0
s3-joint,pt0.25_dt-15_m0.15_seed157,3.0,0.4,0.1,0.3,0.1,71.1,5.6,4.2,1.1,3.2,0.2,5.9,5.0,94,88,245928.0,0.0,2175.0,0.55,,157.0,,0.25,-15.0,0.15,-14.285714285714285,0.0,0.0,-25.000000000000007,-98.21428571428572,-33.05084745762713,-74.19354838709678,-67.44186046511628,-84.93150684931507,-90.21406727828747,0.0,-28.04878048780487,-10.714285714285708,0.0,0.0,14.482026645811805,-71.29470766794246,0.0
s3-joint,pt0.25_dt-15_m0.15_seed164,3.3,0.4,0.1,0.3,2.2,120.5,20.0,10.0,2.0,2.7,0.2,7.1,6.7,94,88,227013.0,0.0,3532.0,0.55,,164.0,,0.25,-15.0,0.15,-5.71428571428572,0.0,0.0,-25.000000000000007,-60.71428571428571,13.465160075329564,-7.834101382488476,-22.48062015503876,-72.6027397260274,-91.74311926605505,0.0,-13.414634146341461,19.642857142857153,0.0,0.0,5.6768985839175485,-53.38524481984954,0.0
s3-joint,pt0.25_dt-15_m0.15_seed171,2.9,0.4,0.1,0.3,0.1,119.3,23.4,60.8,8.4,19.5,0.2,11.5,5.7,94,88,218424.0,0.0,5717.0,0.55,,171.0,,0.25,-15.0,0.15,-17.142857142857146,0.0,0.0,-25.000000000000007,-98.21428571428572,12.335216572504702,7.834101382488476,371.3178294573643,15.068493150684938,-40.36697247706423,0.0,40.2439024390244,1.7857142857142954,0.0,0.0,1.6786302823785717,-24.547974132242313,0.0
s3-joint,pt0.25_dt-15_m0.15_seed178,3.5,0.5,0.1,0.3,0.1,55.5,2.5,2.7,1.1,3.0,0.2,5.8,4.9,94,88,250785.0,0.0,1854.0,0.55,,178.0,,0.25,-15.0,0.15,0.0,24.999999999999993,0.0,-25.000000000000007,-98.21428571428572,-47.740112994350284,-88.47926267281106,-79.06976744186046,-84.93150684931507,-90.82568807339449,0.0,-29.268292682926827,-12.499999999999988,0.0,0.0,16.743010362260147,-75.53121288108751,0.0
s3-joint,pt0.25_dt-15_m0.15_seed185,3.3,0.4,0.1,0.3,0.1,63.1,4.0,2.3,1.0,3.2,0.2,5.7,5.0,94,88,246241.0,0.0,1802.0,0.55,,185.0,,0.25,-15.0,0.15,-5.71428571428572,0.0,0.0,-25.000000000000007,-98.21428571428572,-40.58380414312618,-81.5668202764977,-82.17054263565893,-86.3013698630137,-90.21406727828747,0.0,-30.487804878048774,-10.714285714285708,0.0,0.0,14.627731381913991,-76.21750032994589,0.0
s3-joint,pt0.25_dt-15_m0.15_seed192,3.0,0.4,0.1,0.4,0.1,94.8,11.5,6.4,1.3,2.8,0.1,6.6,5.1,94,88,235424.0,0.0,2812.0,0.55,,192.0,,0.25,-15.0,0.15,-14.285714285714285,0.0,0.0,0.0,-98.21428571428572,-10.734463276836163,-47.004608294930875,-50.3875968992248,-82.19178082191782,-91.43730886850153,-50.0,-19.51219512195122,-8.928571428571429,0.0,0.0,9.592306045117262,-62.88768641942721,0.0
s3-joint,pt0.25_dt-15_m0.15_seed199,3.0,0.4,0.1,0.3,0.1,74.4,9.1,5.4,1.2,3.3,0.2,6.3,5.1,94,88,241868.0,0.0,2538.0,0.55,,199.0,,0.25,-15.0,0.15,-14.285714285714285,0.0,0.0,-25.000000000000007,-98.21428571428572,-29.943502824858754,-58.06451612903226,-58.139534883720934,-83.56164383561644,-89.90825688073394,0.0,-23.170731707317067,-8.928571428571429,0.0,0.0,12.59205466953421,-66.50389336148872,0.0
s3-joint,pt0.25_dt-15_m0.15_seed206,3.0,0.4,0.1,0.2,0.1,74.6,10.5,21.3,1.4,3.6,0.2,7.7,5.0,94,88,237999.0,0.0,3242.0,0.55,,206.0,,0.25,-15.0,0.15,-14.285714285714285,0.0,0.0,-50.0,-98.21428571428572,-29.755178907721287,-51.61290322580645,65.11627906976744,-80.82191780821918,-88.9908256880734,0.0,-6.0975609756097455,-10.714285714285708,0.0,0.0,10.79099516800268,-57.212617130790555,0.0
s3-joint,pt0.25_dt-15_m0.15_seed213,3.2,0.4,0.1,0.3,0.1,59.5,2.9,2.1,1.2,9.4,0.2,5.6,5.1,94,88,241349.0,0.0,2640.0,0.55,,213.0,,0.25,-15.0,0.15,-8.571428571428566,0.0,0.0,-25.000000000000007,-98.21428571428572,-43.973634651600754,-86.63594470046083,-83.72093023255815,-83.56164383561644,-71.25382262996942,0.0,-31.70731707317073,-8.928571428571429,0.0,0.0,12.350454803601188,-65.15771413488189,0.0
s3-joint,pt0.25_dt-15_m0.15_seed220,3.1,0.9,0.6,0.2,23.3,236.5,47.5,25.4,11.0,2.6,0.2,12.7,5.6,94,88,199066.0,0.0,8829.0,0.55,,220.0,,0.25,-15.0,0.15,-11.428571428571425,125.0,500.0,-50.0,316.07142857142867,122.69303201506591,118.89400921658988,96.89922480620153,50.68493150684932,-92.04892966360856,0.0,54.87804878048781,0.0,0.0,0.0,-7.3327188596858734,16.523690114821168,0.0
s3-joint,pt0.25_dt-15_m0.15_seed227,3.1,0.4,0.1,0.2,0.1,70.3,6.2,2.5,1.5,10.8,0.2,6.3,5.0,94,88,235174.0,0.0,3185.0,0.55,,227.0,,0.25,-15.0,0.15,-11.428571428571425,0.0,0.0,-50.0,-98.21428571428572,-33.804143126177024,-71.42857142857143,-80.62015503875969,-79.45205479452055,-66.97247706422019,0.0,-23.170731707317067,-10.714285714285708,0.0,0.0,9.475928460371104,-57.96489375742379,0.0
s3-joint,pt0.25_dt-15_m0.15_seed234,3.2,0.4,0.1,0.3,0.1,45.9,2.9,7.8,1.1,3.2,0.2,6.2,5.0,94,88,247727.0,0.0,1642.0,0.55,,234.0,,0.25,-15.0,0.15,-8.571428571428566,0.0,0.0,-25.000000000000007,-98.21428571428572,-56.779661016949156,-86.63594470046083,-39.53488372093024,-84.93150684931507,-90.21406727828747,0.0,-24.390243902439014,-10.714285714285708,0.0,0.0,15.31947974564515,-78.32915401874094,0.0
s3-joint,pt0.25_dt-15_m0.15_seed241,2.9,0.4,0.1,0.2,0.1,53.5,5.3,7.9,1.2,4.2,0.2,6.4,5.0,94,88,243713.0,0.0,2299.0,0.55,,241.0,,0.25,-15.0,0.15,-17.142857142857146,0.0,0.0,-50.0,-98.21428571428572,-49.62335216572505,-75.57603686635944,-38.75968992248062,-83.56164383561644,-87.1559633027523,0.0,-21.95121951219511,-10.714285714285708,0.0,0.0,13.45092124496085,-69.6581760591263,0.0
s3-joint,pt0.25_dt-15_m0.15_seed248,3.2,0.4,0.1,0.3,0.1,58.8,2.9,3.6,1.1,12.4,0.2,5.8,5.0,94,88,238746.0,0.0,3002.0,0.55,,248.0,,0.25,-15.0,0.15,-8.571428571428566,0.0,0.0,-25.000000000000007,-98.21428571428572,-44.632768361581924,-86.63594470046083,-72.09302325581396,-84.93150684931507,-62.07951070336393,0.0,-29.268292682926827,-10.714285714285708,0.0,0.0,11.1387313912242,-60.380097663983115,0.0
s3-joint,pt0.25_dt-15_m0.15_seed255,3.0,0.4,0.1,0.3,0.1,29.0,3.0,2.7,1.2,3.1,0.2,5.7,5.0,94,88,252101.0,0.0,1164.0,0.55,,255.0,,0.25,-15.0,0.15,-14.285714285714285,0.0,0.0,-25.000000000000007,-98.21428571428572,-72.69303201506591,-86.17511520737328,-79.06976744186046,-83.56164383561644,-90.51987767584097,0.0,-30.487804878048774,-10.714285714285708,0.0,0.0,17.35562196836392,-84.6377194140161,0.0
s3-joint,pt0.25_dt-15_m0.15_seed262,3.1,0.4,0.1,0.3,0.1,65.7,4.6,3.9,1.0,13.5,0.2,6.1,5.0,94,88,237996.0,0.0,2857.0,0.55,,262.0,,0.25,-15.0,0.15,-11.428571428571425,0.0,0.0,-25.000000000000007,-98.21428571428572,-38.13559322033898,-78.80184331797237,-69.76744186046511,-86.3013698630137,-58.71559633027523,0.0,-25.609756097560975,-10.714285714285708,0.0,0.0,10.789598636985726,-62.29378381945361,0.0
s3-joint,pt0.25_dt-15_m0.1_seed101,3.2,0.4,0.1,0.3,0.1,87.9,18.3,12.1,2.3,19.1,0.2,7.6,5.1,94,88,223589.0,0.0,5421.0,0.55,,101.0,,0.25,-15.0,0.1,-8.571428571428566,0.0,0.0,-25.000000000000007,-98.21428571428572,-17.231638418079093,-15.668202764976952,-6.201550387596905,-68.4931506849315,-41.59021406727829,0.0,-7.317073170731704,-8.928571428571429,0.0,0.0,4.08299118323418,-28.454533456513133,0.0
s3-joint,pt0.25_dt-15_m0.1_seed108,3.4,0.4,0.1,0.3,0.1,76.6,15.9,23.3,2.6,16.4,0.2,8.4,6.0,94,88,230191.0,0.0,4519.0,0.55,,108.0,,0.25,-15.0,0.1,-2.85714285714286,0.0,0.0,-25.000000000000007,-98.21428571428572,-27.871939736346523,-26.728110599078335,80.62015503875969,-64.3835616438356,-49.84709480122325,0.0,2.4390243902439157,7.1428571428571495,0.0,0.0,7.1562904412107,-40.358981127095156,0.0
s3-joint,pt0.25_dt-15_m0.1_seed115,3.1,0.5,0.1,0.3,0.1,98.8,16.1,31.4,4.0,4.3,0.2,8.8,5.1,94,88,230734.0,0.0,4205.0,0.55,,115.0,,0.25,-15.0,0.1,-11.428571428571425,24.999999999999993,0.0,-25.000000000000007,-98.21428571428572,-6.967984934086633,-25.80645161290322,143.4108527131783,-45.20547945205479,-86.85015290519877,0.0,7.3170731707317245,-8.928571428571429,0.0,0.0,7.409062555279353,-44.503101491355416,0.0
s3-joint,pt0.25_dt-15_m0.1_seed122,3.2,0.7,0.4,0.2,20.6,161.7,26.5,15.1,6.1,13.2,0.2,8.3,5.3,94,88,207854.0,0.0,7197.0,0.55,,122.0,,0.25,-15.0,0.1,-8.571428571428566,74.99999999999997,300.00000000000006,-50.0,267.85714285714295,52.25988700564971,22.11981566820277,17.054263565891468,-16.438356164383563,-59.63302752293579,0.0,1.2195121951219685,-5.357142857142854,0.0,0.0,-3.2418140006889558,-5.015177510888214,0.0
s3-joint,pt0.25_dt-15_m0.1_seed129,3.1,0.4,0.1,0.3,0.1,98.1,21.6,21.1,5.5,19.2,0.2,8.9,5.8,94,88,223055.0,0.0,5332.0,0.55,,129.0,,0.25,-15.0,0.1,-11.428571428571425,0.0,0.0,-25.000000000000007,-98.21428571428572,-7.627118644067804,-0.4608294930875478,63.565891472868216,-24.65753424657534,-41.28440366972478,0.0,8.536585365853671,3.5714285714285747,0.0,0.0,3.8344086622163873,-29.62914082090537,0.0
s3-joint,pt0.25_dt-15_m0.1_seed136,3.2,0.4,0.1,0.3,0.1,86.4,20.0,13.0,3.0,22.9,0.2,7.9,5.9,94,88,225428.0,0.0,5850.0,0.55,,136.0,,0.25,-15.0,0.1,-8.571428571428566,0.0,0.0,-25.000000000000007,-98.21428571428572,-18.644067796610166,-7.834101382488476,0.7751937984496096,-58.9041095890411,-29.96941896024466,0.0,-3.658536585365841,5.35714285714287,0.0,0.0,4.939064696626913,-22.792662003431438,0.0
s3-joint,pt0.25_dt-15_m0.1_seed143,3.1,0.4,0.1,0.3,0.1,87.2,13.1,19.4,2.0,4.9,0.2,7.9,5.2,94,88,234410.0,0.0,4042.0,0.55,,143.0,,0.25,-15.0,0.1,-11.428571428571425,0.0,0.0,-25.000000000000007,-98.21428571428572,-17.890772128060263,-39.63133640552996,50.387596899224796,-72.6027397260274,-85.01529051987768,0.0,-3.658536585365841,-7.142857142857134,0.0,0.0,9.120278561386847,-46.65434868681536,0.0
s3-joint,pt0.25_dt-15_m0.1_seed150,3.5,0.4,0.1,0.3,0.3,96.1,21.1,19.2,1.3,20.0,0.2,8.5,6.1,94,88,224574.0,0.0,6203.0,0.55,,150.0,,0.25,-15.0,0.1,0.0,0.0,0.0,-25.000000000000007,-94.64285714285715,-9.51035781544257,-2.764976958525336,48.837209302325576,-82.19178082191782,-38.83792048929664,0.0,3.6585365853658622,8.928571428571429,0.0,0.0,4.541518867134039,-18.133826052527386,0.0
s3-joint,pt0.25_dt-15_m0.1_seed157,3.1,0.4,0.1,0.2,0.1,90.5,13.6,9.3,1.2,19.8,0.3,7.3,5.4,94,88,225899.0,0.0,5364.0,0.55,,157.0,,0.25,-15.0,0.1,-11.428571428571425,0.0,0.0,-50.0,-98.21428571428572,-14.783427495291903,-37.327188940092164,-27.90697674418604,-83.56164383561644,-39.44954128440367,49.999999999999986,-10.975609756097555,-3.5714285714285587,0.0,0.0,5.158320066288672,-29.20681008314636,0.0
s3-joint,pt0.25_dt-15_m0.1_seed164,3.3,0.4,0.1,0.3,0.1,111.8,19.3,8.0,1.1,24.3,0.2,7.4,5.7,94,88,222446.0,0.0,5755.0,0.55,,164.0,,0.25,-15.0,0.1,-5.71428571428572,0.0,0.0,-25.000000000000007,-98.21428571428572,5.2730696798493355,-11.059907834101375,-37.98449612403101,-84.93150684931507,-25.68807339449542,0.0,-9.756097560975597,1.7857142857142954,0.0,0.0,3.550912865774749,-24.04645638115349,0.0
s3-joint,pt0.25_dt-15_m0.1_seed171,3.4,0.4,0.1,0.3,0.1,104.1,23.1,22.6,2.2,11.7,0.2,8.7,5.5,94,88,231065.0,0.0,4739.0,0.55,,171.0,,0.25,-15.0,0.1,-2.85714285714286,0.0,0.0,-25.000000000000007,-98.21428571428572,-1.977401129943511,6.451612903225816,75.19379844961242,-69.86301369863014,-64.22018348623854,0.0,6.097560975609757,-1.7857142857142794,0.0,0.0,7.563146477483265,-37.455457305001985,0.0
s3-joint,pt0.25_dt-15_m0.1_seed178,3.1,0.4,0.1,0.3,0.1,96.9,18.1,17.9,1.6,8.9,0.2,7.8,5.8,94,88,235930.0,0.0,3701.0,0.55,,178.0,,0.25,-15.0,0.1,-11.428571428571425,0.0,0.0,-25.000000000000007,-98.21428571428572,-8.757062146892652,-16.589861751152064,38.759689922480604,-78.0821917808219,-72.78287461773701,0.0,-4.8780487804877986,3.5714285714285747,0.0,0.0,9.827854276643484,-51.15481061105979,0.0
s3-joint,pt0.25_dt-15_m0.1_seed185,3.0,0.4,0.1,0.2,0.1,92.2,10.8,9.6,1.3,25.7,0.2,5.6,7.0,94,88,222341.0,0.0,5959.0,0.55,,185.0,,0.25,-15.0,0.1,-14.285714285714285,0.0,0.0,-50.0,-98.21428571428572,-13.182674199623351,-50.23041474654377,-25.581395348837216,-82.19178082191782,-21.406727828746185,0.0,-31.70731707317073,25.000000000000007,0.0,0.0,3.5020342801813626,-21.35409792793982,0.0
s3-joint,pt0.25_dt-15_m0.1_seed192,5.5,3.9,1.6,0.2,34.2,276.8,59.5,28.3,15.4,3.5,1.1,13.9,9.0,94,88,190751.0,0.0,10584.0,0.55,,192.0,,0.25,-15.0,0.1,57.14285714285714,875.0,1500.0,-50.0,510.7142857142858,160.64030131826743,174.19354838709677,119.3798449612403,110.95890410958906,-89.29663608562691,450.0,69.51219512195124,60.71428571428572,0.0,0.0,-11.203437328343062,39.68589151379174,0.0
s3-joint,pt0.25_dt-15_m0.1_seed199,3.0,0.4,0.1,0.3,0.3,137.9,18.8,13.8,3.6,2.9,0.2,7.6,5.2,94,88,227068.0,0.0,4227.0,0.55,,199.0,,0.25,-15.0,0.1,-14.285714285714285,0.0,0.0,-25.000000000000007,-94.64285714285715,29.84934086629002,-13.364055299539165,6.976744186046514,-50.68493150684932,-91.13149847094802,0.0,-7.317073170731704,-7.142857142857134,0.0,0.0,5.702501652561703,-44.2127491091461,0.0
s3-joint,pt0.25_dt-15_m0.1_seed206,3.2,0.4,0.1,0.2,0.1,99.0,14.8,7.1,1.4,23.2,0.2,6.8,5.6,94,88,222663.0,0.0,5574.0,0.55,,206.0,,0.25,-15.0,0.1,-8.571428571428566,0.0,0.0,-50.0,-98.21428571428572,-6.779661016949155,-31.79723502304147,-44.96124031007752,-80.82191780821918,-29.05198776758411,0.0,-17.073170731707314,0.0,0.0,0.0,3.6519286093344134,-26.435264616602876,0.0
s3-joint,pt0.25_dt-15_m0.1_seed213,3.4,0.4,0.1,0.3,14.7,167.0,52.2,26.0,11.3,6.2,0.2,11.6,6.1,94,88,209002.0,0.0,8328.0,0.55,,213.0,,0.25,-15.0,0.1,-2.85714285714286,0.0,0.0,-25.000000000000007,162.5,57.250470809792844,140.55299539170508,101.55038759689923,54.79452054794521,-81.03975535168196,0.0,41.46341463414635,8.928571428571429,0.0,0.0,-2.7074081315346015,9.911574501781708,0.0
s3-joint,pt0.25_dt-15_m0.1_seed220,3.2,0.4,0.1,0.3,0.1,81.9,19.7,29.2,8.5,10.1,0.2,9.0,5.4,94,88,230382.0,0.0,4579.0,0.55,,220.0,,0.25,-15.0,0.1,-8.571428571428566,0.0,0.0,-25.000000000000007,-98.21428571428572,-22.881355932203387,-9.216589861751153,126.3565891472868,16.438356164383563,-69.1131498470948,0.0,9.75609756097562,-3.5714285714285587,0.0,0.0,7.245202915956764,-39.567110993797016,0.0
s3-joint,pt0.25_dt-15_m0.1_seed227,3.2,0.4,0.1,0.3,0.1,72.0,5.8,11.2,1.3,4.1,0.2,6.7,5.0,94,88,243944.0,0.0,2612.0,0.55,,227.0,,0.25,-15.0,0.1,-8.571428571428566,0.0,0.0,-25.000000000000007,-98.21428571428572,-32.20338983050848,-73.27188940092165,-13.178294573643418,-82.19178082191782,-87.46177370030581,0.0,-18.292682926829258,-10.714285714285708,0.0,0.0,13.5584541332663,-65.52725353042102,0.0
s3-joint,pt0.25_dt-15_m0.1_seed234,3.3,0.4,0.1,0.2,0.1,107.4,20.3,17.1,6.3,20.5,0.2,8.4,5.1,94,88,223036.0,0.0,5502.0,0.55,,234.0,,0.25,-15.0,0.1,-5.71428571428572,0.0,0.0,-50.0,-98.21428571428572,1.1299435028248614,-6.451612903225801,32.55813953488373,-13.698630136986301,-37.308868501529055,0.0,2.4390243902439157,-8.928571428571429,0.0,0.0,3.82556396577568,-27.385508776560645,0.0
s3-joint,pt0.25_dt-15_m0.1_seed241,3.5,0.3,0.1,0.2,6.0,184.5,34.3,19.0,10.7,39.6,0.3,9.3,5.3,94,88,206428.0,0.0,8884.0,0.55,,241.0,,0.25,-15.0,0.1,0.0,-25.000000000000007,0.0,-50.0,7.1428571428571495,73.72881355932202,58.06451612903225,47.28682170542635,46.575342465753415,21.100917431192652,49.999999999999986,13.41463414634148,-5.357142857142854,0.0,0.0,-3.905631744081036,17.249571070344462,0.0
s3-joint,pt0.25_dt-15_m0.1_seed248,3.1,0.4,0.1,0.3,0.1,81.5,16.2,44.8,5.5,14.4,0.2,9.8,5.2,94,88,229437.0,0.0,4925.0,0.55,,248.0,,0.25,-15.0,0.1,-11.428571428571425,0.0,0.0,-25.000000000000007,-98.21428571428572,-23.258003766478343,-25.34562211981567,247.28682170542635,-24.65753424657534,-55.963302752293586,0.0,19.51219512195124,-7.142857142857134,0.0,0.0,6.805295645616289,-35.000659891777744,0.0
s3-joint,pt0.25_dt-15_m0.1_seed255,3.6,0.4,0.1,0.3,0.1,97.1,12.0,6.9,1.3,19.4,0.2,6.7,5.0,94,88,230639.0,0.0,4949.0,0.55,,255.0,,0.25,-15.0,0.1,2.85714285714286,0.0,0.0,-25.000000000000007,-98.21428571428572,-8.568738229755187,-44.70046082949309,-46.51162790697674,-82.19178082191782,-40.672782874617745,0.0,-18.292682926829258,-10.714285714285708,0.0,0.0,7.364839073075813,-34.68391183845849,0.0
s3-joint,pt0.25_dt-15_m0.1_seed262,3.1,0.4,0.1,0.3,5.7,128.8,26.1,13.6,4.5,2.9,0.2,8.0,6.0,94,88,222060.0,0.0,5075.0,0.55,,262.0,,0.25,-15.0,0.1,-11.428571428571425,0.0,0.0,-25.000000000000007,1.7857142857142954,21.280602636534848,20.276497695852544,5.426356589147281,-38.35616438356164,-91.13149847094802,0.0,-2.439024390243894,7.1428571428571495,0.0,0.0,3.3712258749266826,-33.020984558532405,0.0
s3-joint,pt0.25_dt-30_m0.05_seed101,3.3,0.4,0.1,0.2,0.1,114.8,26.2,21.6,8.2,27.2,0.3,9.6,5.8,94,88,217827.0,0.0,6874.0,0.55,,101.0,,0.25,-30.0,0.05,-5.71428571428572,0.0,0.0,-50.0,-98.21428571428572,8.097928436911483,20.737327188940093,67.44186046511629,12.328767123287664,-16.819571865443432,49.999999999999986,17.073170731707325,3.5714285714285747,0.0,0.0,1.4007206100047482,-9.278078395143197,0.0
s3-joint,pt0.25_dt-30_m0.05_seed108,3.4,0.4,0.1,0.3,0.1,110.3,13.9,7.8,1.2,21.7,0.3,6.8,6.2,94,88,226096.0,0.0,5811.0,0.55,,108.0,,0.25,-30.0,0.05,-2.85714285714286,0.0,0.0,-25.000000000000007,-98.21428571428572,3.860640301318262,-35.94470046082949,-39.53488372093024,-83.56164383561644,-33.63914373088686,49.999999999999986,-17.073170731707314,10.714285714285724,0.0,0.0,5.250025603068644,-23.30737759007523,0.0
s3-joint,pt0.25_dt-30_m0.05_seed115,3.4,0.4,0.1,0.3,0.1,124.5,20.0,10.1,1.9,17.3,0.3,7.4,6.5,94,88,231247.0,0.0,5355.0,0.55,,115.0,,0.25,-30.0,0.05,-2.85714285714286,0.0,0.0,-25.000000000000007,-98.21428571428572,17.231638418079093,-7.834101382488476,-21.705426356589154,-73.97260273972603,-47.094801223241596,49.999999999999986,-9.756097560975597,16.071428571428577,0.0,0.0,7.647869359178467,-29.325590603141084,0.0
s3-joint,pt0.25_dt-30_m0.05_seed122,10.2,5.2,2.1,0.2,36.1,213.9,51.3,31.0,15.0,15.1,1.2,19.1,7.7,94,88,188998.0,0.0,11488.0,0.55,,122.0,,0.25,-30.0,0.05,191.42857142857142,1199.9999999999998,2000.0,-50.0,544.6428571428572,101.41242937853107,136.40552995391704,140.31007751937986,105.47945205479452,-53.822629969418955,500.0,132.92682926829272,37.500000000000014,0.0,0.0,-12.019476952583116,51.616734855483706,0.0
s3-joint,pt0.25_dt-30_m0.05_seed129,3.6,0.4,0.1,0.2,0.1,137.2,23.1,17.4,5.1,26.7,0.3,8.8,5.8,94,88,219329.0,0.0,6842.0,0.55,,129.0,,0.25,-30.0,0.05,2.85714285714286,0.0,0.0,-50.0,-98.21428571428572,29.19020715630884,6.451612903225816,34.88372093023254,-30.136986301369866,-18.34862385321102,49.999999999999986,7.3170731707317245,3.5714285714285747,0.0,0.0,2.0999171391596607,-9.700409132902205,0.0
s3-joint,pt0.25_dt-30_m0.05_seed136,3.5,0.4,0.1,0.3,0.1,114.7,24.6,10.1,2.2,19.9,0.3,8.1,5.9,94,88,229391.0,0.0,5782.0,0.55,,136.0,,0.25,-30.0,0.05,0.0,0.0,0.0,-25.000000000000007,-98.21428571428572,8.00376647834275,13.364055299539181,-21.705426356589154,-69.86301369863014,-39.143730886850165,49.999999999999986,-1.219512195121947,5.35714285714287,0.0,0.0,6.783882170022997,-23.690114821169328,0.0
s3-joint,pt0.25_dt-30_m0.05_seed143,4.9,2.8,0.8,0.3,23.8,209.2,39.0,18.2,9.4,3.9,0.5,9.4,7.4,94,88,205185.0,0.0,8750.0,0.55,,143.0,,0.25,-30.0,0.05,40.00000000000001,599.9999999999999,700.0,-25.000000000000007,325.0000000000001,96.98681732580036,79.72350230414747,41.085271317829445,28.767123287671243,-88.07339449541286,149.99999999999997,14.634146341463428,32.14285714285715,0.0,0.0,-4.48426109543893,15.481061105978618,0.0
s3-joint,pt0.25_dt-30_m0.05_seed150,3.6,0.4,0.1,0.3,0.1,94.8,9.4,9.1,1.3,27.0,0.3,5.8,6.8,94,88,227265.0,0.0,5930.0,0.55,,150.0,,0.25,-30.0,0.05,2.85714285714286,0.0,0.0,-25.000000000000007,-98.21428571428572,-10.734463276836163,-56.68202764976959,-29.457364341085274,-82.19178082191782,-17.431192660550465,49.999999999999986,-29.268292682926827,21.428571428571434,0.0,0.0,5.794207189341676,-21.73683515903392,0.0
s3-joint,pt0.25_dt-30_m0.05_seed157,3.5,0.4,0.1,0.2,0.1,114.2,11.8,11.1,1.3,32.2,0.2,5.5,8.5,94,88,221848.0,0.0,6536.0,0.55,,157.0,,0.25,-30.0,0.05,0.0,0.0,0.0,-50.0,-98.21428571428572,7.532956685499058,-45.6221198156682,-13.953488372093029,-82.19178082191782,-1.5290519877675839,0.0,-32.92682926829268,51.78571428571429,0.0,0.0,3.2725376830619406,-13.738946812722713,0.0
s3-joint,pt0.25_dt-30_m0.05_seed164,3.4,0.4,0.1,0.2,0.1,91.7,19.0,15.4,1.3,19.3,0.3,8.4,5.4,94,88,228723.0,0.0,5469.0,0.55,,164.0,,0.25,-30.0,0.05,-2.85714285714286,0.0,0.0,-50.0,-98.21428571428572,-13.653483992467045,-12.442396313364053,19.37984496124031,-82.19178082191782,-40.97859327217125,49.999999999999986,2.4390243902439157,-3.5714285714285587,0.0,0.0,6.472921263581265,-27.821037349874622,0.0
s3-joint,pt0.25_dt-30_m0.05_seed171,3.6,0.4,0.1,0.3,0.1,125.3,26.9,32.3,6.0,32.1,0.2,10.2,6.3,94,88,219984.0,0.0,7486.0,0.55,,171.0,,0.25,-30.0,0.05,2.85714285714286,0.0,0.0,-25.000000000000007,-98.21428571428572,17.984934086628996,23.963133640552993,150.38759689922477,-17.80821917808219,-1.8348623853211052,0.0,24.39024390243903,12.500000000000004,0.0,0.0,2.404826411194593,-1.2010030355021777,0.0
s3-joint,pt0.25_dt-30_m0.05_seed178,3.5,0.4,0.1,0.3,0.1,87.9,15.2,19.5,1.6,4.0,0.2,7.7,5.6,94,88,241192.0,0.0,3769.0,0.55,,178.0,,0.25,-30.0,0.05,0.0,0.0,0.0,-25.000000000000007,-98.21428571428572,-17.231638418079093,-29.95391705069125,51.16279069767441,-78.0821917808219,-87.76758409785933,0.0,-6.0975609756097455,0.0,0.0,0.0,12.277369680380602,-50.2573577933219,0.0
s3-joint,pt0.25_dt-30_m0.05_seed185,3.6,0.4,0.1,0.4,0.7,119.1,24.6,11.3,1.4,34.6,0.2,7.7,7.0,94,88,217756.0,0.0,7936.0,0.55,,185.0,,0.25,-30.0,0.05,2.85714285714286,0.0,0.0,0.0,-87.5,12.146892655367223,13.364055299539181,-12.403100775193796,-80.82191780821918,5.810397553516815,0.0,-6.0975609756097455,25.000000000000007,0.0,0.0,1.3676693759368395,4.738022964233866,0.0
s3-joint,pt0.25_dt-30_m0.05_seed192,3.5,0.4,0.1,0.3,0.1,117.6,19.2,12.2,1.2,32.5,0.2,8.1,6.8,94,88,222221.0,0.0,6730.0,0.55,,192.0,,0.25,-30.0,0.05,0.0,0.0,0.0,-25.000000000000007,-98.21428571428572,10.73446327683615,-11.52073732718894,-5.426356589147295,-83.56164383561644,-0.6116207951070424,0.0,-1.219512195121947,21.428571428571434,0.0,0.0,3.4461730395032073,-11.17856671505873,0.0
s3-joint,pt0.25_dt-30_m0.05_seed199,3.3,0.4,0.1,0.3,4.7,153.7,21.3,12.9,4.4,3.3,0.2,7.7,5.2,94,88,222688.0,0.0,5352.0,0.55,,199.0,,0.25,-30.0,0.05,-5.71428571428572,0.0,0.0,-25.000000000000007,-16.071428571428566,44.72693032015064,-1.8433179723502238,0.0,-39.72602739726027,-89.90825688073394,0.0,-6.0975609756097455,-7.142857142857134,0.0,0.0,3.663566367809029,-29.36518410980599,0.0
s3-joint,pt0.25_dt-30_m0.05_seed206,3.6,0.4,0.1,0.3,0.1,133.0,20.5,14.3,8.0,27.4,0.2,8.2,5.6,94,88,221291.0,0.0,6767.0,0.55,,206.0,,0.25,-30.0,0.05,2.85714285714286,0.0,0.0,-25.000000000000007,-98.21428571428572,25.23540489642184,-5.529953917050688,10.852713178294577,9.589041095890414,-16.207951070336403,0.0,0.0,0.0,0.0,0.0,3.0132484242475024,-10.690246799524877,0.0
s3-joint,pt0.25_dt-30_m0.05_seed213,3.4,0.7,0.1,0.5,4.7,166.2,24.2,19.3,5.8,45.7,0.3,6.3,10.6,94,88,206758.0,0.0,9522.0,0.55,,213.0,,0.25,-30.0,0.05,-2.85714285714286,74.99999999999997,0.0,24.999999999999993,-16.071428571428566,56.49717514124293,11.52073732718894,49.6124031007752,-20.547945205479454,39.75535168195719,49.999999999999986,-23.170731707317067,89.28571428571429,0.0,0.0,-3.7520133322161087,25.669790154414674,0.0
s3-joint,pt0.25_dt-30_m0.05_seed220,3.8,0.4,0.1,0.3,0.1,93.6,17.2,10.0,1.2,6.9,0.2,7.4,5.3,94,88,235067.0,0.0,4624.0,0.55,,220.0,,0.25,-30.0,0.05,8.571428571428566,0.0,0.0,-25.000000000000007,-98.21428571428572,-11.864406779661024,-20.737327188940093,-22.48062015503876,-83.56164383561644,-78.89908256880734,0.0,-9.756097560975597,-5.357142857142854,0.0,0.0,9.42611885409975,-38.97320839382341,0.0
s3-joint,pt0.25_dt-30_m0.05_seed227,3.5,0.4,0.2,0.3,15.1,210.5,32.6,18.3,11.4,3.1,0.2,9.2,6.3,94,88,208938.0,0.0,8097.0,0.55,,227.0,,0.25,-30.0,0.05,0.0,0.0,100.0,-25.000000000000007,169.64285714285717,98.21092278719397,50.230414746543794,41.86046511627907,56.16438356164385,-90.51987767584097,0.0,12.195121951219514,12.500000000000004,0.0,0.0,-2.7372007932296176,6.862874488583873,0.0
s3-joint,pt0.25_dt-30_m0.05_seed234,3.7,0.4,0.1,0.3,0.1,86.0,10.1,6.7,1.2,17.9,0.2,6.6,5.1,94,88,233551.0,0.0,4588.0,0.55,,234.0,,0.25,-30.0,0.05,5.71428571428572,0.0,0.0,-25.000000000000007,-98.21428571428572,-19.020715630885125,-53.45622119815668,-48.06201550387597,-83.56164383561644,-45.2599388379205,0.0,-19.51219512195122,-8.928571428571429,0.0,0.0,8.720405180199052,-39.448330473802294,0.0
s3-joint,pt0.25_dt-30_m0.05_seed241,3.3,0.4,0.1,0.3,0.1,104.2,13.0,13.7,1.4,19.8,0.2,7.7,5.2,94,88,228885.0,0.0,5347.0,0.55,,241.0,,0.25,-30.0,0.05,-5.71428571428572,0.0,0.0,-25.000000000000007,-98.21428571428572,-1.8832391713747645,-40.09216589861751,6.201550387596891,-80.82191780821918,-39.44954128440367,0.0,-6.0975609756097455,-7.142857142857134,0.0,0.0,6.548333938496774,-29.431173287580837,0.0
s3-joint,pt0.25_dt-30_m0.05_seed248,3.5,0.4,0.1,0.3,0.1,87.4,12.7,14.2,1.4,15.4,0.3,7.2,5.2,94,88,234029.0,0.0,4211.0,0.55,,248.0,,0.25,-30.0,0.05,0.0,0.0,0.0,-25.000000000000007,-98.21428571428572,-17.702448210922782,-41.474654377880185,10.077519379844952,-80.82191780821918,-52.905198776758425,49.999999999999986,-12.195121951219502,-7.142857142857134,0.0,0.0,8.942919122233704,-44.42391447802561,0.0
s3-joint,pt0.25_dt-30_m0.05_seed255,3.5,0.4,0.1,0.3,0.1,114.3,10.2,8.6,1.3,28.6,0.2,6.1,6.8,94,88,222007.0,0.0,6187.0,0.55,,255.0,,0.25,-30.0,0.05,0.0,0.0,0.0,-25.000000000000007,-98.21428571428572,7.627118644067791,-52.995391705069125,-33.333333333333336,-82.19178082191782,-12.538226299694195,0.0,-25.609756097560975,21.428571428571434,0.0,0.0,3.3465538269604966,-18.34499142140689,0.0
s3-joint,pt0.25_dt-30_m0.05_seed262,3.6,0.5,0.6,0.4,19.1,177.7,34.7,16.4,11.1,18.6,0.3,9.8,5.8,94,88,208472.0,0.0,8300.0,0.55,,262.0,,0.25,-30.0,0.05,2.85714285714286,24.999999999999993,500.0,0.0,241.0714285714286,67.32580037664782,59.907834101382505,27.131782945736422,52.054794520547944,-43.11926605504588,49.999999999999986,19.51219512195124,3.5714285714285747,0.0,0.0,-2.9541286111964546,9.542035106242576,0.0
s3-joint,pt0.25_dt-30_m0.0_seed101,15.9,4.7,4.0,0.3,41.2,370.8,70.8,43.4,21.3,15.6,3.2,22.5,7.5,94,88,178852.0,0.0,15207.0,0.55,,101.0,,0.25,-30.0,0.0,354.28571428571433,1074.9999999999998,3900.0,-25.000000000000007,635.7142857142858,249.15254237288136,226.26728110599075,236.43410852713177,191.78082191780823,-52.293577981651374,1500.0,174.39024390243904,33.92857142857144,0.0,0.0,-16.742544851921163,100.69948528441334,0.0
s3-joint,pt0.25_dt-30_m0.0_seed108,3.7,0.8,0.1,0.5,9.7,217.9,54.3,114.6,18.2,49.4,0.3,23.6,6.7,94,88,200136.0,0.0,12147.0,0.55,,108.0,,0.25,-30.0,0.0,5.71428571428572,100.0,0.0,24.999999999999993,73.21428571428571,105.1789077212806,150.23041474654374,788.3720930232557,149.31506849315065,51.07033639143729,49.999999999999986,187.80487804878052,19.642857142857153,0.0,0.0,-6.8346227969723214,60.31410848620826,0.0
s3-joint,pt0.25_dt-30_m0.0_seed115,3.6,0.4,0.1,0.4,0.2,99.0,16.4,13.2,2.6,15.6,0.2,7.3,5.5,94,88,232024.0,0.0,5861.0,0.55,,115.0,,0.25,-30.0,0.0,2.85714285714286,0.0,0.0,0.0,-96.42857142857143,-6.779661016949155,-24.42396313364056,2.325581395348829,-64.3835616438356,-52.293577981651374,0.0,-10.975609756097555,-1.7857142857142794,0.0,0.0,8.009570892569524,-22.647485812326778,0.0
s3-joint,pt0.25_dt-30_m0.0_seed122,4.0,0.9,0.1,0.9,8.4,151.4,29.9,25.5,7.6,51.3,0.3,7.0,11.9,94,88,202643.0,0.0,10765.0,0.55,,122.0,,0.25,-30.0,0.0,14.285714285714285,125.0,0.0,125.0,50.000000000000014,42.56120527306968,37.78801843317972,97.67441860465115,4.109589041095888,56.88073394495411,49.999999999999986,-14.634146341463408,112.50000000000003,0.0,0.0,-5.667588377137856,42.07469974924113,0.0
s3-joint,pt0.25_dt-30_m0.0_seed129,3.6,0.4,0.1,0.5,1.9,126.5,32.0,26.7,11.4,28.5,0.2,10.7,5.9,94,88,214036.0,0.0,8469.0,0.55,,129.0,,0.25,-30.0,0.0,2.85714285714286,0.0,0.0,24.999999999999993,-66.07142857142857,19.114877589453858,47.46543778801844,106.9767441860465,56.16438356164385,-12.844036697247713,0.0,30.487804878048784,5.35714285714287,0.0,0.0,-0.36402908508597975,11.772469315032334,0.0
s3-joint,pt0.25_dt-30_m0.0_seed136,3.8,0.9,0.1,0.9,5.2,149.2,19.0,14.3,3.6,36.7,0.2,8.0,6.5,94,88,214392.0,0.0,8825.0,0.55,,136.0,,0.25,-30.0,0.0,8.571428571428566,125.0,0.0,125.0,-7.142857142857134,40.489642184557425,-12.442396313364053,10.852713178294577,-50.68493150684932,12.232415902140671,0.0,-2.439024390243894,16.071428571428577,0.0,0.0,-0.19830740440745187,16.470898772601295,0.0
s3-joint,pt0.25_dt-30_m0.0_seed143,29.7,8.6,5.3,2.0,61.0,417.6,83.9,47.9,35.0,12.5,6.3,30.4,12.0,94,88,169963.0,0.0,17295.0,0.55,,143.0,,0.25,-30.0,0.0,748.5714285714286,2049.9999999999995,5200.0,400.0,989.2857142857142,293.22033898305085,286.63594470046087,271.3178294573643,379.45205479452056,-61.773700305810394,3049.9999999999995,270.7317073170732,114.2857142857143,0.0,0.0,-20.88046625515553,128.2565659231886,0.0
s3-joint,pt0.25_dt-30_m0.0_seed150,3.9,0.4,0.1,0.2,0.6,117.8,16.5,13.8,4.2,21.5,0.3,7.3,5.1,94,88,227979.0,0.0,6070.0,0.55,,150.0,,0.25,-30.0,0.0,11.428571428571425,0.0,0.0,-50.0,-89.28571428571429,10.92278719397363,-23.963133640552993,6.976744186046514,-42.465753424657535,-34.25076452599389,49.999999999999986,-10.975609756097555,-8.928571428571429,0.0,0.0,6.1265815713767005,-19.88913818133826,0.0
s3-joint,pt0.25_dt-30_m0.0_seed157,3.6,0.5,0.1,0.5,2.4,181.8,33.6,29.5,15.4,37.8,0.2,11.1,5.9,94,88,211415.0,0.0,9718.0,0.55,,157.0,,0.25,-30.0,0.0,2.85714285714286,24.999999999999993,0.0,24.999999999999993,-57.14285714285714,71.18644067796612,54.83870967741936,128.68217054263567,110.95890410958906,15.59633027522934,0.0,35.365853658536594,5.35714285714287,0.0,0.0,-1.5841316835646921,28.2565659231886,0.0
s3-joint,pt0.25_dt-30_m0.0_seed164,3.7,0.4,0.1,0.4,0.1,129.0,21.7,29.7,7.1,24.0,0.3,9.3,5.6,94,88,223779.0,0.0,7014.0,0.55,,164.0,,0.25,-30.0,0.0,5.71428571428572,0.0,0.0,0.0,-98.21428571428572,21.46892655367231,0.0,130.23255813953486,-2.739726027397263,-26.60550458715597,49.999999999999986,13.41463414634148,0.0,0.0,0.0,4.171438147641259,-7.430381417447538,0.0
s3-joint,pt0.25_dt-30_m0.0_seed171,3.6,0.7,0.1,0.7,4.7,141.6,27.5,15.8,4.8,42.7,0.2,8.7,6.8,94,88,209824.0,0.0,9371.0,0.55,,171.0,,0.25,-30.0,0.0,2.85714285714286,74.99999999999997,0.0,74.99999999999997,-16.071428571428566,33.33333333333333,26.72811059907835,22.48062015503876,-34.24657534246575,30.58103975535168,0.0,6.097560975609757,21.428571428571434,0.0,0.0,-2.3247586328892367,23.676916985614362,0.0
s3-joint,pt0.25_dt-30_m0.0_seed178,3.6,0.4,0.1,0.4,2.0,135.6,24.1,15.8,3.6,40.9,0.2,6.2,10.8,94,88,213332.0,0.0,8663.0,0.55,,178.0,,0.25,-30.0,0.0,2.85714285714286,0.0,0.0,0.0,-64.28571428571428,27.683615819209027,11.059907834101393,22.48062015503876,-50.68493150684932,25.076452599388364,0.0,-24.390243902439014,92.85714285714289,0.0,0.0,-0.6917483637311584,14.33284941269632,0.0
s3-joint,pt0.25_dt-30_m0.0_seed185,17.9,5.7,3.5,0.3,49.3,353.9,83.2,35.2,19.6,7.2,3.0,23.4,21.6,94,88,181551.0,0.0,13831.0,0.55,,185.0,,0.25,-30.0,0.0,411.4285714285714,1324.9999999999998,3400.0,-25.000000000000007,780.3571428571428,233.23917137476457,283.41013824884794,172.8682170542636,168.49315068493152,-77.98165137614679,1399.9999999999998,185.3658536585366,285.7142857142857,0.0,0.0,-15.48613244700165,82.53926356077604,0.0
s3-joint,pt0.25_dt-30_m0.0_seed192,4.1,1.0,0.1,1.0,3.4,148.4,34.5,32.6,12.9,36.0,0.2,10.9,7.8,94,88,209928.0,0.0,10079.0,0.55,,192.0,,0.25,-30.0,0.0,17.14285714285713,149.99999999999997,0.0,149.99999999999997,-39.285714285714285,39.736346516007536,58.986175115207374,152.71317829457368,76.7123287671233,10.091743119266045,0.0,32.9268292682927,39.28571428571429,0.0,0.0,-2.276345557634835,33.020984558532405,0.0
s3-joint,pt0.25_dt-30_m0.0_seed199,18.3,6.5,3.1,0.3,45.4,335.3,82.8,39.6,19.6,11.3,3.0,24.1,9.7,94,88,177736.0,0.0,15306.0,0.55,,199.0,,0.25,-30.0,0.0,422.8571428571429,1524.9999999999998,3000.0,-25.000000000000007,710.7142857142857,215.7250470809793,281.5668202764977,206.97674418604652,168.49315068493152,-65.4434250764526,1399.9999999999998,193.90243902439028,73.21428571428571,0.0,0.0,-17.262054390228005,102.00607100435528,0.0
s3-joint,pt0.25_dt-30_m0.0_seed206,3.6,0.7,0.1,0.5,9.3,200.8,44.1,32.3,12.6,46.5,0.2,12.6,7.1,94,88,199945.0,0.0,11488.0,0.55,,206.0,,0.25,-30.0,0.0,2.85714285714286,74.99999999999997,0.0,24.999999999999993,66.0714285714286,89.07721280602637,103.22580645161293,150.38759689922477,72.6027397260274,42.201834862385304,0.0,53.658536585365866,26.785714285714285,0.0,0.0,-6.923535271718386,51.616734855483706,0.0
s3-joint,pt0.25_dt-30_m0.0_seed213,22.4,6.9,3.4,0.3,50.5,324.2,67.3,40.8,17.8,16.3,4.3,21.4,9.8,94,88,176478.0,0.0,14476.0,0.55,,213.0,,0.25,-30.0,0.0,540.0,1625.0,3299.999999999999,-25.000000000000007,801.7857142857142,205.27306967984936,210.13824884792623,216.27906976744185,143.83561643835617,-50.152905198776764,2049.9999999999995,160.97560975609758,75.00000000000003,0.0,0.0,-17.847666396670668,91.05186749373104,0.0
s3-joint,pt0.25_dt-30_m0.0_seed220,10.8,4.2,1.6,0.3,37.8,291.4,52.1,29.7,11.9,31.8,1.3,17.6,8.3,94,88,186642.0,0.0,12934.0,0.55,,220.0,,0.25,-30.0,0.0,208.57142857142858,950.0,1500.0,-25.000000000000007,575.0,174.38794726930317,140.09216589861754,130.23255813953486,63.01369863013699,-2.752293577981658,550.0,114.63414634146345,48.21428571428574,0.0,0.0,-13.116219311230903,70.70080506796886,0.0
s3-joint,pt0.25_dt-30_m0.0_seed227,3.8,0.9,0.1,1.1,7.9,228.8,55.3,56.4,18.4,51.3,0.2,15.6,8.2,94,88,196653.0,0.0,12689.0,0.55,,227.0,,0.25,-30.0,0.0,8.571428571428566,125.0,0.0,175.0,41.071428571428584,115.44256120527308,154.83870967741933,337.20930232558135,152.05479452054792,56.88073394495411,0.0,90.24390243902441,46.42857142857142,0.0,0.0,-8.455995307655783,67.46733535700146,0.0
s3-joint,pt0.25_dt-30_m0.0_seed234,3.9,0.8,0.1,0.7,8.5,146.6,30.1,20.0,7.5,46.3,0.3,6.5,12.1,94,88,205094.0,0.0,10275.0,0.55,,234.0,,0.25,-30.0,0.0,11.428571428571425,100.0,0.0,74.99999999999997,51.78571428571429,38.041431261770235,38.70967741935485,55.03875968992248,2.739726027397263,41.59021406727826,49.999999999999986,-20.731707317073162,116.07142857142858,0.0,0.0,-4.52662253628653,35.60776032730632,0.0
s3-joint,pt0.25_dt-30_m0.0_seed241,3.7,0.7,0.1,0.7,5.0,204.9,63.7,35.5,14.8,41.6,0.2,14.2,10.4,94,88,204498.0,0.0,11283.0,0.55,,241.0,,0.25,-30.0,0.0,5.71428571428572,74.99999999999997,0.0,74.99999999999997,-10.714285714285708,92.93785310734464,193.5483870967742,175.19379844961242,102.73972602739727,27.217125382262992,0.0,73.17073170731709,85.71428571428574,0.0,0.0,-4.804066698321369,48.91117856671506,0.0
s3-joint,pt0.25_dt-30_m0.0_seed248,3.5,0.7,0.1,0.7,5.8,147.8,31.9,21.9,6.5,48.4,0.2,7.7,12.7,94,88,206526.0,0.0,10152.0,0.55,,248.0,,0.25,-30.0,0.0,0.0,74.99999999999997,0.0,74.99999999999997,3.5714285714285747,39.171374764595114,47.004608294930875,69.7674418604651,-10.958904109589039,48.012232415902126,0.0,-6.0975609756097455,126.78571428571428,0.0,0.0,-3.8600117308605424,33.984426554045136,0.0
s3-joint,pt0.25_dt-30_m0.0_seed255,4.2,1.0,0.1,1.7,10.3,159.4,34.5,23.6,9.0,53.3,0.2,6.7,14.2,94,88,199720.0,0.0,11287.0,0.55,,255.0,,0.25,-30.0,0.0,20.000000000000004,149.99999999999997,0.0,324.99999999999994,83.92857142857146,50.09416195856874,58.986175115207374,82.94573643410853,23.28767123287672,62.99694189602444,0.0,-18.292682926829258,153.57142857142858,0.0,0.0,-7.028275097989926,48.963969908934935,0.0
s3-joint,pt0.25_dt-30_m0.0_seed262,3.7,0.4,0.1,0.2,5.9,197.4,48.3,27.2,16.6,30.9,0.2,12.0,7.2,94,88,205142.0,0.0,11061.0,0.55,,262.0,,0.25,-30.0,0.0,5.71428571428572,0.0,0.0,-50.0,5.35714285714287,85.87570621468926,122.58064516129032,110.85271317829456,127.39726027397262,-5.504587155963316,0.0,46.34146341463416,28.57142857142858,0.0,0.0,-4.504278040015269,45.98125907351194,0.0
s3-joint,pt0.25_dt-30_m0.15_seed101,3.4,0.4,0.1,0.3,0.1,36.8,0.2,2.2,1.1,3.3,0.2,5.3,5.0,94,88,252208.0,0.0,1092.0,0.55,,101.0,,0.25,-30.0,0.15,-2.85714285714286,0.0,0.0,-25.000000000000007,-98.21428571428572,-65.34839924670433,-99.07834101382488,-82.94573643410853,-84.93150684931507,-89.90825688073394,0.0,-35.36585365853659,-10.714285714285708,0.0,0.0,17.405431574635273,-85.58796357397387,0.0
s3-joint,pt0.25_dt-30_m0.15_seed108,3.0,0.4,0.1,0.3,0.1,37.5,4.0,2.5,1.1,3.3,0.2,5.7,5.0,94,88,250024.0,0.0,1086.0,0.55,,108.0,,0.25,-30.0,0.15,-14.285714285714285,0.0,0.0,-25.000000000000007,-98.21428571428572,-64.68926553672316,-81.5668202764977,-80.62015503875969,-84.93150684931507,-89.90825688073394,0.0,-30.487804878048774,-10.714285714285708,0.0,0.0,16.388756994292844,-85.66715058730368,0.0
s3-joint,pt0.25_dt-30_m0.15_seed115,3.4,0.4,0.1,0.4,0.1,72.6,13.5,8.3,1.2,4.0,0.2,6.9,5.3,94,88,242528.0,0.0,2758.0,0.55,,115.0,,0.25,-30.0,0.15,-2.85714285714286,0.0,0.0,0.0,-98.21428571428572,-31.638418079096052,-37.78801843317972,-35.65891472868217,-83.56164383561644,-87.76758409785933,0.0,-15.853658536585355,-5.357142857142854,0.0,0.0,12.899291493264064,-63.600369539395544,0.0
s3-joint,pt0.25_dt-30_m0.15_seed122,3.4,0.5,0.1,0.4,0.1,18.2,0.1,2.3,1.2,3.2,0.2,5.3,5.0,94,88,254899.0,0.0,596.0,0.55,,122.0,,0.25,-30.0,0.15,-2.85714285714286,24.999999999999993,0.0,0.0,-98.21428571428572,-82.86252354048965,-99.53917050691243,-82.17054263565893,-83.56164383561644,-90.21406727828747,0.0,-35.36585365853659,-10.714285714285708,0.0,0.0,18.65811989684291,-92.13409000923849,0.0
s3-joint,pt0.25_dt-30_m0.15_seed129,3.1,0.4,0.1,0.3,0.1,9.3,0.1,2.3,1.2,3.0,0.2,5.3,5.0,94,88,256947.0,0.0,501.0,0.55,,129.0,,0.25,-30.0,0.15,-11.428571428571425,0.0,0.0,-25.000000000000007,-98.21428571428572,-91.24293785310734,-99.53917050691243,-82.17054263565893,-83.56164383561644,-90.82568807339449,0.0,-35.36585365853659,-10.714285714285708,0.0,0.0,19.61148507108343,-93.38788438696054,0.0
s3-joint,pt0.25_dt-30_m0.15_seed136,3.3,0.4,0.1,0.3,0.1,55.7,3.9,2.4,1.3,3.5,0.2,5.6,5.0,94,88,249917.0,0.0,1427.0,0.55,,136.0,,0.25,-30.0,0.15,-5.71428571428572,0.0,0.0,-25.000000000000007,-98.21428571428572,-47.5517890772128,-82.02764976958527,-81.3953488372093,-82.19178082191782,-89.29663608562691,0.0,-31.70731707317073,-10.714285714285708,0.0,0.0,16.338947388021488,-81.16668866305926,0.0
s3-joint,pt0.25_dt-30_m0.15_seed143,3.1,0.4,0.1,0.3,0.1,81.0,4.7,2.8,1.1,3.4,0.2,5.8,5.0,94,88,247101.0,0.0,1961.0,0.55,,143.0,,0.25,-30.0,0.15,-11.428571428571425,0.0,0.0,-25.000000000000007,-98.21428571428572,-23.728813559322038,-78.3410138248848,-78.29457364341086,-84.93150684931507,-89.60244648318043,0.0,-29.268292682926827,-10.714285714285708,0.0,0.0,15.028070273440775,-74.11904447670582,0.0
s3-joint,pt0.25_dt-30_m0.15_seed150,3.2,0.4,0.1,0.3,0.1,80.5,10.2,6.7,1.1,3.2,0.2,6.3,5.4,94,88,236998.0,0.0,2193.0,0.55,,150.0,,0.25,-30.0,0.15,-8.571428571428566,0.0,0.0,-25.000000000000007,-98.21428571428572,-24.199623352165727,-52.995391705069125,-48.06201550387597,-84.93150684931507,-90.21406727828747,0.0,-23.170731707317067,-3.5714285714285587,0.0,0.0,10.325019318679068,-71.05714662795302,0.0
s3-joint,pt0.25_dt-30_m0.15_seed157,3.1,0.4,0.1,0.3,0.1,35.8,3.8,3.2,1.0,3.1,0.2,5.8,5.0,94,88,250875.0,0.0,1173.0,0.55,,157.0,,0.25,-30.0,0.15,-11.428571428571425,0.0,0.0,-25.000000000000007,-98.21428571428572,-66.29001883239172,-82.48847926267281,-75.19379844961239,-86.3013698630137,-90.51987767584097,0.0,-29.268292682926827,-10.714285714285708,0.0,0.0,16.78490629276876,-84.51893889402137,0.0
s3-joint,pt0.25_dt-30_m0.15_seed164,3.5,0.4,0.1,0.4,0.1,42.8,3.4,6.2,1.2,3.4,0.2,6.1,5.1,94,88,252354.0,0.0,1201.0,0.55,,164.0,,0.25,-30.0,0.15,0.0,0.0,0.0,0.0,-98.21428571428572,-59.69868173258004,-84.33179723502305,-51.93798449612403,-83.56164383561644,-89.60244648318043,0.0,-25.609756097560975,-8.928571428571429,0.0,0.0,17.473396084127028,-84.14939949848225,0.0
s3-joint,pt0.25_dt-30_m0.15_seed171,3.3,0.4,0.1,0.3,0.1,49.4,2.8,2.2,1.4,3.2,0.2,5.5,5.0,94,88,249595.0,0.0,1174.0,0.55,,171.0,,0.25,-30.0,0.15,-5.71428571428572,0.0,0.0,-25.000000000000007,-98.21428571428572,-53.483992467043315,-87.09677419354838,-82.94573643410853,-80.82191780821918,-90.21406727828747,0.0,-32.92682926829268,-10.714285714285708,0.0,0.0,16.18905305886844,-84.50574105846641,0.0
s3-joint,pt0.25_dt-30_m0.15_seed178,3.4,0.4,0.1,0.3,0.1,61.7,2.7,2.1,1.1,3.4,0.2,5.6,5.0,94,88,253221.0,0.0,1471.0,0.55,,178.0,,0.25,-30.0,0.15,-2.85714285714286,0.0,0.0,-25.000000000000007,-98.21428571428572,-41.90207156308851,-87.55760368663594,-83.72093023255815,-84.93150684931507,-89.60244648318043,0.0,-31.70731707317073,-10.714285714285708,0.0,0.0,17.8769935480267,-80.58598389864062,0.0
s3-joint,pt0.25_dt-30_m0.15_seed185,3.8,0.4,0.1,0.4,0.1,30.5,0.1,2.3,1.0,3.4,0.2,5.3,5.0,94,88,252089.0,0.0,1031.0,0.55,,185.0,,0.25,-30.0,0.15,8.571428571428566,0.0,0.0,0.0,-98.21428571428572,-71.28060263653484,-99.53917050691243,-82.17054263565893,-86.3013698630137,-89.60244648318043,0.0,-35.36585365853659,-10.714285714285708,0.0,0.0,17.3500358442961,-86.39303154282698,0.0
s3-joint,pt0.25_dt-30_m0.15_seed192,3.2,0.4,0.1,0.3,0.1,31.4,2.4,3.2,1.3,3.3,0.2,5.7,4.9,94,88,252419.0,0.0,1085.0,0.55,,192.0,,0.25,-30.0,0.15,-8.571428571428566,0.0,0.0,-25.000000000000007,-98.21428571428572,-70.43314500941621,-88.94009216589862,-75.19379844961239,-82.19178082191782,-89.90825688073394,0.0,-30.487804878048774,-12.499999999999988,0.0,0.0,17.50365425616103,-85.68034842285866,0.0
s3-joint,pt0.25_dt-30_m0.15_seed199,3.3,0.4,0.1,0.3,0.1,32.7,1.7,2.2,1.2,3.4,0.2,5.6,5.0,94,88,251541.0,0.0,1229.0,0.55,,199.0,,0.25,-30.0,0.15,-5.71428571428572,0.0,0.0,-25.000000000000007,-98.21428571428572,-69.2090395480226,-92.16589861751152,-82.94573643410853,-83.56164383561644,-89.60244648318043,0.0,-31.70731707317073,-10.714285714285708,0.0,0.0,17.094936178532524,-83.77986010294312,0.0
s3-joint,pt0.25_dt-30_m0.15_seed206,3.2,0.4,0.1,0.3,0.1,54.8,7.3,3.9,1.3,3.3,0.2,5.9,5.9,94,88,242838.0,0.0,1509.0,0.55,,206.0,,0.25,-30.0,0.15,-8.571428571428566,0.0,0.0,-25.000000000000007,-98.21428571428572,-48.39924670433145,-66.35944700460828,-69.76744186046511,-82.19178082191782,-89.90825688073394,0.0,-28.04878048780487,5.35714285714287,0.0,0.0,13.0435996983493,-80.08446614755181,0.0
s3-joint,pt0.25_dt-30_m0.15_seed213,3.5,0.4,0.1,0.3,0.1,26.8,0.1,2.3,1.1,3.2,0.2,5.3,5.0,94,88,254321.0,0.0,853.0,0.55,,213.0,,0.25,-30.0,0.15,0.0,0.0,0.0,-25.000000000000007,-98.21428571428572,-74.76459510357816,-99.53917050691243,-82.17054263565893,-84.93150684931507,-90.21406727828747,0.0,-35.36585365853659,-10.714285714285708,0.0,0.0,18.389054920909796,-88.74224627161146,0.0
s3-joint,pt0.25_dt-30_m0.15_seed220,3.0,0.4,0.1,0.4,0.1,29.9,2.2,2.5,1.4,3.4,0.2,5.6,5.0,94,88,252740.0,0.0,1003.0,0.55,,220.0,,0.25,-30.0,0.15,-14.285714285714285,0.0,0.0,0.0,-98.21428571428572,-71.84557438794728,-89.86175115207374,-80.62015503875969,-80.82191780821918,-89.60244648318043,0.0,-31.70731707317073,-10.714285714285708,0.0,0.0,17.653083074975097,-86.76257093836611,0.0
s3-joint,pt0.25_dt-30_m0.15_seed227,3.3,0.4,0.1,0.3,0.1,37.1,1.5,2.2,1.4,3.2,0.2,5.4,5.0,94,88,252026.0,0.0,1133.0,0.55,,227.0,,0.25,-30.0,0.15,-5.71428571428572,0.0,0.0,-25.000000000000007,-98.21428571428572,-65.0659133709981,-93.08755760368663,-82.94573643410853,-80.82191780821918,-90.21406727828747,0.0,-34.14634146341463,-10.714285714285708,0.0,0.0,17.32070869294007,-85.04685231622014,0.0
s3-joint,pt0.25_dt-30_m0.15_seed234,3.3,0.4,0.1,0.3,0.1,19.0,0.1,2.4,1.1,3.3,0.2,5.3,5.0,94,88,257115.0,0.0,740.0,0.55,,234.0,,0.25,-30.0,0.15,-5.71428571428572,0.0,0.0,-25.000000000000007,-98.21428571428572,-82.10922787193974,-99.53917050691243,-81.3953488372093,-84.93150684931507,-89.90825688073394,0.0,-35.36585365853659,-10.714285714285708,0.0,0.0,19.689690808032847,-90.23360168932295,0.0
s3-joint,pt0.25_dt-30_m0.15_seed241,3.2,0.4,0.1,0.3,0.1,53.0,1.9,2.2,1.3,7.8,0.2,5.6,5.0,94,88,243889.0,0.0,2377.0,0.55,,241.0,,0.25,-30.0,0.15,-8.571428571428566,0.0,0.0,-25.000000000000007,-98.21428571428572,-50.09416195856874,-91.24423963133641,-82.94573643410853,-82.19178082191782,-76.14678899082568,0.0,-31.70731707317073,-10.714285714285708,0.0,0.0,13.532851064622145,-68.62874488583873,0.0
s3-joint,pt0.25_dt-30_m0.15_seed248,3.2,0.4,0.1,0.3,0.1,15.6,0.1,2.3,1.1,3.1,0.2,5.3,5.0,94,88,254947.0,0.0,597.0,0.55,,248.0,,0.25,-30.0,0.15,-8.571428571428566,0.0,0.0,-25.000000000000007,-98.21428571428572,-85.31073446327684,-99.53917050691243,-82.17054263565893,-84.93150684931507,-90.51987767584097,0.0,-35.36585365853659,-10.714285714285708,0.0,0.0,18.68046439311417,-92.12089217368352,0.0
s3-joint,pt0.25_dt-30_m0.15_seed255,3.2,0.4,0.1,0.5,0.1,28.5,1.2,2.3,1.2,3.2,0.2,5.4,5.0,94,88,251787.0,0.0,797.0,0.55,,255.0,,0.25,-30.0,0.15,-8.571428571428566,0.0,0.0,24.999999999999993,-98.21428571428572,-73.1638418079096,-94.47004608294931,-82.17054263565893,-83.56164383561644,-90.21406727828747,0.0,-34.14634146341463,-10.714285714285708,0.0,0.0,17.209451721922743,-89.48132506268972,0.0
s3-joint,pt0.25_dt-30_m0.15_seed262,3.3,0.4,0.1,0.3,0.1,36.2,6.3,6.0,1.2,3.2,0.2,6.2,5.0,94,88,251094.0,0.0,1361.0,0.55,,262.0,,0.25,-30.0,0.15,-5.71428571428572,0.0,0.0,-25.000000000000007,-98.21428571428572,-65.91337099811676,-70.96774193548386,-53.48837209302326,-83.56164383561644,-90.21406727828747,0.0,-24.390243902439014,-10.714285714285708,0.0,0.0,16.886853057006395,-82.03774580968721,0.0
s3-joint,pt0.25_dt-30_m0.1_seed101,3.4,0.4,0.1,0.3,0.1,76.1,9.8,13.0,1.2,9.4,0.3,6.9,5.0,94,88,242644.0,0.0,3084.0,0.55,,101.0,,0.25,-30.0,0.1,-2.85714285714286,0.0,0.0,-25.000000000000007,-98.21428571428572,-28.342749529190215,-54.83870967741935,0.7751937984496096,-83.56164383561644,-71.25382262996942,49.999999999999986,-15.853658536585355,-10.714285714285708,0.0,0.0,12.953290692586283,-59.297875148475654,0.0
s3-joint,pt0.25_dt-30_m0.1_seed108,3.6,0.4,0.1,0.3,0.1,78.2,3.5,2.2,1.5,5.1,0.2,5.8,5.0,94,88,245107.0,0.0,2740.0,0.55,,108.0,,0.25,-30.0,0.1,2.85714285714286,0.0,0.0,-25.000000000000007,-98.21428571428572,-26.365348399246702,-83.87096774193549,-82.94573643410853,-79.45205479452055,-84.40366972477064,0.0,-29.268292682926827,-10.714285714285708,0.0,0.0,14.099842657505423,-63.83793057938498,0.0
s3-joint,pt0.25_dt-30_m0.1_seed115,3.3,0.4,0.1,0.3,0.1,97.3,12.2,6.2,1.1,3.3,0.2,6.7,5.0,94,88,237714.0,0.0,2911.0,0.55,,115.0,,0.25,-30.0,0.1,-5.71428571428572,0.0,0.0,-25.000000000000007,-98.21428571428572,-8.380414312617708,-43.77880184331797,-51.93798449612403,-84.93150684931507,-89.90825688073394,0.0,-18.292682926829258,-10.714285714285708,0.0,0.0,10.658324721392063,-61.58110069948528,0.0
s3-joint,pt0.25_dt-30_m0.1_seed122,3.4,0.4,0.1,0.3,0.1,77.3,8.1,6.1,1.5,10.7,0.2,6.4,5.0,94,88,239142.0,0.0,3395.0,0.55,,122.0,,0.25,-30.0,0.1,-2.85714285714286,0.0,0.0,-25.000000000000007,-98.21428571428572,-27.212806026365357,-62.67281105990783,-52.71317829457365,-79.45205479452055,-67.2782874617737,0.0,-21.95121951219511,-10.714285714285708,0.0,0.0,11.323073485462112,-55.193348290880294,0.0
s3-joint,pt0.25_dt-30_m0.1_seed129,3.3,0.4,0.1,0.3,0.1,83.0,12.2,14.8,1.2,10.9,0.3,7.2,5.1,94,88,236304.0,0.0,3657.0,0.55,,129.0,,0.25,-30.0,0.1,-5.71428571428572,0.0,0.0,-25.000000000000007,-98.21428571428572,-21.845574387947273,-43.77880184331797,14.728682170542637,-83.56164383561644,-66.66666666666667,49.999999999999986,-12.195121951219502,-8.928571428571429,0.0,0.0,10.001955143423736,-51.73551537547843,0.0
s3-joint,pt0.25_dt-30_m0.1_seed136,3.2,0.4,0.1,0.2,10.4,162.3,37.6,18.6,8.5,2.8,0.2,9.3,6.1,94,88,210960.0,0.0,6962.0,0.55,,136.0,,0.25,-30.0,0.1,-8.571428571428566,0.0,0.0,-50.0,85.71428571428574,52.82485875706215,73.27188940092168,44.186046511627914,16.438356164383563,-91.43730886850153,0.0,13.41463414634148,8.928571428571429,0.0,0.0,-1.795938887802698,-8.116668866305925,0.0
s3-joint,pt0.25_dt-30_m0.1_seed143,3.3,0.4,0.1,0.4,0.1,65.1,2.4,5.9,1.4,5.9,0.2,6.2,5.0,94,88,245849.0,0.0,2608.0,0.55,,143.0,,0.25,-30.0,0.1,-5.71428571428572,0.0,0.0,0.0,-98.21428571428572,-38.70056497175142,-88.94009216589862,-54.263565891472865,-80.82191780821918,-81.9571865443425,0.0,-24.390243902439014,-10.714285714285708,0.0,0.0,14.445251329032018,-65.58004487264088,0.0
s3-joint,pt0.25_dt-30_m0.1_seed150,3.6,0.4,0.1,0.3,0.1,79.8,8.3,6.7,1.1,10.4,0.2,6.6,5.1,94,88,238418.0,0.0,3390.0,0.55,,150.0,,0.25,-30.0,0.1,2.85714285714286,0.0,0.0,-25.000000000000007,-98.21428571428572,-24.858757062146896,-61.75115207373272,-48.06201550387597,-84.93150684931507,-68.19571865443426,0.0,-19.51219512195122,-8.928571428571429,0.0,0.0,10.986044000037241,-55.25933746865515,0.0
s3-joint,pt0.25_dt-30_m0.1_seed157,3.7,0.4,0.1,0.3,0.1,67.3,10.1,20.1,1.2,3.5,0.2,7.5,5.1,94,88,244828.0,0.0,2126.0,0.55,,157.0,,0.25,-30.0,0.1,5.71428571428572,0.0,0.0,-25.000000000000007,-98.21428571428572,-36.62900188323918,-53.45622119815668,55.81395348837211,-83.56164383561644,-89.29663608562691,0.0,-8.53658536585365,-8.928571428571429,0.0,0.0,13.969965272928711,-71.94140161013594,0.0
s3-joint,pt0.25_dt-30_m0.1_seed164,3.6,0.4,0.1,0.3,2.3,153.2,14.5,7.5,1.3,2.9,0.3,6.9,5.0,94,88,229906.0,0.0,3933.0,0.55,,164.0,,0.25,-30.0,0.1,2.85714285714286,0.0,0.0,-25.000000000000007,-58.92857142857143,44.256120527306955,-33.17972350230414,-41.86046511627907,-82.19178082191782,-91.13149847094802,49.999999999999986,-15.853658536585355,-10.714285714285708,0.0,0.0,7.023619994600081,-48.09291276230698,0.0
s3-joint,pt0.25_dt-30_m0.1_seed171,3.4,0.4,0.1,0.3,0.1,63.1,7.1,8.1,1.3,8.2,0.2,6.6,5.2,94,88,245285.0,0.0,2740.0,0.55,,171.0,,0.25,-30.0,0.1,-2.85714285714286,0.0,0.0,-25.000000000000007,-98.21428571428572,-40.58380414312618,-67.2811059907834,-37.2093023255814,-82.19178082191782,-74.92354740061162,0.0,-19.51219512195122,-7.142857142857134,0.0,0.0,14.182703497844686,-63.83793057938498,0.0
s3-joint,pt0.25_dt-30_m0.1_seed178,3.4,0.4,0.1,0.3,0.1,60.7,4.2,8.2,1.3,5.0,0.2,6.3,5.1,94,88,248263.0,0.0,2323.0,0.55,,178.0,,0.25,-30.0,0.1,-2.85714285714286,0.0,0.0,-25.000000000000007,-98.21428571428572,-42.84369114877589,-80.64516129032259,-36.43410852713179,-82.19178082191782,-84.70948012232417,0.0,-23.170731707317067,-8.928571428571429,0.0,0.0,15.568993287340913,-69.34142800580705,0.0
s3-joint,pt0.25_dt-30_m0.1_seed185,3.5,0.4,0.1,0.3,0.1,64.9,6.0,31.3,1.3,4.2,0.2,8.2,5.0,94,88,246615.0,0.0,2641.0,0.55,,185.0,,0.25,-30.0,0.1,0.0,0.0,0.0,-25.000000000000007,-98.21428571428572,-38.888888888888886,-72.35023041474655,142.63565891472868,-82.19178082191782,-87.1559633027523,0.0,0.0,-10.714285714285708,0.0,0.0,14.801832248694243,-65.14451629932691,0.0
s3-joint,pt0.25_dt-30_m0.1_seed192,3.2,0.4,0.1,0.2,0.1,91.2,5.8,7.6,1.3,8.7,0.2,6.5,5.1,94,88,239181.0,0.0,3024.0,0.55,,192.0,,0.25,-30.0,0.1,-8.571428571428566,0.0,0.0,-50.0,-98.21428571428572,-14.124293785310735,-73.27188940092165,-41.085271317829466,-82.19178082191782,-73.39449541284404,0.0,-20.731707317073162,-8.928571428571429,0.0,0.0,11.341228388682513,-60.08974528177379,0.0
s3-joint,pt0.25_dt-30_m0.1_seed199,3.0,0.4,0.1,0.2,0.1,107.2,25.0,33.4,6.0,18.7,0.2,9.6,5.4,94,88,224030.0,0.0,5538.0,0.55,,199.0,,0.25,-30.0,0.1,-14.285714285714285,0.0,0.0,-50.0,-98.21428571428572,0.9416195856873822,15.207373271889404,158.91472868217053,-17.80821917808219,-42.81345565749236,0.0,17.073170731707325,-3.5714285714285587,0.0,0.0,4.288281242726401,-26.91038669658176,0.0
s3-joint,pt0.25_dt-30_m0.1_seed206,3.2,0.4,0.1,0.3,0.1,87.0,5.9,8.3,1.4,4.4,0.2,6.4,5.1,94,88,242907.0,0.0,2986.0,0.55,,206.0,,0.25,-30.0,0.1,-8.571428571428566,0.0,0.0,-25.000000000000007,-98.21428571428572,-18.079096045197744,-72.81105990783409,-35.65891472868217,-80.82191780821918,-86.54434250764527,0.0,-21.95121951219511,-8.928571428571429,0.0,0.0,13.07571991173924,-60.59126303286261,0.0
s3-joint,pt0.25_dt-30_m0.1_seed213,3.6,0.4,0.1,0.3,0.1,70.5,5.5,21.0,1.2,3.5,0.2,7.2,5.0,94,88,246460.0,0.0,2145.0,0.55,,213.0,,0.25,-30.0,0.1,2.85714285714286,0.0,0.0,-25.000000000000007,-98.21428571428572,-33.61581920903955,-74.65437788018433,62.7906976744186,-83.56164383561644,-89.29663608562691,0.0,-12.195121951219502,-10.714285714285708,0.0,0.0,14.729678146151626,-71.69064273459152,0.0
s3-joint,pt0.25_dt-30_m0.1_seed220,3.8,0.4,0.1,0.4,0.1,70.8,9.2,20.7,1.3,5.0,0.2,7.2,5.1,94,88,244002.0,0.0,3029.0,0.55,,220.0,,0.25,-30.0,0.1,8.571428571428566,0.0,0.0,0.0,-98.21428571428572,-33.333333333333336,-57.603686635944705,60.465116279069754,-82.19178082191782,-84.70948012232417,0.0,-12.195121951219502,-8.928571428571429,0.0,0.0,13.585453732927407,-60.02375610399895,0.0
s3-joint,pt0.25_dt-30_m0.1_seed227,3.5,0.4,0.1,0.4,0.1,48.9,4.4,2.8,1.4,3.2,0.2,5.7,5.0,94,88,247695.0,0.0,1622.0,0.55,,227.0,,0.25,-30.0,0.1,0.0,0.0,0.0,0.0,-98.21428571428572,-53.95480225988701,-79.72350230414746,-78.29457364341086,-80.82191780821918,-90.21406727828747,0.0,-30.487804878048774,-10.714285714285708,0.0,0.0,15.304583414797643,-78.5931107298403,0.0
s3-joint,pt0.25_dt-30_m0.1_seed234,3.3,0.4,0.1,0.3,4.1,151.7,20.1,10.2,1.6,2.9,0.2,7.3,5.4,94,88,224590.0,0.0,4912.0,0.55,,234.0,,0.25,-30.0,0.1,-5.71428571428572,0.0,0.0,-25.000000000000007,-26.785714285714285,42.84369114877588,-7.373271889400912,-20.93023255813954,-78.0821917808219,-91.13149847094802,0.0,-10.975609756097555,-3.5714285714285587,0.0,0.0,4.548967032557793,-35.17223175399234,0.0
s3-joint,pt0.25_dt-30_m0.1_seed241,3.4,0.4,0.1,0.2,0.1,100.8,13.2,8.0,1.4,11.7,0.3,6.8,5.1,94,88,236412.0,0.0,3946.0,0.55,,241.0,,0.25,-30.0,0.1,-2.85714285714286,0.0,0.0,-50.0,-98.21428571428572,-5.0847457627118695,-39.1705069124424,-37.98449612403101,-80.82191780821918,-64.22018348623854,49.999999999999986,-17.073170731707314,-8.928571428571429,0.0,0.0,10.052230260034076,-47.92134090009238,0.0
s3-joint,pt0.25_dt-30_m0.1_seed248,3.3,0.4,0.1,0.3,0.1,98.7,22.0,17.8,4.0,5.0,0.2,8.4,5.1,94,88,233067.0,0.0,4070.0,0.55,,248.0,,0.25,-30.0,0.1,-5.71428571428572,0.0,0.0,-25.000000000000007,-98.21428571428572,-7.062146892655368,1.3824884792626762,37.98449612403101,-45.20547945205479,-84.70948012232417,0.0,2.4390243902439157,-8.928571428571429,0.0,0.0,8.495098176130492,-46.28480929127623,0.0
s3-joint,pt0.25_dt-30_m0.1_seed255,3.6,0.4,0.1,0.3,0.1,51.2,1.9,2.3,1.2,3.3,0.2,5.4,5.0,94,88,252821.0,0.0,1460.0,0.55,,255.0,,0.25,-30.0,0.1,2.85714285714286,0.0,0.0,-25.000000000000007,-98.21428571428572,-51.78907721280602,-91.24423963133641,-82.17054263565893,-83.56164383561644,-89.90825688073394,0.0,-34.14634146341463,-10.714285714285708,0.0,0.0,17.69078941243285,-80.73116008974527,0.0
s3-joint,pt0.25_dt-30_m0.1_seed262,3.2,0.4,0.1,0.3,0.8,132.6,17.4,10.1,2.6,6.0,0.2,7.2,5.3,94,88,228314.0,0.0,5133.0,0.55,,262.0,,0.25,-30.0,0.1,-8.571428571428566,0.0,0.0,-25.000000000000007,-85.71428571428572,24.858757062146882,-19.81566820276498,-21.705426356589154,-64.3835616438356,-81.65137614678899,0.0,-12.195121951219502,-5.357142857142854,0.0,0.0,6.282527534936551,-32.255510096344196,0.0
s3-joint,pt0.2_dt-15_m0.05_seed101,3.2,0.4,0.1,0.3,0.1,122.1,26.4,26.4,5.8,20.5,0.3,9.3,5.4,94,88,221553.0,0.0,6372.0,0.55,,101.0,,0.2,-15.0,0.05,-8.571428571428566,0.0,0.0,-25.000000000000007,-98.21428571428572,14.971751412429372,21.658986175115206,104.65116279069765,-20.547945205479454,-37.308868501529055,49.999999999999986,13.41463414634148,-3.5714285714285587,0.0,0.0,3.1352121330614753,-15.903391843737626,0.0
s3-joint,pt0.2_dt-15_m0.05_seed108,3.3,0.4,0.1,0.3,0.1,98.3,27.2,42.3,6.6,22.4,0.2,10.7,5.3,94,88,222963.0,0.0,6781.0,0.55,,108.0,,0.2,-15.0,0.05,-5.71428571428572,0.0,0.0,-25.000000000000007,-98.21428571428572,-7.438794726930325,25.34562211981567,227.906976744186,-9.589041095890414,-31.49847094801224,0.0,30.487804878048784,-5.357142857142854,0.0,0.0,3.791581711029802,-10.50547710175531,0.0
s3-joint,pt0.2_dt-15_m0.05_seed115,3.4,0.4,0.1,0.3,7.4,134.3,38.7,18.7,9.9,7.1,0.3,9.5,7.5,94,88,213854.0,0.0,7758.0,0.55,,115.0,,0.2,-15.0,0.05,-2.85714285714286,0.0,0.0,-25.000000000000007,32.14285714285715,26.459510357815454,78.34101382488481,44.961240310077514,35.616438356164394,-78.2874617737003,49.999999999999986,15.853658536585376,33.92857142857144,0.0,0.0,-0.44875196678118223,2.3888082354493863,0.0
s3-joint,pt0.2_dt-15_m0.05_seed122,3.3,0.4,0.1,0.3,0.2,130.8,25.3,13.9,4.3,31.1,0.3,8.4,6.5,94,88,215643.0,0.0,7321.0,0.55,,122.0,,0.2,-15.0,0.05,-5.71428571428572,0.0,0.0,-25.000000000000007,-96.42857142857143,23.163841807909613,16.58986175115208,7.751937984496124,-41.09589041095891,-4.892966360856273,49.999999999999986,2.4390243902439157,16.071428571428577,0.0,0.0,0.38404602966231877,-3.3786459020720603,0.0
s3-joint,pt0.2_dt-15_m0.05_seed129,3.3,0.4,0.1,0.4,0.4,134.2,32.3,31.6,10.6,20.1,0.3,10.5,6.3,94,88,218811.0,0.0,7574.0,0.55,,129.0,,0.2,-15.0,0.05,-5.71428571428572,0.0,0.0,0.0,-92.85714285714285,26.36534839924669,48.8479262672811,144.96124031007753,45.20547945205479,-38.53211009174312,49.999999999999986,28.04878048780489,12.500000000000004,0.0,0.0,1.858782783565623,-0.039593506664906956,0.0
s3-joint,pt0.2_dt-15_m0.05_seed136,3.3,0.3,0.1,0.3,2.0,112.3,24.1,12.4,6.3,33.4,0.2,8.7,5.6,94,88,216484.0,0.0,7180.0,0.55,,136.0,,0.2,-15.0,0.05,-5.71428571428572,-25.000000000000007,0.0,-25.000000000000007,-64.28571428571428,5.743879472693027,11.059907834101393,-3.875968992248062,-13.698630136986301,2.1406727828746046,0.0,6.097560975609757,0.0,0.0,0.0,0.7755402247483917,-5.239540715322687,0.0
s3-joint,pt0.2_dt-15_m0.05_seed143,3.3,0.4,0.1,0.3,3.7,128.2,56.6,19.7,10.6,23.7,0.3,10.8,10.2,94,88,214179.0,0.0,8195.0,0.55,,143.0,,0.2,-15.0,0.05,-5.71428571428572,0.0,0.0,-25.000000000000007,-33.928571428571416,20.715630885122398,160.82949308755764,52.71317829457364,45.20547945205479,-27.52293577981652,49.999999999999986,31.707317073170753,82.14285714285714,0.0,0.0,-0.2974611066111778,8.156262372970833,0.0
s3-joint,pt0.2_dt-15_m0.05_seed150,3.4,0.4,0.1,0.3,0.1,104.1,21.8,16.9,6.3,16.3,0.3,8.3,5.8,94,88,228208.0,0.0,5482.0,0.55,,150.0,,0.2,-15.0,0.05,-2.85714285714286,0.0,0.0,-25.000000000000007,-98.21428571428572,-1.977401129943511,0.4608294930875642,31.00775193798448,-13.698630136986301,-50.152905198776764,49.999999999999986,1.2195121951219685,3.5714285714285747,0.0,0.0,6.23318343900418,-27.649465487660024,0.0
s3-joint,pt0.2_dt-15_m0.05_seed157,3.5,0.4,0.1,0.3,2.5,114.8,22.7,25.2,7.5,18.9,0.2,9.1,5.9,94,88,222855.0,0.0,6651.0,0.55,,157.0,,0.2,-15.0,0.05,0.0,0.0,0.0,-25.000000000000007,-55.35714285714285,8.097928436911483,4.6082949308755765,95.34883720930232,2.739726027397263,-42.201834862385326,0.0,10.975609756097567,5.35714285714287,0.0,0.0,3.741306594419462,-12.22119572390128,0.0
s3-joint,pt0.2_dt-15_m0.05_seed164,4.1,2.7,1.3,0.2,21.6,213.8,38.2,21.2,11.7,4.5,0.2,10.1,6.4,94,88,203344.0,0.0,8659.0,0.55,,164.0,,0.2,-15.0,0.05,17.14285714285713,575.0,1199.9999999999998,-50.0,285.7142857142857,101.31826741996235,76.03686635944702,64.34108527131782,60.273972602739725,-86.23853211009175,0.0,23.17073170731708,14.285714285714299,0.0,0.0,-5.341265629509631,14.280058070476443,0.0
s3-joint,pt0.2_dt-15_m0.05_seed171,3.5,0.4,0.1,0.3,11.7,181.7,64.2,34.1,14.8,23.5,0.3,13.3,8.6,94,88,205842.0,0.0,9920.0,0.55,,171.0,,0.2,-15.0,0.05,0.0,0.0,0.0,-25.000000000000007,108.92857142857142,71.09227871939736,195.85253456221199,164.34108527131787,102.73972602739727,-28.134556574923554,49.999999999999986,62.195121951219534,53.57142857142857,0.0,0.0,-4.178420802726029,30.922528705292336,0.0
s3-joint,pt0.2_dt-15_m0.05_seed178,3.1,0.4,0.1,0.4,0.1,133.5,24.3,14.1,2.5,32.9,0.2,7.9,5.3,94,88,218994.0,0.0,6919.0,0.55,,178.0,,0.2,-15.0,0.05,-11.428571428571425,0.0,0.0,0.0,-98.21428571428572,25.706214689265533,11.981566820276504,9.302325581395344,-65.75342465753424,0.6116207951070205,0.0,-3.658536585365841,-5.357142857142854,0.0,0.0,1.94397117559981,-8.684175795169592,0.0
s3-joint,pt0.2_dt-15_m0.05_seed185,3.3,0.4,0.1,0.2,0.1,96.3,22.3,12.1,2.1,23.4,0.2,8.0,5.3,94,88,223824.0,0.0,6283.0,0.55,,185.0,,0.2,-15.0,0.05,-5.71428571428572,0.0,0.0,-50.0,-98.21428571428572,-9.32203389830509,2.7649769585253523,-6.201550387596905,-71.23287671232876,-28.440366972477076,0.0,-2.439024390243894,-5.357142857142854,0.0,0.0,4.1923861128955675,-17.077999208129864,0.0
s3-joint,pt0.2_dt-15_m0.05_seed192,3.6,0.4,0.1,0.3,0.1,104.8,44.6,56.4,6.7,18.3,0.2,11.9,6.7,94,88,223665.0,0.0,6192.0,0.55,,192.0,,0.2,-15.0,0.05,2.85714285714286,0.0,0.0,-25.000000000000007,-98.21428571428572,-1.3182674199623405,105.5299539170507,337.20930232558135,-8.219178082191776,-44.03669724770643,0.0,45.12195121951221,19.642857142857153,0.0,0.0,4.118369968997011,-18.279002243632046,0.0
s3-joint,pt0.2_dt-15_m0.05_seed199,3.2,0.4,0.1,0.3,2.5,135.6,25.1,16.4,4.7,33.4,0.2,8.3,5.5,94,88,215141.0,0.0,7279.0,0.55,,199.0,,0.2,-15.0,0.05,-8.571428571428566,0.0,0.0,-25.000000000000007,-55.35714285714285,27.683615819209027,15.668202764976968,27.131782945736422,-35.61643835616438,2.1406727828746046,0.0,1.2195121951219685,-1.7857142857142794,0.0,0.0,0.15035983949203513,-3.9329549953807574,0.0
s3-joint,pt0.2_dt-15_m0.05_seed206,3.3,0.4,0.1,0.2,2.4,142.7,33.6,15.9,11.0,37.8,0.2,9.4,6.7,94,88,210839.0,0.0,8454.0,0.55,,206.0,,0.2,-15.0,0.05,-5.71428571428572,0.0,0.0,-50.0,-57.14285714285714,34.36911487758944,54.83870967741936,23.25581395348837,50.68493150684932,15.59633027522934,0.0,14.634146341463428,19.642857142857153,0.0,0.0,-1.8522656388198382,11.574501781707799,0.0
s3-joint,pt0.2_dt-15_m0.05_seed213,12.9,4.4,1.7,0.3,38.0,232.7,50.0,25.3,15.4,6.4,1.9,16.5,7.6,94,88,191315.0,0.0,10939.0,0.55,,213.0,,0.2,-15.0,0.05,268.5714285714286,1000.0,1599.9999999999998,-25.000000000000007,578.5714285714286,119.11487758945385,130.4147465437788,96.12403100775194,110.95890410958906,-80.42813455657493,850.0,101.21951219512198,35.714285714285715,0.0,0.0,-10.940889497155732,44.37112313580573,0.0
s3-joint,pt0.2_dt-15_m0.05_seed220,3.3,0.4,0.1,0.2,2.7,130.0,28.8,17.3,9.7,32.3,0.3,9.6,6.3,94,88,215495.0,0.0,7626.0,0.55,,220.0,,0.2,-15.0,0.05,-5.71428571428572,0.0,0.0,-50.0,-51.78571428571428,22.410546139359695,32.7188940092166,34.10852713178294,32.87671232876711,-1.2232415902140847,49.999999999999986,17.073170731707325,12.500000000000004,0.0,0.0,0.31515049949259377,0.6466939421934803,0.0
s3-joint,pt0.2_dt-15_m0.05_seed227,3.1,0.4,0.1,0.3,0.1,96.5,20.0,38.5,8.0,16.0,0.2,9.7,5.7,94,88,228198.0,0.0,5584.0,0.55,,227.0,,0.2,-15.0,0.05,-11.428571428571425,0.0,0.0,-25.000000000000007,-98.21428571428572,-9.13370998116761,-7.834101382488476,198.4496124031008,9.589041095890414,-51.07033639143731,0.0,18.292682926829272,1.7857142857142954,0.0,0.0,6.228528335614334,-26.303286261053188,0.0
s3-joint,pt0.2_dt-15_m0.05_seed234,4.4,1.8,0.8,0.2,24.5,201.3,38.9,20.3,10.8,2.8,0.2,10.9,6.3,94,88,202503.0,0.0,8599.0,0.55,,234.0,,0.2,-15.0,0.05,25.714285714285722,349.99999999999994,700.0,-50.0,337.5,89.54802259887006,79.26267281105991,57.36434108527132,47.94520547945207,-91.43730886850153,0.0,32.9268292682927,12.500000000000004,0.0,0.0,-5.732759824595704,13.488187937178303,0.0
s3-joint,pt0.2_dt-15_m0.05_seed241,3.4,0.4,0.1,0.3,0.1,117.3,23.9,33.0,7.1,21.3,0.2,9.8,5.3,94,88,221939.0,0.0,6727.0,0.55,,241.0,,0.2,-15.0,0.05,-2.85714285714286,0.0,0.0,-25.000000000000007,-98.21428571428572,10.451977401129938,10.138248847926265,155.8139534883721,-2.739726027397263,-34.862385321100916,0.0,19.51219512195124,-5.357142857142854,0.0,0.0,3.314899123909542,-11.218160221723638,0.0
s3-joint,pt0.2_dt-15_m0.05_seed248,3.6,0.4,0.2,0.3,15.4,166.7,32.0,19.6,9.4,3.7,0.3,9.4,6.4,94,88,208070.0,0.0,8114.0,0.55,,248.0,,0.2,-15.0,0.05,2.85714285714286,0.0,100.0,-25.000000000000007,175.00000000000003,56.967984934086616,47.46543778801844,51.93798449612403,28.767123287671243,-88.68501529051989,49.999999999999986,14.634146341463428,14.285714285714299,0.0,0.0,-3.1412637674682755,7.087237693018345,0.0
s3-joint,pt0.2_dt-15_m0.05_seed255,3.1,0.4,0.1,0.4,0.2,106.0,18.2,10.9,2.0,17.2,0.2,7.5,5.6,94,88,230020.0,0.0,4878.0,0.55,,255.0,,0.2,-15.0,0.05,-11.428571428571425,0.0,0.0,0.0,-96.42857142857143,-0.18832391713747915,-16.129032258064516,-15.503875968992247,-72.6027397260274,-47.40061162079511,0.0,-8.53658536585365,0.0,0.0,0.0,7.076688173244328,-35.620958162861285,0.0
s3-joint,pt0.2_dt-15_m0.05_seed262,3.1,0.4,0.1,0.3,0.1,120.5,16.8,19.3,4.4,18.2,0.2,8.2,5.4,94,88,226319.0,0.0,5689.0,0.55,,262.0,,0.2,-15.0,0.05,-11.428571428571425,0.0,0.0,-25.000000000000007,-98.21428571428572,13.465160075329564,-22.580645161290317,49.6124031007752,-39.72602739726027,-44.34250764525994,0.0,0.0,-3.5714285714285587,0.0,0.0,5.353834408662216,-24.917513527781445,0.0
s3-joint,pt0.2_dt-15_m0.0_seed101,3.6,0.4,0.1,0.2,4.8,113.4,16.4,10.7,1.6,37.5,0.2,7.2,7.1,94,88,217427.0,0.0,7662.0,0.55,,101.0,,0.2,-15.0,0.0,2.85714285714286,0.0,0.0,-50.0,-14.285714285714283,6.779661016949155,-24.42396313364056,-17.054263565891482,-78.0821917808219,14.678899082568797,0.0,-12.195121951219502,26.785714285714285,0.0,0.0,1.2145164744108967,1.1218160221723636,0.0
s3-joint,pt0.2_dt-15_m0.0_seed108,3.4,0.4,0.1,0.6,4.6,141.0,33.8,31.6,8.0,42.3,0.2,10.3,6.4,94,88,207360.0,0.0,9672.0,0.55,,108.0,,0.2,-15.0,0.0,-2.85714285714286,0.0,0.0,49.999999999999986,-17.857142857142858,32.7683615819209,55.76036866359446,144.96124031007753,9.589041095890414,29.357798165137595,0.0,25.609756097560993,14.285714285714299,0.0,0.0,-3.471776108147362,27.649465487660024,0.0
s3-joint,pt0.2_dt-15_m0.0_seed115,3.9,2.0,1.1,0.4,23.0,192.8,43.4,24.6,12.2,8.3,0.3,11.5,7.0,94,88,199973.0,0.0,9911.0,0.55,,115.0,,0.2,-15.0,0.0,11.428571428571425,400.0,1000.0,0.0,310.7142857142857,81.54425612052731,100.0,90.69767441860466,67.12328767123287,-74.61773700305811,49.999999999999986,40.2439024390244,25.000000000000007,0.0,0.0,-6.910500982226815,30.803748185297614,0.0
s3-joint,pt0.2_dt-15_m0.0_seed122,13.7,4.6,2.5,0.3,42.0,250.2,52.2,29.5,18.3,15.6,1.9,17.2,7.1,94,88,185627.0,0.0,12751.0,0.55,,122.0,,0.2,-15.0,0.0,291.4285714285714,1049.9999999999998,2399.9999999999995,-25.000000000000007,650.0,135.59322033898303,140.55299539170508,128.68217054263567,150.68493150684932,-52.293577981651374,850.0,109.75609756097562,26.785714285714285,0.0,0.0,-13.588712305300302,68.28560116140953,0.0
s3-joint,pt0.2_dt-15_m0.0_seed129,3.4,0.4,0.1,0.3,6.8,130.0,27.8,14.5,6.4,38.3,0.3,8.5,5.8,94,88,211448.0,0.0,8775.0,0.55,,129.0,,0.2,-15.0,0.0,-2.85714285714286,0.0,0.0,-25.000000000000007,21.428571428571434,22.410546139359695,28.11059907834102,12.403100775193796,-12.328767123287664,17.125382262996926,49.999999999999986,3.6585365853658622,3.5714285714285747,0.0,0.0,-1.5687698423781993,15.811006994852844,0.0
s3-joint,pt0.2_dt-15_m0.0_seed136,3.6,0.4,0.1,0.4,4.0,123.2,34.8,44.8,15.7,34.3,0.2,11.9,5.9,94,88,209379.0,0.0,9332.0,0.55,,136.0,,0.2,-15.0,0.0,2.85714285714286,0.0,0.0,0.0,-28.571428571428566,16.0075329566855,60.36866359447004,247.28682170542635,115.06849315068493,4.892966360856251,0.0,45.12195121951221,5.35714285714287,0.0,0.0,-2.531910733737396,23.16220139897057,0.0
s3-joint,pt0.2_dt-15_m0.0_seed143,3.6,0.4,0.1,0.3,2.1,148.7,35.9,26.7,12.4,29.5,0.2,10.7,5.9,94,88,214373.0,0.0,8205.0,0.55,,143.0,,0.2,-15.0,0.0,2.85714285714286,0.0,0.0,-25.000000000000007,-62.5,40.01883239171373,65.43778801843317,106.9767441860465,69.86301369863016,-9.785932721712546,0.0,30.487804878048784,5.35714285714287,0.0,0.0,-0.20715210084815985,8.288240728520522,0.0
s3-joint,pt0.2_dt-15_m0.0_seed150,3.4,0.4,0.1,0.3,0.2,122.8,21.7,13.5,7.1,31.4,0.2,8.4,5.9,94,88,219646.0,0.0,7010.0,0.55,,150.0,,0.2,-15.0,0.0,-2.85714285714286,0.0,0.0,-25.000000000000007,-96.42857142857143,15.63088512241054,0.0,4.651162790697672,-2.739726027397263,-3.975535168195731,0.0,2.4390243902439157,5.35714285714287,0.0,0.0,2.2474839166177882,-7.483172759667414,0.0
s3-joint,pt0.2_dt-15_m0.0_seed157,8.7,3.6,1.4,0.2,33.7,209.8,50.1,29.4,12.0,3.9,1.1,17.5,7.2,94,88,191482.0,0.0,11316.0,0.55,,157.0,,0.2,-15.0,0.0,148.57142857142856,800.0,1299.9999999999998,-50.0,501.78571428571433,97.55178907721282,130.87557603686636,127.90697674418605,64.38356164383562,-88.07339449541286,450.0,113.41463414634147,28.57142857142858,0.0,0.0,-10.863149270545298,49.34670714002903,0.0
s3-joint,pt0.2_dt-15_m0.0_seed164,7.4,3.5,1.5,0.2,31.9,239.1,43.8,26.4,11.0,4.9,0.8,13.7,7.7,94,88,195360.0,0.0,10666.0,0.55,,164.0,,0.2,-15.0,0.0,111.42857142857143,775.0,1399.9999999999998,-50.0,469.6428571428571,125.1412429378531,101.84331797235022,104.65116279069765,50.68493150684932,-85.01529051987768,300.00000000000006,67.07317073170732,37.500000000000014,0.0,0.0,-9.057900175962908,40.7681140292992,0.0
s3-joint,pt0.2_dt-15_m0.0_seed171,3.6,0.4,0.1,0.3,5.6,112.9,27.8,46.0,7.0,10.5,0.3,10.4,6.7,94,88,223658.0,0.0,6925.0,0.55,,171.0,,0.2,-15.0,0.0,2.85714285714286,0.0,0.0,-25.000000000000007,0.0,6.308851224105464,28.11059907834102,256.58914728682174,-4.109589041095888,-67.88990825688074,49.999999999999986,26.82926829268294,19.642857142857153,0.0,0.0,4.115111396624119,-8.60498878183978,0.0
s3-joint,pt0.2_dt-15_m0.0_seed178,3.5,0.4,0.1,0.4,6.0,130.2,22.0,27.8,7.7,19.9,0.2,9.4,5.2,94,88,220958.0,0.0,7354.0,0.55,,178.0,,0.2,-15.0,0.0,0.0,0.0,0.0,0.0,7.1428571428571495,22.598870056497162,1.3824884792626762,115.50387596899225,5.479452054794526,-39.143730886850165,0.0,14.634146341463428,-7.142857142857134,0.0,0.0,2.8582334813656214,-2.9431173287580834,0.0
s3-joint,pt0.2_dt-15_m0.0_seed185,3.5,0.4,0.1,0.2,2.6,149.7,30.7,17.3,8.0,35.7,0.2,9.5,6.0,94,88,213164.0,0.0,8393.0,0.55,,185.0,,0.2,-15.0,0.0,0.0,0.0,0.0,-50.0,-53.57142857142857,40.960451977401114,41.474654377880185,34.10852713178294,9.589041095890414,9.174311926605503,0.0,15.853658536585376,7.1428571428571495,0.0,0.0,-0.7699541006805761,10.769433812854693,0.0
s3-joint,pt0.2_dt-15_m0.0_seed192,3.3,0.8,0.1,0.6,10.6,200.4,45.2,38.9,15.4,47.3,0.2,17.6,5.9,94,88,199819.0,0.0,11478.0,0.55,,192.0,,0.2,-15.0,0.0,-5.71428571428572,100.0,0.0,49.999999999999986,89.28571428571429,88.70056497175142,108.29493087557607,201.5503875968992,110.95890410958906,44.648318042813436,0.0,114.63414634146345,5.35714285714287,0.0,0.0,-6.982189574430447,51.484756499934015,0.0
s3-joint,pt0.2_dt-15_m0.0_seed199,13.4,4.2,1.8,0.3,35.3,251.5,45.2,27.4,13.0,5.7,1.7,17.0,7.7,94,88,189007.0,0.0,11844.0,0.55,,199.0,,0.2,-15.0,0.0,282.8571428571429,950.0,1700.0,-25.000000000000007,530.3571428571428,136.81732580037666,108.29493087557607,112.40310077519378,78.08219178082192,-82.56880733944955,750.0,107.31707317073173,37.500000000000014,0.0,0.0,-12.015287359532255,56.315164313052655,0.0
s3-joint,pt0.2_dt-15_m0.0_seed206,3.6,0.4,0.1,0.4,8.8,168.4,75.8,30.4,12.1,8.0,0.2,14.4,12.4,94,88,207262.0,0.0,10192.0,0.55,,206.0,,0.2,-15.0,0.0,2.85714285714286,0.0,0.0,0.0,57.14285714285716,58.568738229755176,249.30875576036863,135.65891472868216,65.75342465753424,-75.53516819571865,0.0,75.609756097561,121.42857142857144,0.0,0.0,-3.517396121367856,34.512339976243894,0.0
s3-joint,pt0.2_dt-15_m0.0_seed213,3.4,0.7,0.1,0.6,8.5,185.4,52.4,133.3,15.0,30.3,0.2,18.8,7.2,94,88,205459.0,0.0,10719.0,0.55,,213.0,,0.2,-15.0,0.0,-2.85714285714286,74.99999999999997,0.0,49.999999999999986,51.78571428571429,74.57627118644068,141.47465437788017,933.3333333333334,105.47945205479452,-7.339449541284409,0.0,129.26829268292687,28.57142857142858,0.0,0.0,-4.356711262557141,41.46759931371255,0.0
s3-joint,pt0.2_dt-15_m0.0_seed220,15.2,4.4,1.5,0.3,33.3,247.0,53.8,28.0,12.7,6.2,2.7,17.6,9.3,94,88,190316.0,0.0,11620.0,0.55,,220.0,,0.2,-15.0,0.0,334.2857142857143,1000.0,1399.9999999999998,-25.000000000000007,494.6428571428571,132.58003766478345,147.92626728110596,117.05426356589146,73.97260273972603,-81.03975535168196,1250.0,114.63414634146345,66.0714285714286,0.0,0.0,-11.405934325801375,53.35884914873961,0.0
s3-joint,pt0.2_dt-15_m0.0_seed227,3.3,0.4,0.1,0.3,4.4,133.7,26.9,22.3,11.1,32.8,0.2,9.8,5.8,94,88,213890.0,0.0,8403.0,0.55,,227.0,,0.2,-15.0,0.0,-5.71428571428572,0.0,0.0,-25.000000000000007,-21.428571428571416,25.894538606403,23.963133640552993,72.86821705426357,52.054794520547944,0.30581039755349937,0.0,19.51219512195124,3.5714285714285747,0.0,0.0,-0.4319935945777355,10.90141216840438,0.0
s3-joint,pt0.2_dt-15_m0.0_seed234,3.5,0.4,0.1,0.3,0.1,112.3,28.6,42.3,7.2,21.1,0.3,10.1,6.7,94,88,223563.0,0.0,6751.0,0.55,,234.0,,0.2,-15.0,0.0,0.0,0.0,0.0,-25.000000000000007,-98.21428571428572,5.743879472693027,31.797235023041488,227.906976744186,-1.3698630136986254,-35.47400611620795,49.999999999999986,23.17073170731708,19.642857142857153,0.0,0.0,4.070887914420579,-10.90141216840438,0.0
s3-joint,pt0.2_dt-15_m0.0_seed241,3.5,0.6,0.1,0.5,8.0,157.3,37.9,19.0,9.0,42.7,0.2,10.0,6.8,94,88,205286.0,0.0,10161.0,0.55,,241.0,,0.2,-15.0,0.0,0.0,49.999999999999986,0.0,24.999999999999993,42.85714285714287,48.116760828625246,74.65437788018433,47.28682170542635,23.28767123287672,30.58103975535168,0.0,21.951219512195134,21.428571428571434,0.0,0.0,-4.437244551201482,34.10320707403986,0.0
s3-joint,pt0.2_dt-15_m0.0_seed248,3.6,0.9,0.1,1.0,10.5,212.8,49.6,31.2,15.1,48.3,0.2,12.9,7.4,94,88,199946.0,0.0,11403.0,0.55,,248.0,,0.2,-15.0,0.0,2.85714285714286,125.0,0.0,149.99999999999997,87.50000000000001,100.37664783427496,128.57142857142858,141.86046511627904,106.84931506849315,47.706422018348604,0.0,57.317073170731724,32.14285714285715,0.0,0.0,-6.9230697613793994,50.494918833311345,0.0
s3-joint,pt0.2_dt-15_m0.0_seed255,3.4,0.4,0.1,0.5,6.3,171.7,38.0,18.9,11.1,39.5,0.2,9.7,6.1,94,88,207420.0,0.0,9642.0,0.55,,255.0,,0.2,-15.0,0.0,-2.85714285714286,0.0,0.0,24.999999999999993,12.500000000000004,61.67608286252353,75.1152073732719,46.51162790697673,52.054794520547944,20.79510703363913,0.0,18.292682926829272,8.928571428571429,0.0,0.0,-3.4438454878082845,27.25353042101095,0.0
s3-joint,pt0.2_dt-15_m0.0_seed262,3.4,0.4,0.1,0.5,2.9,168.5,41.8,18.6,8.6,37.2,0.2,9.8,6.8,94,88,209065.0,0.0,9552.0,0.55,,262.0,,0.2,-15.0,0.0,-2.85714285714286,0.0,0.0,24.999999999999993,-48.214285714285715,58.66290018832391,92.62672811059907,44.186046511627914,17.80821917808219,13.761467889908255,0.0,19.51219512195124,21.428571428571434,0.0,0.0,-2.6780809801785694,26.065725221063747,0.0
s3-joint,pt0.2_dt-15_m0.15_seed101,3.5,0.4,0.1,0.3,0.3,117.8,22.1,14.6,2.8,2.9,0.2,7.9,5.4,94,88,225881.0,0.0,4285.0,0.55,,101.0,,0.2,-15.0,0.15,0.0,0.0,0.0,-25.000000000000007,-94.64285714285715,10.92278719397363,1.8433179723502402,13.178294573643404,-61.64383561643836,-91.13149847094802,0.0,-3.658536585365841,-3.5714285714285587,0.0,0.0,5.149940880186949,-43.4472746469579,0.0
s3-joint,pt0.2_dt-15_m0.15_seed108,2.9,0.4,0.1,0.3,0.1,43.5,5.4,3.2,1.1,11.7,0.2,6.2,4.9,94,88,239893.0,0.0,2626.0,0.55,,108.0,,0.2,-15.0,0.15,-17.142857142857146,0.0,0.0,-25.000000000000007,-98.21428571428572,-59.03954802259888,-75.11520737327187,-75.19379844961239,-84.93150684931507,-64.22018348623854,0.0,-24.390243902439014,-12.499999999999988,0.0,0.0,11.672671750039568,-65.34248383265144,0.0
s3-joint,pt0.2_dt-15_m0.15_seed115,3.2,0.4,0.1,0.2,0.1,43.7,6.0,10.3,1.2,4.0,0.2,6.9,5.0,94,88,243826.0,0.0,2239.0,0.55,,115.0,,0.2,-15.0,0.15,-8.571428571428566,0.0,0.0,-50.0,-98.21428571428572,-58.8512241054614,-72.35023041474655,-20.15503875968992,-83.56164383561644,-87.76758409785933,0.0,-15.853658536585355,-10.714285714285708,0.0,0.0,13.503523913266113,-70.45004619242444,0.0
s3-joint,pt0.2_dt-15_m0.15_seed122,3.3,0.5,0.1,0.3,0.1,56.0,6.3,13.0,1.2,3.1,0.2,6.8,5.0,94,88,245034.0,0.0,1659.0,0.55,,122.0,,0.2,-15.0,0.15,-5.71428571428572,24.999999999999993,0.0,-25.000000000000007,-98.21428571428572,-47.26930320150659,-70.96774193548386,0.7751937984496096,-83.56164383561644,-90.51987767584097,0.0,-17.073170731707314,-10.714285714285708,0.0,0.0,14.065860402759544,-78.10479081430645,0.0
s3-joint,pt0.2_dt-15_m0.15_seed129,3.2,0.3,0.2,0.4,13.4,170.9,33.5,17.2,6.1,2.2,0.2,8.8,6.3,94,88,211362.0,0.0,6400.0,0.55,,129.0,,0.2,-15.0,0.15,-8.571428571428566,-25.000000000000007,100.0,0.0,139.2857142857143,60.92278719397364,54.37788018433181,33.33333333333333,-16.438356164383563,-93.27217125382263,0.0,7.3170731707317245,12.500000000000004,0.0,0.0,-1.6088037315308772,-15.533852448198497,0.0
s3-joint,pt0.2_dt-15_m0.15_seed136,3.0,0.4,0.1,0.3,0.1,72.1,12.7,17.5,1.2,13.2,0.2,7.6,5.1,94,88,233355.0,0.0,3522.0,0.55,,136.0,,0.2,-15.0,0.15,-14.285714285714285,0.0,0.0,-25.000000000000007,-98.21428571428572,-32.109227871939744,-41.474654377880185,35.65891472868217,-83.56164383561644,-59.63302752293579,0.0,-7.317073170731704,-8.928571428571429,0.0,0.0,8.629165153758064,-53.51722317539923,0.0
s3-joint,pt0.2_dt-15_m0.15_seed143,2.8,0.4,0.1,0.3,0.1,62.1,6.1,4.1,1.0,2.9,0.2,6.1,5.1,94,88,245337.0,0.0,1893.0,0.55,,143.0,,0.2,-15.0,0.15,-20.000000000000004,0.0,0.0,-25.000000000000007,-98.21428571428572,-41.52542372881356,-71.88940092165899,-68.21705426356588,-86.3013698630137,-91.13149847094802,0.0,-25.609756097560975,-8.928571428571429,0.0,0.0,14.206910035471887,-75.01649729444371,0.0
s3-joint,pt0.2_dt-15_m0.15_seed150,3.2,0.4,0.1,0.2,0.1,85.9,8.6,6.4,1.2,15.0,0.2,6.7,5.1,94,88,229595.0,0.0,3937.0,0.55,,150.0,,0.2,-15.0,0.15,-8.571428571428566,0.0,0.0,-50.0,-98.21428571428572,-19.114877589453858,-60.36866359447005,-50.3875968992248,-83.56164383561644,-54.128440366972484,0.0,-18.292682926829258,-8.928571428571429,0.0,0.0,6.878846279175861,-48.040121420087104,0.0
s3-joint,pt0.2_dt-15_m0.15_seed157,2.9,0.4,0.1,0.2,0.1,78.6,12.0,12.6,1.1,10.5,0.2,7.0,5.1,94,88,233742.0,0.0,3236.0,0.55,,157.0,,0.2,-15.0,0.15,-17.142857142857146,0.0,0.0,-50.0,-98.21428571428572,-25.988700564971758,-44.70046082949309,-2.3255813953488427,-84.93150684931507,-67.88990825688074,0.0,-14.634146341463408,-8.928571428571429,0.0,0.0,8.809317654945117,-57.29180414412036,0.0
s3-joint,pt0.2_dt-15_m0.15_seed164,3.4,0.4,0.1,0.4,0.1,31.5,0.2,2.3,1.1,3.2,0.2,5.3,4.9,94,88,253745.0,0.0,1003.0,0.55,,164.0,,0.2,-15.0,0.15,-2.85714285714286,0.0,0.0,0.0,-98.21428571428572,-70.33898305084746,-99.07834101382488,-82.17054263565893,-84.93150684931507,-90.21406727828747,0.0,-35.36585365853659,-12.499999999999988,0.0,0.0,18.120920965654648,-86.76257093836611,0.0
s3-joint,pt0.2_dt-15_m0.15_seed171,3.2,0.4,0.1,0.2,0.1,45.7,7.6,23.0,1.3,4.3,0.2,7.5,5.1,94,88,243032.0,0.0,2095.0,0.55,,171.0,,0.2,-15.0,0.15,-8.571428571428566,0.0,0.0,-50.0,-98.21428571428572,-56.96798493408662,-64.97695852534562,78.29457364341084,-82.19178082191782,-86.85015290519877,0.0,-8.53658536585365,-8.928571428571429,0.0,0.0,13.133908704112319,-72.35053451233998,0.0
s3-joint,pt0.2_dt-15_m0.15_seed178,3.3,0.4,0.1,0.3,0.1,64.3,8.4,7.8,1.1,10.6,0.2,6.7,5.1,94,88,236750.0,0.0,2966.0,0.55,,178.0,,0.2,-15.0,0.15,-5.71428571428572,0.0,0.0,-25.000000000000007,-98.21428571428572,-39.45386064030132,-61.29032258064516,-39.53488372093024,-84.93150684931507,-67.58409785932722,0.0,-18.292682926829258,-8.928571428571429,0.0,0.0,10.20957275461088,-60.85521974396199,0.0
s3-joint,pt0.2_dt-15_m0.15_seed185,3.3,0.4,0.1,0.3,0.1,48.2,1.5,2.7,1.1,3.2,0.2,5.6,5.0,94,88,247876.0,0.0,1582.0,0.55,,185.0,,0.2,-15.0,0.15,-5.71428571428572,0.0,0.0,-25.000000000000007,-98.21428571428572,-54.61393596986818,-93.08755760368663,-79.06976744186046,-84.93150684931507,-90.21406727828747,0.0,-31.70731707317073,-10.714285714285708,0.0,0.0,15.38884078615386,-79.12102415203907,0.0
s3-joint,pt0.2_dt-15_m0.15_seed192,3.2,0.4,0.1,0.3,0.1,41.6,8.2,7.4,1.3,3.1,0.2,6.3,5.1,94,88,248507.0,0.0,1583.0,0.55,,192.0,,0.2,-15.0,0.15,-8.571428571428566,0.0,0.0,-25.000000000000007,-98.21428571428572,-60.828625235404886,-62.21198156682027,-42.63565891472868,-82.19178082191782,-90.51987767584097,0.0,-23.170731707317067,-8.928571428571429,0.0,0.0,15.68257781005316,-79.1078263164841,0.0
s3-joint,pt0.2_dt-15_m0.15_seed199,3.0,0.4,0.1,0.3,0.1,49.8,7.3,6.7,1.2,3.2,0.2,6.3,5.1,94,88,245642.0,0.0,1894.0,0.55,,199.0,,0.2,-15.0,0.15,-14.285714285714285,0.0,0.0,-25.000000000000007,-98.21428571428572,-53.10734463276836,-66.35944700460828,-48.06201550387597,-83.56164383561644,-90.21406727828747,0.0,-23.170731707317067,-8.928571428571429,0.0,0.0,14.3488906888622,-75.00329945888873,0.0
s3-joint,pt0.2_dt-15_m0.15_seed206,3.0,0.4,0.1,0.2,0.1,59.9,11.9,8.7,1.4,3.6,0.2,6.8,5.1,94,88,241586.0,0.0,2757.0,0.55,,206.0,,0.2,-15.0,0.15,-14.285714285714285,0.0,0.0,-50.0,-98.21428571428572,-43.596986817325806,-45.16129032258064,-32.55813953488373,-80.82191780821918,-88.9908256880734,0.0,-17.073170731707314,-8.928571428571429,0.0,0.0,12.460780753940545,-63.613567374950506,0.0
s3-joint,pt0.2_dt-15_m0.15_seed213,2.8,0.3,0.1,0.3,0.1,76.6,9.9,5.1,1.1,19.5,0.2,6.2,5.6,94,88,226323.0,0.0,4421.0,0.55,,213.0,,0.2,-15.0,0.15,-20.000000000000004,-25.000000000000007,0.0,-25.000000000000007,-98.21428571428572,-27.871939736346523,-54.377880184331794,-60.465116279069775,-84.93150684931507,-40.36697247706423,0.0,-24.390243902439014,0.0,0.0,0.0,5.355696450018154,-41.652369011482115,0.0
s3-joint,pt0.2_dt-15_m0.15_seed220,2.8,0.4,0.1,0.3,2.8,136.3,16.5,10.0,1.4,4.2,0.2,7.1,5.1,94,88,224401.0,0.0,4170.0,0.55,,220.0,,0.2,-15.0,0.15,-20.000000000000004,0.0,0.0,-25.000000000000007,-50.0,28.342749529190215,-23.963133640552993,-22.48062015503876,-80.82191780821918,-87.1559633027523,0.0,-13.414634146341461,-8.928571428571429,0.0,0.0,4.460985578489699,-44.965025735779335,0.0
s3-joint,pt0.2_dt-15_m0.15_seed227,3.2,0.4,0.1,0.3,0.1,48.4,3.7,2.1,1.3,3.1,0.2,5.6,5.0,94,88,245013.0,0.0,1551.0,0.55,,227.0,,0.2,-15.0,0.15,-8.571428571428566,0.0,0.0,-25.000000000000007,-98.21428571428572,-54.4256120527307,-82.94930875576037,-83.72093023255815,-82.19178082191782,-90.51987767584097,0.0,-31.70731707317073,-10.714285714285708,0.0,0.0,14.056084685640869,-79.5301570542431,0.0
s3-joint,pt0.2_dt-15_m0.15_seed234,3.0,0.4,0.1,0.3,0.1,61.2,3.8,2.8,1.0,12.1,0.3,5.8,5.0,94,88,238802.0,0.0,2917.0,0.55,,234.0,,0.2,-15.0,0.15,-14.285714285714285,0.0,0.0,-25.000000000000007,-98.21428571428572,-42.3728813559322,-82.48847926267281,-78.29457364341086,-86.3013698630137,-62.99694189602446,49.999999999999986,-29.268292682926827,-10.714285714285708,0.0,0.0,11.164799970207339,-61.501913686155476,0.0
s3-joint,pt0.2_dt-15_m0.15_seed241,3.0,0.4,0.1,0.2,0.1,75.4,15.0,8.3,1.2,20.6,0.2,7.5,5.6,94,88,225532.0,0.0,4550.0,0.55,,241.0,,0.2,-15.0,0.15,-14.285714285714285,0.0,0.0,-50.0,-98.21428571428572,-29.001883239171374,-30.87557603686636,-35.65891472868217,-83.56164383561644,-37.00305810397554,0.0,-8.53658536585365,0.0,0.0,0.0,4.987477771881314,-39.94984822489111,0.0
s3-joint,pt0.2_dt-15_m0.15_seed248,3.2,0.4,0.1,0.3,0.1,50.2,7.0,14.1,1.1,3.1,0.2,6.8,5.0,94,88,245945.0,0.0,1823.0,0.55,,248.0,,0.2,-15.0,0.15,-8.571428571428566,0.0,0.0,-25.000000000000007,-98.21428571428572,-52.730696798493405,-67.74193548387096,9.302325581395344,-84.93150684931507,-90.51987767584097,0.0,-17.073170731707314,-10.714285714285708,0.0,0.0,14.489940321574544,-75.94034578329155,0.0
s3-joint,pt0.2_dt-15_m0.15_seed255,3.1,0.4,0.1,0.3,0.1,41.4,4.5,18.1,1.3,3.0,0.2,7.1,5.0,94,88,249799.0,0.0,1402.0,0.55,,255.0,,0.2,-15.0,0.15,-11.428571428571425,0.0,0.0,-25.000000000000007,-98.21428571428572,-61.016949152542374,-79.26267281105991,40.31007751937985,-82.19178082191782,-90.82568807339449,0.0,-13.414634146341461,-10.714285714285708,0.0,0.0,16.284017168021304,-81.49663455193348,0.0
s3-joint,pt0.2_dt-15_m0.15_seed262,3.0,0.4,0.1,0.3,0.1,57.0,6.7,24.1,1.0,3.1,0.2,7.6,5.1,94,88,245486.0,0.0,2283.0,0.55,,262.0,,0.2,-15.0,0.15,-14.285714285714285,0.0,0.0,-25.000000000000007,-98.21428571428572,-46.32768361581921,-69.12442396313364,86.8217054263566,-86.3013698630137,-90.51987767584097,0.0,-7.317073170731704,-8.928571428571429,0.0,0.0,14.276271075980599,-69.86934142800581,0.0
s3-joint,pt0.2_dt-15_m0.1_seed101,3.2,0.4,0.1,0.3,0.1,78.2,11.2,20.6,1.2,10.5,0.2,7.8,5.5,94,88,236416.0,0.0,3717.0,0.55,,101.0,,0.2,-15.0,0.1,-8.571428571428566,0.0,0.0,-25.000000000000007,-98.21428571428572,-26.365348399246702,-48.38709677419355,59.68992248062016,-83.56164383561644,-67.88990825688074,0.0,-4.8780487804877986,-1.7857142857142794,0.0,0.0,10.054092301390014,-50.94364524218028,0.0
s3-joint,pt0.2_dt-15_m0.1_seed108,3.5,0.4,0.1,0.3,0.1,66.4,8.8,8.3,1.4,12.8,0.2,6.8,5.0,94,88,236582.0,0.0,3420.0,0.55,,108.0,,0.2,-15.0,0.1,0.0,0.0,0.0,-25.000000000000007,-98.21428571428572,-37.47645951035781,-59.44700460829493,-35.65891472868217,-80.82191780821918,-60.85626911314985,0.0,-17.073170731707314,-10.714285714285708,0.0,0.0,10.131367017661463,-54.863402402006066,0.0
s3-joint,pt0.2_dt-15_m0.1_seed115,3.0,0.4,0.1,0.3,0.1,85.3,14.0,43.2,1.7,4.0,0.2,9.4,5.0,94,88,239411.0,0.0,3268.0,0.55,,115.0,,0.2,-15.0,0.1,-14.285714285714285,0.0,0.0,-25.000000000000007,-98.21428571428572,-19.679849340866294,-35.48387096774193,234.88372093023258,-76.71232876712328,-87.76758409785933,0.0,14.634146341463428,-10.714285714285708,0.0,0.0,11.448295766648977,-56.86947340636136,0.0
s3-joint,pt0.2_dt-15_m0.1_seed122,3.0,0.4,0.1,0.2,0.1,67.7,10.1,7.3,1.4,15.9,0.2,6.9,5.0,94,88,232902.0,0.0,4170.0,0.55,,122.0,,0.2,-15.0,0.1,-14.285714285714285,0.0,0.0,-50.0,-98.21428571428572,-36.25235404896422,-53.45622119815668,-43.4108527131783,-80.82191780821918,-51.37614678899084,0.0,-15.853658536585355,-10.714285714285708,0.0,0.0,8.418288970198027,-44.965025735779335,0.0
s3-joint,pt0.2_dt-15_m0.1_seed129,3.2,0.4,0.1,0.3,0.1,89.9,12.8,11.2,1.2,10.0,0.2,7.2,5.2,94,88,233827.0,0.0,3904.0,0.55,,129.0,,0.2,-15.0,0.1,-8.571428571428566,0.0,0.0,-25.000000000000007,-98.21428571428572,-15.348399246704329,-41.01382488479262,-13.178294573643418,-83.56164383561644,-69.41896024464832,0.0,-12.195121951219502,-7.142857142857134,0.0,0.0,8.84888603375881,-48.475649993401085,0.0
s3-joint,pt0.2_dt-15_m0.1_seed136,3.0,0.4,0.1,0.3,0.1,79.5,14.1,13.1,2.1,11.2,0.2,7.3,5.2,94,88,234103.0,0.0,4298.0,0.55,,136.0,,0.2,-15.0,0.1,-14.285714285714285,0.0,0.0,-25.000000000000007,-98.21428571428572,-25.141242937853107,-35.02304147465438,1.5503875968992191,-71.23287671232876,-65.74923547400611,0.0,-10.975609756097555,-7.142857142857134,0.0,0.0,8.977366887318567,-43.2757027847433,0.0
s3-joint,pt0.2_dt-15_m0.1_seed143,3.0,0.4,0.1,0.3,0.4,124.0,26.1,13.7,7.3,14.5,0.2,8.3,5.1,94,88,219854.0,0.0,6225.0,0.55,,143.0,,0.2,-15.0,0.1,-14.285714285714285,0.0,0.0,-25.000000000000007,-92.85714285714285,16.7608286252354,20.276497695852544,6.201550387596891,0.0,-55.65749235474007,0.0,1.2195121951219685,-8.928571428571429,0.0,0.0,2.344310067126591,-17.84347367031807,0.0
s3-joint,pt0.2_dt-15_m0.1_seed150,3.3,0.4,0.1,0.3,0.1,52.2,7.9,11.9,1.2,10.1,0.2,7.1,5.2,94,88,237080.0,0.0,3006.0,0.55,,150.0,,0.2,-15.0,0.1,-5.71428571428572,0.0,0.0,-25.000000000000007,-98.21428571428572,-50.847457627118644,-63.594470046082954,-7.751937984496124,-83.56164383561644,-69.1131498470948,0.0,-13.414634146341461,-7.142857142857134,0.0,0.0,10.363191166475808,-60.32730632176323,0.0
s3-joint,pt0.2_dt-15_m0.1_seed157,3.1,0.4,0.1,0.2,0.1,108.0,15.7,7.8,1.1,24.3,0.2,7.1,6.0,94,88,220469.0,0.0,5890.0,0.55,,157.0,,0.2,-15.0,0.1,-11.428571428571425,0.0,0.0,-50.0,-98.21428571428572,1.6949152542372854,-27.64976958525346,-39.53488372093024,-84.93150684931507,-25.68807339449542,0.0,-13.414634146341461,7.1428571428571495,0.0,0.0,2.6305989256021376,-22.264748581232677,0.0
s3-joint,pt0.2_dt-15_m0.1_seed164,3.3,0.4,0.1,0.3,0.1,77.5,12.5,7.5,1.2,13.2,0.2,7.0,5.1,94,88,233022.0,0.0,4114.0,0.55,,164.0,,0.2,-15.0,0.1,-5.71428571428572,0.0,0.0,-25.000000000000007,-98.21428571428572,-27.024482109227876,-42.3963133640553,-41.86046511627907,-83.56164383561644,-59.63302752293579,0.0,-14.634146341463408,-8.928571428571429,0.0,0.0,8.474150210876182,-45.7041045268576,0.0
s3-joint,pt0.2_dt-15_m0.1_seed171,10.1,4.1,2.0,0.2,37.3,295.0,70.4,28.0,14.7,3.8,1.1,16.4,16.3,94,88,188240.0,0.0,11249.0,0.55,,171.0,,0.2,-15.0,0.1,188.57142857142856,924.9999999999998,1899.9999999999995,-50.0,566.0714285714286,177.7777777777778,224.42396313364057,117.05426356589146,101.36986301369863,-88.37920489296636,450.0,100.0,191.0714285714286,0.0,0.0,-12.372333789533466,48.462452157846116,0.0
s3-joint,pt0.2_dt-15_m0.1_seed178,3.1,0.4,0.1,0.3,0.1,75.6,15.1,20.4,1.6,13.1,0.2,8.0,5.7,94,88,234441.0,0.0,4177.0,0.55,,178.0,,0.2,-15.0,0.1,-11.428571428571425,0.0,0.0,-25.000000000000007,-98.21428571428572,-28.813559322033903,-30.414746543778804,58.13953488372091,-78.0821917808219,-59.9388379204893,0.0,-2.439024390243894,1.7857142857142954,0.0,0.0,9.134709381895371,-44.87264088689455,0.0
s3-joint,pt0.2_dt-15_m0.1_seed185,3.3,0.4,0.1,0.3,0.1,102.0,15.7,9.3,1.4,3.0,0.2,7.0,5.3,94,88,235897.0,0.0,3332.0,0.55,,185.0,,0.2,-15.0,0.1,-5.71428571428572,0.0,0.0,-25.000000000000007,-98.21428571428572,-3.954802259887008,-27.64976958525346,-27.90697674418604,-80.82191780821918,-90.82568807339449,0.0,-14.634146341463408,-5.357142857142854,0.0,0.0,9.812492435456992,-56.02481193084334,0.0
s3-joint,pt0.2_dt-15_m0.1_seed192,2.9,0.4,0.1,0.3,0.5,117.7,16.2,17.6,1.9,34.5,0.3,6.9,7.8,94,88,216275.0,0.0,6913.0,0.55,,192.0,,0.2,-15.0,0.1,-17.142857142857146,0.0,0.0,-25.000000000000007,-91.07142857142857,10.828625235404896,-25.34562211981567,36.43410852713179,-73.97260273972603,5.504587155963294,49.999999999999986,-15.853658536585355,39.28571428571429,0.0,0.0,0.6782485639006042,-8.763362808499405,0.0
s3-joint,pt0.2_dt-15_m0.1_seed199,5.5,3.5,1.5,0.2,31.6,240.2,45.3,28.5,14.5,2.9,0.8,14.2,6.4,94,88,193966.0,0.0,9756.0,0.55,,199.0,,0.2,-15.0,0.1,57.14285714285714,775.0,1399.9999999999998,-50.0,464.28571428571433,126.17702448210923,108.75576036866359,120.93023255813952,98.63013698630138,-91.13149847094802,300.00000000000006,73.17073170731709,14.285714285714299,0.0,0.0,-9.70682158850748,28.75808367427742,0.0
s3-joint,pt0.2_dt-15_m0.1_seed206,2.9,0.4,0.1,0.2,0.1,90.1,21.4,12.0,3.9,20.2,0.2,7.9,5.6,94,88,223878.0,0.0,5765.0,0.55,,206.0,,0.2,-15.0,0.1,-17.142857142857146,0.0,0.0,-50.0,-98.21428571428572,-15.160075329566864,-1.3824884792626762,-6.976744186046514,-46.57534246575342,-38.226299694189606,0.0,-3.658536585365841,0.0,0.0,0.0,4.217523671200738,-23.9144780256038,0.0
s3-joint,pt0.2_dt-15_m0.1_seed213,3.0,0.4,0.1,0.3,0.1,91.5,17.5,16.3,3.5,18.8,0.2,7.8,5.4,94,88,227145.0,0.0,4970.0,0.55,,213.0,,0.2,-15.0,0.1,-14.285714285714285,0.0,0.0,-25.000000000000007,-98.21428571428572,-13.841807909604523,-19.354838709677416,26.356589147286826,-52.054794520547944,-42.50764525993884,0.0,-4.8780487804877986,-3.5714285714285587,0.0,0.0,5.738345948663519,-34.40675729180415,0.0
s3-joint,pt0.2_dt-15_m0.1_seed220,3.5,0.4,0.1,0.3,0.1,64.8,9.2,20.4,1.3,8.6,0.2,7.5,5.1,94,88,240917.0,0.0,2943.0,0.55,,220.0,,0.2,-15.0,0.1,0.0,0.0,0.0,-25.000000000000007,-98.21428571428572,-38.983050847457626,-57.603686635944705,58.13953488372091,-82.19178082191782,-73.70030581039755,0.0,-8.53658536585365,-8.928571428571429,0.0,0.0,12.14935433715983,-61.15876996172628,0.0
s3-joint,pt0.2_dt-15_m0.1_seed227,3.2,0.4,0.1,0.2,0.1,90.1,15.5,18.4,4.0,18.6,0.2,8.1,5.3,94,88,224480.0,0.0,4976.0,0.55,,227.0,,0.2,-15.0,0.1,-8.571428571428566,0.0,0.0,-50.0,-98.21428571428572,-15.160075329566864,-28.57142857142857,42.635658914728666,-45.20547945205479,-43.11926605504588,0.0,-1.219512195121947,-5.357142857142854,0.0,0.0,4.497760895269484,-34.327570278474326,0.0
s3-joint,pt0.2_dt-15_m0.1_seed234,3.3,0.4,0.1,0.3,0.1,73.3,9.2,9.7,1.2,12.8,0.2,6.8,5.2,94,88,235879.0,0.0,3755.0,0.55,,234.0,,0.2,-15.0,0.1,-5.71428571428572,0.0,0.0,-25.000000000000007,-98.21428571428572,-30.979284369114886,-57.603686635944705,-24.806201550387605,-83.56164383561644,-60.85626911314985,0.0,-17.073170731707314,-7.142857142857134,0.0,0.0,9.804113249355268,-50.44212749109146,0.0
s3-joint,pt0.2_dt-15_m0.1_seed241,3.8,0.4,0.1,0.4,0.1,52.6,5.0,2.2,1.4,8.7,0.3,5.8,5.1,94,88,242871.0,0.0,2905.0,0.55,,241.0,,0.2,-15.0,0.1,8.571428571428566,0.0,0.0,0.0,-98.21428571428572,-50.470809792843696,-76.95852534562212,-82.94573643410853,-80.82191780821918,-73.39449541284404,49.999999999999986,-29.268292682926827,-8.928571428571429,0.0,0.0,13.058961539535794,-61.6602877128151,0.0
s3-joint,pt0.2_dt-15_m0.1_seed248,3.0,0.4,0.1,0.3,0.1,71.9,14.6,12.5,1.9,4.8,0.2,7.2,5.7,94,88,236706.0,0.0,3627.0,0.55,,248.0,,0.2,-15.0,0.1,-14.285714285714285,0.0,0.0,-25.000000000000007,-98.21428571428572,-32.29755178907721,-32.718894009216584,-3.1007751937984525,-73.97260273972603,-85.3211009174312,0.0,-12.195121951219502,1.7857142857142954,0.0,0.0,10.189090299695556,-52.131450442127495,0.0
s3-joint,pt0.2_dt-15_m0.1_seed255,4.0,1.7,0.8,0.3,22.3,203.9,46.7,18.9,10.2,2.7,0.2,10.4,7.4,94,88,201204.0,0.0,8482.0,0.55,,255.0,,0.2,-15.0,0.1,14.285714285714285,324.99999999999994,700.0,-25.000000000000007,298.2142857142858,91.99623352165726,115.20737327188941,46.51162790697673,39.72602739726027,-91.74311926605505,0.0,26.82926829268294,32.14285714285715,0.0,0.0,-6.337457754936738,11.944041177246932,0.0
s3-joint,pt0.2_dt-15_m0.1_seed262,3.0,0.4,0.1,0.3,9.0,131.6,21.8,13.1,3.6,2.8,0.2,7.8,5.4,94,88,219952.0,0.0,5077.0,0.55,,262.0,,0.2,-15.0,0.1,-14.285714285714285,0.0,0.0,-25.000000000000007,60.71428571428572,23.9171374764595,0.4608294930875642,1.5503875968992191,-50.68493150684932,-91.43730886850153,0.0,-4.8780487804877986,-3.5714285714285587,0.0,0.0,2.389930080347084,-32.99458888742246,0.0
s3-joint,pt0.2_dt-30_m0.05_seed101,3.5,0.4,0.1,0.4,0.1,72.8,13.7,8.8,1.5,12.7,0.3,6.8,5.5,94,88,235519.0,0.0,3662.0,0.55,,101.0,,0.2,-30.0,0.05,0.0,0.0,0.0,0.0,-98.21428571428572,-31.450094161958575,-36.86635944700461,-31.782945736434105,-79.45205479452055,-61.16207951070337,49.999999999999986,-17.073170731707314,-1.7857142857142794,0.0,0.0,9.636529527320802,-51.669526197703576,0.0
s3-joint,pt0.2_dt-30_m0.05_seed108,3.3,0.4,0.2,0.3,16.8,167.1,57.5,28.9,13.9,5.9,0.2,12.7,10.0,94,88,208548.0,0.0,8770.0,0.55,,108.0,,0.2,-30.0,0.05,-5.71428571428572,0.0,100.0,-25.000000000000007,200.00000000000006,57.34463276836157,164.97695852534562,124.03100775193796,90.41095890410959,-81.9571865443425,0.0,54.87804878048781,78.57142857142858,0.0,0.0,-2.918749825433623,15.745017817078,0.0
s3-joint,pt0.2_dt-30_m0.05_seed115,3.7,0.4,0.1,0.3,0.1,89.0,16.9,14.8,2.2,21.5,0.3,8.1,5.6,94,88,225159.0,0.0,6274.0,0.55,,115.0,,0.2,-30.0,0.05,5.71428571428572,0.0,0.0,-25.000000000000007,-98.21428571428572,-16.19585687382298,-22.11981566820277,14.728682170542637,-69.86301369863014,-34.25076452599389,49.999999999999986,-1.219512195121947,0.0,0.0,0.0,4.813842415440047,-17.196779728124586,0.0
s3-joint,pt0.2_dt-30_m0.05_seed122,3.4,0.4,0.1,0.2,0.2,107.0,25.7,25.1,9.5,19.3,0.3,9.5,6.1,94,88,224124.0,0.0,6723.0,0.55,,122.0,,0.2,-30.0,0.05,-2.85714285714286,0.0,0.0,-50.0,-96.42857142857143,0.7532956685499032,18.433179723502306,94.57364341085271,30.136986301369866,-40.97859327217125,49.999999999999986,15.853658536585376,8.928571428571429,0.0,0.0,4.3320392145909565,-11.270951563943512,0.0
s3-joint,pt0.2_dt-30_m0.05_seed129,3.5,0.6,0.5,0.3,21.3,208.0,33.6,19.4,8.6,2.9,0.2,9.8,6.1,94,88,207664.0,0.0,8041.0,0.55,,129.0,,0.2,-30.0,0.05,0.0,49.999999999999986,400.0,-25.000000000000007,280.3571428571429,95.8568738229755,54.83870967741936,50.387596899224796,17.80821917808219,-91.13149847094802,0.0,19.51219512195124,8.928571428571429,0.0,0.0,-3.3302609650960346,6.123795697505609,0.0
s3-joint,pt0.2_dt-30_m0.05_seed136,3.5,0.4,0.1,0.2,0.2,148.2,23.6,17.3,1.8,32.9,0.3,8.6,7.0,94,88,217678.0,0.0,7779.0,0.55,,136.0,,0.2,-30.0,0.05,0.0,0.0,0.0,-50.0,-96.42857142857143,39.54802259887004,8.755760368663605,34.10852713178294,-75.34246575342466,0.6116207951070205,49.999999999999986,4.87804878048781,25.000000000000007,0.0,0.0,1.3313595694960385,2.665962782103735,0.0
s3-joint,pt0.2_dt-30_m0.05_seed143,3.4,0.4,0.1,0.3,0.7,127.7,23.5,13.3,6.3,27.9,0.3,8.3,5.4,94,88,221125.0,0.0,6759.0,0.55,,143.0,,0.2,-30.0,0.05,-2.85714285714286,0.0,0.0,-25.000000000000007,-87.5,20.24482109227872,8.29493087557604,3.1007751937984525,-13.698630136986301,-14.678899082568819,49.999999999999986,1.2195121951219685,-3.5714285714285587,0.0,0.0,2.9359737079760544,-10.79582948396463,0.0
s3-joint,pt0.2_dt-30_m0.05_seed150,3.5,0.4,0.1,0.3,0.1,76.1,15.4,31.8,1.7,6.0,0.2,8.3,5.3,94,88,239745.0,0.0,3520.0,0.55,,150.0,,0.2,-30.0,0.05,0.0,0.0,0.0,-25.000000000000007,-98.21428571428572,-28.342749529190215,-29.032258064516125,146.51162790697674,-76.71232876712328,-81.65137614678899,0.0,1.2195121951219685,-5.357142857142854,0.0,0.0,11.603776219869843,-53.543618846509176,0.0
s3-joint,pt0.2_dt-30_m0.05_seed157,3.6,0.4,0.1,0.4,0.1,118.2,22.4,29.9,6.6,19.2,0.2,8.9,5.5,94,88,225386.0,0.0,6168.0,0.55,,157.0,,0.2,-30.0,0.05,2.85714285714286,0.0,0.0,0.0,-98.21428571428572,11.299435028248588,3.2258064516129004,131.7829457364341,-9.589041095890414,-41.28440366972478,0.0,8.536585365853671,-1.7857142857142794,0.0,0.0,4.919513262389557,-18.595750296951298,0.0
s3-joint,pt0.2_dt-30_m0.05_seed164,3.3,0.4,0.1,0.3,0.1,104.1,19.0,11.9,2.1,19.1,0.3,7.5,6.0,94,88,225095.0,0.0,5791.0,0.55,,164.0,,0.2,-30.0,0.05,-5.71428571428572,0.0,0.0,-25.000000000000007,-98.21428571428572,-1.977401129943511,-12.442396313364053,-7.751937984496124,-71.23287671232876,-41.59021406727829,49.999999999999986,-8.53658536585365,7.1428571428571495,0.0,0.0,4.784049753745031,-23.571334301174605,0.0
s3-joint,pt0.2_dt-30_m0.05_seed171,3.8,0.4,0.1,0.5,10.4,223.4,58.6,29.4,17.5,41.3,0.2,12.7,8.0,94,88,199330.0,0.0,11795.0,0.55,,171.0,,0.2,-30.0,0.05,8.571428571428566,0.0,0.0,24.999999999999993,85.71428571428574,110.3578154425612,170.04608294930878,127.90697674418605,139.72602739726028,26.29969418960243,0.0,54.87804878048781,42.85714285714287,0.0,0.0,-7.209824130193931,55.66847037085918,0.0
s3-joint,pt0.2_dt-30_m0.05_seed178,3.3,0.4,0.1,0.3,3.6,124.2,19.8,12.9,2.1,2.9,0.3,7.4,5.9,94,88,226093.0,0.0,4464.0,0.55,,178.0,,0.2,-30.0,0.05,-5.71428571428572,0.0,0.0,-25.000000000000007,-35.71428571428571,16.94915254237288,-8.755760368663589,0.0,-71.23287671232876,-91.13149847094802,49.999999999999986,-9.756097560975597,5.35714285714287,0.0,0.0,5.24862907205169,-41.08486208261845,0.0
s3-joint,pt0.2_dt-30_m0.05_seed185,3.4,0.4,0.1,0.3,0.1,108.7,21.4,17.3,4.5,18.0,0.2,8.1,5.1,94,88,229447.0,0.0,5282.0,0.55,,185.0,,0.2,-30.0,0.05,-2.85714285714286,0.0,0.0,-25.000000000000007,-98.21428571428572,2.354048964218456,-1.3824884792626762,34.10852713178294,-38.35616438356164,-44.95412844036697,0.0,-1.219512195121947,-8.928571428571429,0.0,0.0,6.809950749006136,-30.28903259865382,0.0
s3-joint,pt0.2_dt-30_m0.05_seed192,3.5,0.4,0.1,0.3,0.1,98.1,25.4,25.6,2.1,10.4,0.2,8.4,5.6,94,88,235648.0,0.0,4263.0,0.55,,192.0,,0.2,-30.0,0.05,0.0,0.0,0.0,-25.000000000000007,-98.21428571428572,-7.627118644067804,17.05069124423963,98.44961240310079,-71.23287671232876,-68.19571865443426,0.0,2.4390243902439157,0.0,0.0,0.0,9.696580361049818,-43.737627029167214,0.0
s3-joint,pt0.2_dt-30_m0.05_seed199,3.7,0.4,0.1,0.3,0.5,118.7,14.9,13.4,2.1,29.8,0.2,6.2,8.0,94,88,218542.0,0.0,7087.0,0.55,,199.0,,0.2,-30.0,0.05,5.71428571428572,0.0,0.0,-25.000000000000007,-91.07142857142857,11.770244821092279,-31.336405529953915,3.875968992248062,-71.23287671232876,-8.868501529051994,0.0,-24.390243902439014,42.85714285714287,0.0,0.0,1.733560502378758,-6.4669394219348035,0.0
s3-joint,pt0.2_dt-30_m0.05_seed206,3.5,0.4,0.1,0.3,0.1,83.5,18.9,41.1,3.9,4.2,0.2,9.3,5.4,94,88,236105.0,0.0,3722.0,0.55,,206.0,,0.2,-30.0,0.05,0.0,0.0,0.0,-25.000000000000007,-98.21428571428572,-21.374764595103578,-12.903225806451616,218.60465116279073,-46.57534246575342,-87.1559633027523,0.0,13.41463414634148,-3.5714285714285587,0.0,0.0,9.909318585965794,-50.87765606440544,0.0
s3-joint,pt0.2_dt-30_m0.05_seed213,10.5,5.6,1.7,0.3,38.2,205.1,46.4,26.8,16.1,7.9,1.0,13.4,7.5,94,88,194057.0,0.0,10301.0,0.55,,213.0,,0.2,-30.0,0.05,200.0,1299.9999999999998,1599.9999999999998,-25.000000000000007,582.1428571428572,93.1261770244821,113.82488479262673,107.75193798449611,120.54794520547946,-75.84097859327218,400.0,63.414634146341484,33.92857142857144,0.0,0.0,-9.664460147659879,35.95090405173551,0.0
s3-joint,pt0.2_dt-30_m0.05_seed220,4.8,2.8,1.5,0.2,28.4,258.7,51.5,30.6,13.8,5.6,1.0,17.1,6.3,94,88,194402.0,0.0,10880.0,0.55,,220.0,,0.2,-30.0,0.05,37.14285714285714,599.9999999999999,1399.9999999999998,-50.0,407.1428571428571,143.5969868173258,137.32718894009219,137.2093023255814,89.04109589041097,-82.87461773700305,400.0,108.53658536585368,12.500000000000004,0.0,0.0,-9.503859080710182,43.59245083806256,0.0
s3-joint,pt0.2_dt-30_m0.05_seed227,4.1,2.1,0.9,0.2,33.4,206.8,50.1,28.2,13.0,19.9,0.3,13.7,5.9,94,88,198493.0,0.0,10660.0,0.55,,227.0,,0.2,-30.0,0.05,17.14285714285713,425.0,800.0,-50.0,496.42857142857144,94.72693032015066,130.87557603686636,118.60465116279069,78.08219178082192,-39.143730886850165,49.999999999999986,67.07317073170732,5.35714285714287,0.0,0.0,-7.5994562839240665,40.68892701596938,0.0
s3-joint,pt0.2_dt-30_m0.05_seed234,3.5,0.4,0.1,0.4,0.1,69.2,8.2,14.7,1.3,13.2,0.2,7.5,5.0,94,88,238118.0,0.0,3600.0,0.55,,234.0,,0.2,-30.0,0.05,0.0,0.0,0.0,0.0,-98.21428571428572,-34.83992467043314,-62.21198156682027,13.953488372093014,-82.19178082191782,-59.63302752293579,0.0,-8.53658536585365,-10.714285714285708,0.0,0.0,10.846390898341852,-52.487792002111654,0.0
s3-joint,pt0.2_dt-30_m0.05_seed241,3.4,0.4,0.1,0.3,0.1,95.2,18.8,14.9,1.8,9.3,0.2,7.6,5.5,94,88,234532.0,0.0,4129.0,0.55,,241.0,,0.2,-30.0,0.05,-2.85714285714286,0.0,0.0,-25.000000000000007,-98.21428571428572,-10.357815442561206,-13.364055299539165,15.503875968992247,-75.34246575342466,-71.55963302752293,0.0,-7.317073170731704,-1.7857142857142794,0.0,0.0,9.177070822742973,-45.50613699353306,0.0
s3-joint,pt0.2_dt-30_m0.05_seed248,3.6,0.4,0.1,0.3,0.1,71.3,5.8,7.2,1.4,4.2,0.3,6.4,5.1,94,88,244612.0,0.0,2751.0,0.55,,248.0,,0.2,-30.0,0.05,2.85714285714286,0.0,0.0,-25.000000000000007,-98.21428571428572,-32.86252354048965,-73.27188940092165,-44.18604651162791,-80.82191780821918,-87.1559633027523,49.999999999999986,-21.95121951219511,-8.928571428571429,0.0,0.0,13.869415039708032,-63.69275438828033,0.0
s3-joint,pt0.2_dt-30_m0.05_seed255,3.4,0.4,0.1,0.3,0.1,101.6,11.8,6.7,1.3,25.4,0.2,6.3,6.4,94,88,224841.0,0.0,6074.0,0.55,,255.0,,0.2,-30.0,0.05,-2.85714285714286,0.0,0.0,-25.000000000000007,-98.21428571428572,-4.3314500941619665,-45.6221198156682,-48.06201550387597,-82.19178082191782,-22.32415902140674,0.0,-23.170731707317067,14.285714285714299,0.0,0.0,4.665810127642935,-19.836346839118384,0.0
s3-joint,pt0.2_dt-30_m0.05_seed262,3.3,0.4,0.1,0.3,0.1,79.0,11.2,6.3,1.4,19.7,0.3,6.5,5.1,94,88,229751.0,0.0,4712.0,0.55,,262.0,,0.2,-30.0,0.05,-5.71428571428572,0.0,0.0,-25.000000000000007,-98.21428571428572,-25.6120527306968,-48.38709677419355,-51.162790697674424,-80.82191780821918,-39.755351681957194,49.999999999999986,-20.731707317073162,-8.928571428571429,0.0,0.0,6.951465892057462,-37.81179886498614,0.0
s3-joint,pt0.2_dt-30_m0.0_seed101,3.4,0.4,0.1,0.3,1.4,160.7,53.5,19.8,10.7,21.8,0.2,10.0,11.4,94,88,218067.0,0.0,8593.0,0.55,,101.0,,0.2,-30.0,0.0,-2.85714285714286,0.0,0.0,-25.000000000000007,-74.99999999999999,51.31826741996232,146.54377880184333,53.48837209302326,46.575342465753415,-33.333333333333336,0.0,21.951219512195134,103.57142857142858,0.0,0.0,1.5124430913610591,13.409000923848488,0.0
s3-joint,pt0.2_dt-30_m0.0_seed108,3.7,0.4,0.1,0.3,0.1,127.7,39.2,23.6,11.3,16.4,0.2,9.2,7.6,94,88,224582.0,0.0,6566.0,0.55,,108.0,,0.2,-30.0,0.0,5.71428571428572,0.0,0.0,-25.000000000000007,-98.21428571428572,20.24482109227872,80.64516129032259,82.94573643410853,54.79452054794521,-49.84709480122325,0.0,12.195121951219514,35.714285714285715,0.0,0.0,4.545242949845916,-13.343011746073644,0.0
s3-joint,pt0.2_dt-30_m0.0_seed115,3.5,0.4,0.1,0.3,1.0,105.5,15.5,14.7,2.3,36.6,0.2,5.7,9.5,94,88,218794.0,0.0,7226.0,0.55,,115.0,,0.2,-30.0,0.0,0.0,0.0,0.0,-25.000000000000007,-82.14285714285714,-0.6591337099811703,-28.57142857142857,13.953488372093014,-68.4931506849315,11.926605504587151,0.0,-30.487804878048774,69.64285714285715,0.0,0.0,1.8508691078028845,-4.632440279794114,0.0
s3-joint,pt0.2_dt-30_m0.0_seed122,3.3,0.7,0.1,0.6,2.7,129.3,22.7,19.3,7.2,31.1,0.2,9.5,6.6,94,88,214598.0,0.0,8360.0,0.55,,122.0,,0.2,-30.0,0.0,-5.71428571428572,74.99999999999997,0.0,49.999999999999986,-51.78571428571428,21.75141242937854,4.6082949308755765,49.6124031007752,-1.3698630136986254,-4.892966360856273,0.0,15.853658536585376,17.857142857142858,0.0,0.0,-0.10241227457661835,10.333905239540716,0.0
s3-joint,pt0.2_dt-30_m0.0_seed129,3.6,0.4,0.1,0.3,9.7,147.6,45.1,19.5,12.1,16.7,0.2,9.6,6.7,94,88,213814.0,0.0,8695.0,0.55,,129.0,,0.2,-30.0,0.0,2.85714285714286,0.0,0.0,-25.000000000000007,73.21428571428571,38.98305084745762,107.8341013824885,51.16279069767441,65.75342465753424,-48.9296636085627,0.0,17.073170731707325,19.642857142857153,0.0,0.0,-0.4673723803405674,14.755180150455324,0.0
s3-joint,pt0.2_dt-30_m0.0_seed136,3.7,0.4,0.1,0.2,3.6,143.9,33.1,32.1,14.3,38.8,0.3,10.6,6.0,94,88,211430.0,0.0,9239.0,0.55,,136.0,,0.2,-30.0,0.0,5.71428571428572,0.0,0.0,-50.0,-35.71428571428571,35.49905838041432,52.53456221198158,148.8372093023256,95.89041095890413,18.654434250764506,49.999999999999986,29.268292682926838,7.1428571428571495,0.0,0.0,-1.5771490284799226,21.934802692358453,0.0
s3-joint,pt0.2_dt-30_m0.0_seed143,3.7,0.4,0.1,0.4,10.4,136.2,20.5,13.2,4.3,3.4,0.3,8.0,5.5,94,88,222995.0,0.0,5876.0,0.55,,143.0,,0.2,-30.0,0.0,5.71428571428572,0.0,0.0,0.0,85.71428571428574,28.248587570621453,-5.529953917050688,2.325581395348829,-41.09589041095891,-89.60244648318043,49.999999999999986,-2.439024390243894,-1.7857142857142794,0.0,0.0,3.80647804187731,-22.44951827900224,0.0
s3-joint,pt0.2_dt-30_m0.0_seed150,3.7,0.4,0.1,0.3,0.3,122.3,21.8,12.9,1.9,31.3,0.2,8.2,6.9,94,88,219764.0,0.0,7295.0,0.55,,150.0,,0.2,-30.0,0.0,5.71428571428572,0.0,0.0,-25.000000000000007,-94.64285714285715,15.16007532956685,0.4608294930875642,0.0,-73.97260273972603,-4.281345565749241,0.0,0.0,23.21428571428573,0.0,0.0,2.3024141366179744,-3.721789626501254,0.0
s3-joint,pt0.2_dt-30_m0.0_seed157,26.1,8.9,3.0,0.5,47.2,390.9,69.1,42.6,25.2,16.5,5.5,27.1,9.3,94,88,171693.0,0.0,15863.0,0.55,,157.0,,0.2,-30.0,0.0,645.7142857142858,2125.0,2899.9999999999995,24.999999999999993,742.857142857143,268.07909604519773,218.43317972350226,230.2325581395349,245.2054794520548,-49.54128440366973,2649.9999999999995,230.48780487804882,66.0714285714286,0.0,0.0,-20.07513336871212,109.35726540847301,0.0
s3-joint,pt0.2_dt-30_m0.0_seed164,13.8,4.8,4.4,0.2,36.4,267.5,57.6,28.7,19.2,3.5,2.6,16.8,8.4,94,88,186439.0,0.0,12678.0,0.55,,164.0,,0.2,-30.0,0.0,294.28571428571433,1099.9999999999998,4300.000000000001,-50.0,550.0,151.88323917137475,165.4377880184332,122.48062015503875,163.01369863013696,-89.29663608562691,1199.9999999999998,104.87804878048783,50.000000000000014,0.0,0.0,-13.210717910044782,67.32215916589679,0.0
s3-joint,pt0.2_dt-30_m0.0_seed171,3.6,0.4,0.1,0.4,1.9,118.0,21.6,13.6,6.9,20.0,0.3,7.9,5.9,94,88,223342.0,0.0,6895.0,0.55,,171.0,,0.2,-30.0,0.0,2.85714285714286,0.0,0.0,0.0,-66.07142857142857,11.111111111111107,-0.4608294930875478,5.426356589147281,-5.479452054794513,-38.83792048929664,49.999999999999986,-3.658536585365841,5.35714285714287,0.0,0.0,3.9680101295049766,-9.000923848488847,0.0
s3-joint,pt0.2_dt-30_m0.0_seed178,7.9,3.7,3.2,0.2,32.2,243.6,51.1,33.5,12.8,4.6,1.1,18.1,7.3,94,88,194488.0,0.0,11264.0,0.55,,178.0,,0.2,-30.0,0.0,125.71428571428574,825.0,3100.0,-50.0,475.0000000000001,129.3785310734463,135.48387096774195,159.68992248062017,75.34246575342468,-85.93272171253822,450.0,120.73170731707322,30.35714285714286,0.0,0.0,-9.463825191557504,48.660419691170645,0.0
s3-joint,pt0.2_dt-30_m0.0_seed185,3.7,0.4,0.1,0.3,0.1,132.7,23.4,39.9,7.2,20.5,0.3,10.0,6.2,94,88,222398.0,0.0,6779.0,0.55,,185.0,,0.2,-30.0,0.0,5.71428571428572,0.0,0.0,-25.000000000000007,-98.21428571428572,24.952919020715616,7.834101382488476,209.3023255813953,-1.3698630136986254,-37.308868501529055,49.999999999999986,21.951219512195134,10.714285714285724,0.0,0.0,3.528568369503487,-10.53187277286525,0.0
s3-joint,pt0.2_dt-30_m0.0_seed192,3.5,0.4,0.1,0.3,2.1,90.7,18.1,13.5,6.8,19.8,0.2,8.1,5.0,94,88,226134.0,0.0,6054.0,0.55,,192.0,,0.2,-30.0,0.0,0.0,0.0,0.0,-25.000000000000007,-62.5,-14.595103578154426,-16.589861751152064,4.651162790697672,-6.8493150684931505,-39.44954128440367,0.0,-1.219512195121947,-10.714285714285708,0.0,0.0,5.26771499595006,-20.100303550217763,0.0
s3-joint,pt0.2_dt-30_m0.0_seed199,3.5,0.4,0.1,0.4,0.1,92.1,22.8,62.8,7.8,11.5,0.2,11.0,5.2,94,88,230038.0,0.0,6188.0,0.55,,199.0,,0.2,-30.0,0.0,0.0,0.0,0.0,0.0,-98.21428571428572,-13.276836158192099,5.069124423963141,386.8217054263566,6.8493150684931505,-64.83180428134557,0.0,34.14634146341465,-7.142857142857134,0.0,0.0,7.08506735934605,-18.331793585851923,0.0
s3-joint,pt0.2_dt-30_m0.0_seed206,4.1,1.3,1.1,0.3,22.4,245.3,43.3,22.3,12.8,3.2,0.2,11.7,6.7,94,88,201220.0,0.0,9628.0,0.55,,206.0,,0.2,-30.0,0.0,17.14285714285713,225.0,1000.0,-25.000000000000007,299.99999999999994,130.9792843691149,99.53917050691243,72.86821705426357,75.34246575342468,-90.21406727828747,0.0,42.6829268292683,19.642857142857153,0.0,0.0,-6.330009589512983,27.068760723241386,0.0
s3-joint,pt0.2_dt-30_m0.0_seed213,3.7,0.4,0.1,0.3,10.2,149.6,39.2,19.7,11.0,32.4,0.2,9.4,6.9,94,88,211593.0,0.0,8736.0,0.55,,213.0,,0.2,-30.0,0.0,5.71428571428572,0.0,0.0,-25.000000000000007,82.14285714285714,40.86629001883239,80.64516129032259,52.71317829457364,50.68493150684932,-0.9174311926605634,0.0,14.634146341463428,23.21428571428573,0.0,0.0,-1.501270843225428,15.296291408209054,0.0
s3-joint,pt0.2_dt-30_m0.0_seed220,3.6,0.4,0.1,0.2,0.1,95.4,21.4,40.5,7.0,18.6,0.2,9.6,5.1,94,88,229035.0,0.0,5824.0,0.55,,220.0,,0.2,-30.0,0.0,2.85714285714286,0.0,0.0,-50.0,-98.21428571428572,-10.169491525423725,-1.3824884792626762,213.95348837209303,-4.109589041095888,-43.11926605504588,0.0,17.073170731707325,-8.928571428571429,0.0,0.0,6.6181604893444685,-23.13580572786063,0.0
s3-joint,pt0.2_dt-30_m0.0_seed227,5.4,3.0,1.1,0.3,27.9,232.0,49.3,29.8,15.0,3.4,0.9,16.4,6.8,94,88,194548.0,0.0,10810.0,0.55,,227.0,,0.2,-30.0,0.0,54.28571428571429,650.0,1000.0,-25.000000000000007,398.21428571428567,118.45574387947269,127.18894009216591,131.0077519379845,105.47945205479452,-89.60244648318043,349.99999999999994,100.0,21.428571428571434,0.0,0.0,-9.435894571218427,42.66860234921473,0.0
s3-joint,pt0.2_dt-30_m0.0_seed234,3.5,0.4,0.1,0.4,7.6,160.5,25.5,14.0,7.0,38.3,0.2,8.3,6.0,94,88,211811.0,0.0,8827.0,0.55,,234.0,,0.2,-30.0,0.0,0.0,0.0,0.0,0.0,35.714285714285715,51.12994350282486,17.511520737327192,8.527131782945734,-4.109589041095888,17.125382262996926,0.0,1.2195121951219685,7.1428571428571495,0.0,0.0,-1.3997895893267789,16.49729444371123,0.0
s3-joint,pt0.2_dt-30_m0.0_seed241,3.5,0.6,0.1,0.5,3.2,150.7,30.7,31.3,13.9,38.6,0.2,10.9,6.4,94,88,212271.0,0.0,9532.0,0.55,,241.0,,0.2,-30.0,0.0,0.0,49.999999999999986,0.0,24.999999999999993,-42.85714285714285,41.9020715630885,41.474654377880185,142.63565891472868,90.41095890410959,18.042813455657488,0.0,32.9268292682927,14.285714285714299,0.0,0.0,-1.1856548333938497,25.80176850996437,0.0
s3-joint,pt0.2_dt-30_m0.0_seed248,3.6,0.7,0.1,0.6,6.9,140.6,30.6,16.9,4.8,48.0,0.3,8.1,8.9,94,88,206827.0,0.0,9905.0,0.55,,248.0,,0.2,-30.0,0.0,2.85714285714286,74.99999999999997,0.0,49.999999999999986,23.21428571428573,32.391713747645944,41.01382488479264,31.00775193798448,-34.24657534246575,46.78899082568806,49.999999999999986,-1.219512195121947,58.928571428571445,0.0,0.0,-3.719893118826169,30.724561171967796,0.0
s3-joint,pt0.2_dt-30_m0.0_seed255,3.7,0.4,0.1,0.3,2.1,141.4,22.8,18.5,2.9,37.8,0.2,7.9,7.5,94,88,214585.0,0.0,8712.0,0.55,,255.0,,0.2,-30.0,0.0,5.71428571428572,0.0,0.0,-25.000000000000007,-62.5,33.14500941619586,5.069124423963141,43.410852713178286,-60.27397260273973,15.59633027522934,0.0,-3.658536585365841,33.92857142857144,0.0,0.0,-0.10846390898341854,14.979543354889799,0.0
s3-joint,pt0.2_dt-30_m0.0_seed262,4.3,2.5,1.0,0.3,25.2,229.7,40.2,19.9,11.8,3.2,0.6,10.5,6.0,94,88,201865.0,0.0,9244.0,0.55,,262.0,,0.2,-30.0,0.0,22.85714285714285,525.0,900.0,-25.000000000000007,350.00000000000006,116.2900188323917,85.25345622119818,54.26356589147285,61.643835616438366,-90.21406727828747,199.99999999999997,28.04878048780489,7.1428571428571495,0.0,0.0,-6.029755420867898,22.0007918701333,0.0
s3-joint,pt0.2_dt-30_m0.15_seed101,3.1,0.4,0.1,0.3,0.1,32.6,1.0,2.1,1.1,3.1,0.2,5.5,4.9,94,88,252202.0,0.0,1002.0,0.55,,101.0,,0.2,-30.0,0.15,-11.428571428571425,0.0,0.0,-25.000000000000007,-98.21428571428572,-69.30320150659132,-95.39170506912443,-83.72093023255815,-84.93150684931507,-90.51987767584097,0.0,-32.92682926829268,-12.499999999999988,0.0,0.0,17.402638512601364,-86.77576877392109,0.0
s3-joint,pt0.2_dt-30_m0.15_seed108,3.0,0.4,0.1,0.3,0.1,29.3,0.1,2.3,1.1,3.1,0.2,5.3,4.9,94,88,255695.0,0.0,920.0,0.55,,108.0,,0.2,-30.0,0.15,-14.285714285714285,0.0,0.0,-25.000000000000007,-98.21428571428572,-72.4105461393597,-99.53917050691243,-82.17054263565893,-84.93150684931507,-90.51987767584097,0.0,-35.36585365853659,-12.499999999999988,0.0,0.0,19.028666126674672,-87.85799128942854,0.0
s3-joint,pt0.2_dt-30_m0.15_seed115,3.4,0.4,0.1,0.3,0.1,47.0,5.6,4.0,1.0,3.2,0.2,6.0,5.0,94,88,245911.0,0.0,1454.0,0.55,,115.0,,0.2,-30.0,0.15,-2.85714285714286,0.0,0.0,-25.000000000000007,-98.21428571428572,-55.74387947269304,-74.19354838709678,-68.9922480620155,-86.3013698630137,-90.21406727828747,0.0,-26.829268292682922,-10.714285714285708,0.0,0.0,14.474112970049067,-80.8103471030751,0.0
s3-joint,pt0.2_dt-30_m0.15_seed122,3.2,0.5,0.1,0.4,0.1,21.4,0.2,2.2,1.3,3.1,0.2,5.3,5.0,94,88,254377.0,0.0,766.0,0.55,,122.0,,0.2,-30.0,0.15,-8.571428571428566,24.999999999999993,0.0,0.0,-98.21428571428572,-79.84934086629004,-99.07834101382488,-82.94573643410853,-82.19178082191782,-90.51987767584097,0.0,-35.36585365853659,-10.714285714285708,0.0,0.0,18.415123499892932,-89.89045796489376,0.0
s3-joint,pt0.2_dt-30_m0.15_seed129,3.1,0.4,0.1,0.3,0.1,44.1,1.4,2.2,1.2,3.4,0.2,5.4,5.0,94,88,255320.0,0.0,1088.0,0.55,,129.0,,0.2,-30.0,0.15,-11.428571428571425,0.0,0.0,-25.000000000000007,-98.21428571428572,-58.47457627118644,-93.5483870967742,-82.94573643410853,-83.56164383561644,-89.60244648318043,0.0,-34.14634146341463,-10.714285714285708,0.0,0.0,18.854099749555438,-85.64075491619374,0.0
s3-joint,pt0.2_dt-30_m0.15_seed136,3.1,0.4,0.1,0.3,0.1,100.7,13.4,7.8,1.1,2.9,0.2,6.8,5.1,94,88,230961.0,0.0,2854.0,0.55,,136.0,,0.2,-30.0,0.15,-11.428571428571425,0.0,0.0,-25.000000000000007,-98.21428571428572,-5.178907721280603,-38.248847926267274,-39.53488372093024,-84.93150684931507,-91.13149847094802,0.0,-17.073170731707314,-8.928571428571429,0.0,0.0,7.514733402228864,-62.33337732611852,0.0
s3-joint,pt0.2_dt-30_m0.15_seed143,3.0,0.4,0.1,0.4,0.1,23.7,0.1,2.3,1.0,3.1,0.2,5.3,5.0,94,88,256640.0,0.0,680.0,0.55,,143.0,,0.2,-30.0,0.15,-14.285714285714285,0.0,0.0,0.0,-98.21428571428572,-77.68361581920904,-99.53917050691243,-82.17054263565893,-86.3013698630137,-90.51987767584097,0.0,-35.36585365853659,-10.714285714285708,0.0,0.0,19.46857339701515,-91.02547182262109,0.0
s3-joint,pt0.2_dt-30_m0.15_seed150,3.3,0.4,0.1,0.3,0.1,36.3,2.2,2.2,1.1,3.2,0.2,5.4,5.0,94,88,250166.0,0.0,1093.0,0.55,,150.0,,0.2,-30.0,0.15,-5.71428571428572,0.0,0.0,-25.000000000000007,-98.21428571428572,-65.81920903954803,-89.86175115207374,-82.94573643410853,-84.93150684931507,-90.21406727828747,0.0,-34.14634146341463,-10.714285714285708,0.0,0.0,16.45485946242866,-85.5747657384189,0.0
s3-joint,pt0.2_dt-30_m0.15_seed157,3.1,0.4,0.1,0.3,0.1,26.0,1.1,2.3,1.1,3.1,0.2,5.4,5.0,94,88,252178.0,0.0,854.0,0.55,,157.0,,0.2,-30.0,0.15,-11.428571428571425,0.0,0.0,-25.000000000000007,-98.21428571428572,-75.51789077212806,-94.93087557603685,-82.17054263565893,-84.93150684931507,-90.51987767584097,0.0,-34.14634146341463,-10.714285714285708,0.0,0.0,17.391466264465734,-88.72904843605649,0.0
s3-joint,pt0.2_dt-30_m0.15_seed164,3.4,0.4,0.1,0.4,0.1,25.1,1.5,2.1,1.2,3.3,0.2,5.4,5.1,94,88,254754.0,0.0,792.0,0.55,,164.0,,0.2,-30.0,0.15,-2.85714285714286,0.0,0.0,0.0,-98.21428571428572,-76.3653483992467,-93.08755760368663,-83.72093023255815,-83.56164383561644,-89.90825688073394,0.0,-34.14634146341463,-8.928571428571429,0.0,0.0,18.590620897690137,-89.54731424046456,0.0
s3-joint,pt0.2_dt-30_m0.15_seed171,3.3,0.4,0.1,0.3,0.1,40.5,4.5,2.2,1.3,3.4,0.2,5.8,5.1,94,88,249980.0,0.0,1322.0,0.55,,171.0,,0.2,-30.0,0.15,-5.71428571428572,0.0,0.0,-25.000000000000007,-98.21428571428572,-61.86440677966102,-79.26267281105991,-82.94573643410853,-82.19178082191782,-89.60244648318043,0.0,-29.268292682926827,-8.928571428571429,0.0,0.0,16.36827453937752,-82.552461396331,0.0
s3-joint,pt0.2_dt-30_m0.15_seed178,3.2,0.4,0.1,0.3,0.1,20.5,0.1,2.2,1.1,3.1,0.2,5.3,4.9,94,88,255615.0,0.0,680.0,0.55,,178.0,,0.2,-30.0,0.15,-8.571428571428566,0.0,0.0,-25.000000000000007,-98.21428571428572,-80.69679849340866,-99.53917050691243,-82.94573643410853,-84.93150684931507,-90.51987767584097,0.0,-35.36585365853659,-12.499999999999988,0.0,0.0,18.991425299555903,-91.02547182262109,0.0
s3-joint,pt0.2_dt-30_m0.15_seed185,3.3,0.4,0.1,0.3,0.1,32.5,2.0,2.2,1.1,3.1,0.3,5.4,5.0,94,88,251765.0,0.0,923.0,0.55,,185.0,,0.2,-30.0,0.15,-5.71428571428572,0.0,0.0,-25.000000000000007,-98.21428571428572,-69.39736346516008,-90.78341013824884,-82.94573643410853,-84.93150684931507,-90.51987767584097,49.999999999999986,-34.14634146341463,-10.714285714285708,0.0,0.0,17.19921049446508,-87.81839778276363,0.0
s3-joint,pt0.2_dt-30_m0.15_seed192,3.2,0.4,0.1,0.3,0.1,22.5,0.1,2.3,1.3,3.2,0.2,5.3,5.0,94,88,255847.0,0.0,719.0,0.55,,192.0,,0.2,-30.0,0.15,-8.571428571428566,0.0,0.0,-25.000000000000007,-98.21428571428572,-78.8135593220339,-99.53917050691243,-82.17054263565893,-82.19178082191782,-90.21406727828747,0.0,-35.36585365853659,-10.714285714285708,0.0,0.0,19.099423698200336,-90.5107562359773,0.0
s3-joint,pt0.2_dt-30_m0.15_seed199,3.2,0.4,0.1,0.3,0.1,40.2,3.2,4.2,1.1,3.3,0.2,6.0,5.1,94,88,251946.0,0.0,1305.0,0.55,,199.0,,0.2,-30.0,0.15,-8.571428571428566,0.0,0.0,-25.000000000000007,-98.21428571428572,-62.146892655367225,-85.25345622119816,-67.44186046511628,-84.93150684931507,-89.90825688073394,0.0,-26.829268292682922,-8.928571428571429,0.0,0.0,17.2834678658213,-82.77682460076548,0.0
s3-joint,pt0.2_dt-30_m0.15_seed206,3.1,0.4,0.1,0.3,0.1,40.6,3.4,2.2,1.4,3.3,0.2,5.6,5.0,94,88,248307.0,0.0,1331.0,0.55,,206.0,,0.2,-30.0,0.15,-11.428571428571425,0.0,0.0,-25.000000000000007,-98.21428571428572,-61.77024482109227,-84.33179723502305,-82.94573643410853,-80.82191780821918,-89.90825688073394,0.0,-31.70731707317073,-10.714285714285708,0.0,0.0,15.589475742256237,-82.43368087633628,0.0
s3-joint,pt0.2_dt-30_m0.15_seed213,3.1,0.4,0.1,0.3,0.1,29.7,2.1,6.3,1.0,3.2,0.2,6.0,5.0,94,88,251689.0,0.0,1064.0,0.55,,213.0,,0.2,-30.0,0.15,-11.428571428571425,0.0,0.0,-25.000000000000007,-98.21428571428572,-72.03389830508475,-90.32258064516128,-51.162790697674424,-86.3013698630137,-90.21406727828747,0.0,-26.829268292682922,-10.714285714285708,0.0,0.0,17.16383170870225,-85.957502969513,0.0
s3-joint,pt0.2_dt-30_m0.15_seed220,3.1,0.4,0.1,0.3,0.1,40.7,3.2,2.5,1.4,3.1,0.2,5.7,4.9,94,88,252101.0,0.0,1167.0,0.55,,220.0,,0.2,-30.0,0.15,-11.428571428571425,0.0,0.0,-25.000000000000007,-98.21428571428572,-61.67608286252354,-85.25345622119816,-80.62015503875969,-80.82191780821918,-90.51987767584097,0.0,-30.487804878048774,-12.499999999999988,0.0,0.0,17.35562196836392,-84.59812590735119,0.0
s3-joint,pt0.2_dt-30_m0.15_seed227,3.3,0.4,0.1,0.3,0.1,44.4,3.9,2.9,1.3,3.1,0.3,5.9,5.0,94,88,245198.0,0.0,1396.0,0.55,,227.0,,0.2,-30.0,0.15,-5.71428571428572,0.0,0.0,-25.000000000000007,-98.21428571428572,-58.192090395480236,-82.02764976958527,-77.51937984496124,-82.19178082191782,-90.51987767584097,49.999999999999986,-28.04878048780487,-10.714285714285708,0.0,0.0,14.142204098353025,-81.5758215652633,0.0
s3-joint,pt0.2_dt-30_m0.15_seed234,3.2,0.4,0.1,0.3,0.1,30.8,0.4,2.3,1.1,3.2,0.2,5.4,5.0,94,88,254846.0,0.0,844.0,0.55,,234.0,,0.2,-30.0,0.15,-8.571428571428566,0.0,0.0,-25.000000000000007,-98.21428571428572,-70.99811676082864,-98.15668202764978,-82.17054263565893,-84.93150684931507,-90.21406727828747,0.0,-34.14634146341463,-10.714285714285708,0.0,0.0,18.633447848876724,-88.86102679160618,0.0
s3-joint,pt0.2_dt-30_m0.15_seed241,3.2,0.4,0.1,0.3,0.1,32.3,0.3,2.3,1.2,3.2,0.2,5.3,4.9,94,88,251844.0,0.0,867.0,0.55,,241.0,,0.2,-30.0,0.15,-8.571428571428566,0.0,0.0,-25.000000000000007,-98.21428571428572,-69.58568738229755,-98.61751152073732,-82.17054263565893,-83.56164383561644,-90.21406727828747,0.0,-35.36585365853659,-12.499999999999988,0.0,0.0,17.235985811244866,-88.55747657384188,0.0
s3-joint,pt0.2_dt-30_m0.15_seed248,3.4,0.4,0.1,0.3,0.1,32.9,2.6,2.4,1.0,3.2,0.2,5.5,5.0,94,88,252157.0,0.0,1158.0,0.55,,248.0,,0.2,-30.0,0.15,-2.85714285714286,0.0,0.0,-25.000000000000007,-98.21428571428572,-69.02071563088514,-88.0184331797235,-81.3953488372093,-86.3013698630137,-90.21406727828747,0.0,-32.92682926829268,-10.714285714285708,0.0,0.0,17.381690547347056,-84.71690642734592,0.0
s3-joint,pt0.2_dt-30_m0.15_seed255,3.2,0.4,0.1,0.4,0.1,34.0,2.1,2.2,1.1,3.0,0.2,5.4,5.0,94,88,252980.0,0.0,1086.0,0.55,,255.0,,0.2,-30.0,0.15,-8.571428571428566,0.0,0.0,0.0,-98.21428571428572,-67.984934086629,-90.32258064516128,-82.94573643410853,-84.93150684931507,-90.82568807339449,0.0,-34.14634146341463,-10.714285714285708,0.0,0.0,17.764805556331407,-85.66715058730368,0.0
s3-joint,pt0.2_dt-30_m0.15_seed262,3.3,0.4,0.1,0.3,0.1,44.4,1.9,2.4,1.0,3.2,0.2,5.4,5.0,94,88,251460.0,0.0,1235.0,0.55,,262.0,,0.2,-30.0,0.15,-5.71428571428572,0.0,0.0,-25.000000000000007,-98.21428571428572,-58.192090395480236,-91.24423963133641,-81.3953488372093,-86.3013698630137,-90.21406727828747,0.0,-34.14634146341463,-10.714285714285708,0.0,0.0,17.05722984107477,-83.7006730896133,0.0
s3-joint,pt0.2_dt-30_m0.1_seed101,3.5,0.4,0.1,0.3,0.1,41.5,6.4,8.6,1.3,3.2,0.2,6.5,5.0,94,88,252142.0,0.0,1729.0,0.55,,101.0,,0.2,-30.0,0.1,0.0,0.0,0.0,-25.000000000000007,-98.21428571428572,-60.92278719397364,-70.50691244239631,-33.333333333333336,-82.19178082191782,-90.21406727828747,0.0,-20.731707317073162,-10.714285714285708,0.0,0.0,17.374707892262286,-77.18094232545863,0.0
s3-joint,pt0.2_dt-30_m0.1_seed108,3.4,0.4,0.1,0.3,0.1,52.4,7.8,21.6,1.3,3.2,0.2,7.3,5.1,94,88,245172.0,0.0,1932.0,0.55,,108.0,,0.2,-30.0,0.1,-2.85714285714286,0.0,0.0,-25.000000000000007,-98.21428571428572,-50.65913370998118,-64.0552995391705,67.44186046511629,-82.19178082191782,-90.21406727828747,0.0,-10.975609756097555,-8.928571428571429,0.0,0.0,14.130100829539424,-74.50178170779992,0.0
s3-joint,pt0.2_dt-30_m0.1_seed115,3.2,0.4,0.1,0.3,1.3,95.5,11.0,7.3,1.3,2.8,0.2,6.6,5.0,94,88,234627.0,0.0,2933.0,0.55,,115.0,,0.2,-30.0,0.1,-8.571428571428566,0.0,0.0,-25.000000000000007,-76.78571428571429,-10.075329566854993,-49.30875576036866,-43.4108527131783,-82.19178082191782,-91.43730886850153,0.0,-19.51219512195122,-10.714285714285708,0.0,0.0,9.221294304946513,-61.29074831727597,0.0
s3-joint,pt0.2_dt-30_m0.1_seed122,3.3,0.4,0.1,0.3,0.1,66.2,9.3,18.0,1.4,3.4,0.2,7.1,5.1,94,88,243546.0,0.0,2199.0,0.55,,122.0,,0.2,-30.0,0.1,-5.71428571428572,0.0,0.0,-25.000000000000007,-98.21428571428572,-37.664783427495294,-57.14285714285714,39.53488372093023,-80.82191780821918,-89.60244648318043,0.0,-13.414634146341461,-8.928571428571429,0.0,0.0,13.373181018350417,-70.9779596146232,0.0
s3-joint,pt0.2_dt-30_m0.1_seed129,3.1,0.4,0.1,0.3,0.1,58.6,6.1,7.4,1.2,7.1,0.2,6.4,5.1,94,88,242551.0,0.0,2335.0,0.55,,129.0,,0.2,-30.0,0.1,-11.428571428571425,0.0,0.0,-25.000000000000007,-98.21428571428572,-44.8210922787194,-71.88940092165899,-42.63565891472868,-83.56164383561644,-78.2874617737003,0.0,-21.95121951219511,-8.928571428571429,0.0,0.0,12.909998231060712,-69.18305397914743,0.0
s3-joint,pt0.2_dt-30_m0.1_seed136,3.3,0.4,0.1,0.3,0.1,80.0,10.5,8.4,1.2,11.8,0.2,7.0,5.2,94,88,235617.0,0.0,3409.0,0.55,,136.0,,0.2,-30.0,0.1,-5.71428571428572,0.0,0.0,-25.000000000000007,-98.21428571428572,-24.67043314500942,-51.61290322580645,-34.883720930232556,-83.56164383561644,-63.91437308868502,0.0,-14.634146341463408,-7.142857142857134,0.0,0.0,9.682149540541296,-55.008578593110734,0.0
s3-joint,pt0.2_dt-30_m0.1_seed143,3.4,0.4,0.1,0.3,0.1,87.0,13.8,10.1,1.3,3.1,0.2,6.8,5.1,94,88,233600.0,0.0,3255.0,0.55,,143.0,,0.2,-30.0,0.1,-2.85714285714286,0.0,0.0,-25.000000000000007,-98.21428571428572,-18.079096045197744,-36.405529953917046,-21.705426356589154,-82.19178082191782,-90.51987767584097,0.0,-17.073170731707314,-8.928571428571429,0.0,0.0,8.743215186809298,-57.04104526857595,0.0
s3-joint,pt0.2_dt-30_m0.1_seed150,3.4,0.4,0.1,0.2,0.1,103.5,19.9,16.4,6.4,10.7,0.2,8.1,5.1,94,88,229690.0,0.0,4980.0,0.55,,150.0,,0.2,-30.0,0.1,-2.85714285714286,0.0,0.0,-50.0,-98.21428571428572,-2.5423728813559348,-8.29493087557604,27.131782945736422,-12.328767123287664,-67.2782874617737,0.0,-1.219512195121947,-8.928571428571429,0.0,0.0,6.9230697613793994,-34.27477893625445,0.0
s3-joint,pt0.2_dt-30_m0.1_seed157,3.3,0.4,0.1,0.3,0.1,48.4,10.6,23.7,1.1,4.5,0.2,7.7,5.2,94,88,243282.0,0.0,2506.0,0.55,,157.0,,0.2,-30.0,0.1,-5.71428571428572,0.0,0.0,-25.000000000000007,-98.21428571428572,-54.4256120527307,-51.1520737327189,83.72093023255813,-84.93150684931507,-86.23853211009175,0.0,-6.0975609756097455,-7.142857142857134,0.0,0.0,13.250286288858476,-66.92622409924772,0.0
s3-joint,pt0.2_dt-30_m0.1_seed164,3.3,0.4,0.1,0.3,0.1,88.5,4.8,3.8,1.0,3.6,0.3,5.9,5.0,94,88,242051.0,0.0,2765.0,0.55,,164.0,,0.2,-30.0,0.1,-5.71428571428572,0.0,0.0,-25.000000000000007,-98.21428571428572,-16.666666666666668,-77.88018433179722,-70.54263565891475,-86.3013698630137,-88.9908256880734,49.999999999999986,-28.04878048780487,-10.714285714285708,0.0,0.0,12.677243061568397,-63.50798469051075,0.0
s3-joint,pt0.2_dt-30_m0.1_seed171,3.2,0.4,0.1,0.3,0.1,87.3,16.5,8.8,1.2,8.1,0.3,7.0,5.5,94,88,236197.0,0.0,3947.0,0.55,,171.0,,0.2,-30.0,0.1,-8.571428571428566,0.0,0.0,-25.000000000000007,-98.21428571428572,-17.79661016949153,-23.963133640552993,-31.782945736434105,-83.56164383561644,-75.22935779816513,49.999999999999986,-14.634146341463408,-1.7857142857142794,0.0,0.0,9.952145537152381,-47.90814306453742,0.0
s3-joint,pt0.2_dt-30_m0.1_seed178,3.2,0.4,0.1,0.3,0.1,30.9,5.5,5.0,1.4,3.2,0.2,6.1,5.0,94,88,253310.0,0.0,1299.0,0.55,,178.0,,0.2,-30.0,0.1,-8.571428571428566,0.0,0.0,-25.000000000000007,-98.21428571428572,-70.90395480225989,-74.65437788018433,-61.240310077519375,-80.82191780821918,-90.21406727828747,0.0,-25.609756097560975,-10.714285714285708,0.0,0.0,17.918423968196333,-82.8560116140953,0.0
s3-joint,pt0.2_dt-30_m0.1_seed185,3.4,0.4,0.1,0.3,2.2,119.5,18.5,9.4,2.4,2.7,0.2,7.4,5.2,94,88,226187.0,0.0,4154.0,0.55,,185.0,,0.2,-30.0,0.1,-2.85714285714286,0.0,0.0,-25.000000000000007,-60.71428571428571,12.523540489642182,-14.74654377880184,-27.131782945736433,-67.12328767123287,-91.74311926605505,0.0,-9.756097560975597,-7.142857142857134,0.0,0.0,5.2923870439162455,-45.176191104658834,0.0
s3-joint,pt0.2_dt-30_m0.1_seed192,3.2,0.4,0.1,0.3,0.1,65.0,8.9,14.7,1.2,9.9,0.2,7.2,5.6,94,88,240195.0,0.0,3213.0,0.55,,192.0,,0.2,-30.0,0.1,-8.571428571428566,0.0,0.0,-25.000000000000007,-98.21428571428572,-38.79472693032015,-58.986175115207374,13.953488372093014,-83.56164383561644,-69.72477064220183,0.0,-12.195121951219502,0.0,0.0,0.0,11.813255872412928,-57.59535436188465,0.0
s3-joint,pt0.2_dt-30_m0.1_seed199,3.1,0.4,0.1,0.3,0.1,71.6,8.2,22.9,1.2,3.5,0.2,7.5,5.2,94,88,241214.0,0.0,2394.0,0.55,,199.0,,0.2,-30.0,0.1,-11.428571428571425,0.0,0.0,-25.000000000000007,-98.21428571428572,-32.58003766478343,-62.21198156682027,77.51937984496122,-83.56164383561644,-89.29663608562691,0.0,-8.53658536585365,-7.142857142857134,0.0,0.0,12.287610907838262,-68.40438168140425,0.0
s3-joint,pt0.2_dt-30_m0.1_seed206,3.1,0.4,0.1,0.4,0.1,47.6,4.9,13.9,1.3,3.4,0.2,6.7,5.0,94,88,248319.0,0.0,1707.0,0.55,,206.0,,0.2,-30.0,0.1,-11.428571428571425,0.0,0.0,0.0,-98.21428571428572,-55.1789077212806,-77.41935483870967,7.751937984496124,-82.19178082191782,-89.60244648318043,0.0,-18.292682926829258,-10.714285714285708,0.0,0.0,15.59506186632405,-77.47129470766794,0.0
s3-joint,pt0.2_dt-30_m0.1_seed213,3.4,0.5,0.1,0.3,0.1,35.7,5.3,4.5,1.1,3.1,0.2,6.0,5.0,94,88,251218.0,0.0,1221.0,0.55,,213.0,,0.2,-30.0,0.1,-2.85714285714286,24.999999999999993,0.0,-25.000000000000007,-98.21428571428572,-66.38418079096044,-75.57603686635944,-65.11627906976744,-84.93150684931507,-90.51987767584097,0.0,-26.829268292682922,-10.714285714285708,0.0,0.0,16.94457633904049,-83.88544278738287,0.0
s3-joint,pt0.2_dt-30_m0.1_seed220,3.4,0.5,0.1,0.3,0.1,46.7,4.9,3.9,1.2,3.5,0.2,5.9,5.0,94,88,249558.0,0.0,1496.0,0.55,,220.0,,0.2,-30.0,0.1,-2.85714285714286,24.999999999999993,0.0,-25.000000000000007,-98.21428571428572,-56.026365348399246,-77.41935483870967,-69.76744186046511,-83.56164383561644,-89.29663608562691,0.0,-28.04878048780487,-10.714285714285708,0.0,0.0,16.171829176326007,-80.2560380097664,0.0
s3-joint,pt0.2_dt-30_m0.1_seed227,3.2,0.4,0.1,0.3,0.1,69.8,6.1,19.6,1.3,3.3,0.2,7.1,5.1,94,88,245953.0,0.0,2583.0,0.55,,227.0,,0.2,-30.0,0.1,-8.571428571428566,0.0,0.0,-25.000000000000007,-98.21428571428572,-34.27495291902072,-71.88940092165899,51.93798449612403,-82.19178082191782,-89.90825688073394,0.0,-13.414634146341461,-8.928571428571429,0.0,0.0,14.493664404286418,-65.90999076151512,0.0
s3-joint,pt0.2_dt-30_m0.1_seed234,3.2,0.4,0.1,0.3,0.1,55.5,7.5,13.2,1.1,3.2,0.2,6.7,5.0,94,88,247006.0,0.0,1783.0,0.55,,234.0,,0.2,-30.0,0.1,-8.571428571428566,0.0,0.0,-25.000000000000007,-98.21428571428572,-47.740112994350284,-65.43778801843317,2.325581395348829,-84.93150684931507,-90.21406727828747,0.0,-18.292682926829258,-10.714285714285708,0.0,0.0,14.983846791237236,-76.4682592054903,0.0
s3-joint,pt0.2_dt-30_m0.1_seed241,3.4,0.4,0.1,0.3,0.1,65.8,9.5,27.4,1.2,3.3,0.2,7.9,5.1,94,88,245026.0,0.0,2215.0,0.55,,241.0,,0.2,-30.0,0.1,-2.85714285714286,0.0,0.0,-25.000000000000007,-98.21428571428572,-38.04143126177025,-56.22119815668203,112.40310077519378,-83.56164383561644,-89.90825688073394,0.0,-3.658536585365841,-8.928571428571429,0.0,0.0,14.062136320047669,-70.7667942457437,0.0
s3-joint,pt0.2_dt-30_m0.1_seed248,3.4,0.4,0.1,0.3,0.1,43.0,1.2,2.3,1.3,3.4,0.2,5.4,5.0,94,88,252508.0,0.0,1138.0,0.55,,248.0,,0.2,-30.0,0.1,-2.85714285714286,0.0,0.0,-25.000000000000007,-98.21428571428572,-59.51035781544256,-94.47004608294931,-82.17054263565893,-82.19178082191782,-89.60244648318043,0.0,-34.14634146341463,-10.714285714285708,0.0,0.0,17.54508467633066,-84.9808631384453,0.0
s3-joint,pt0.2_dt-30_m0.1_seed255,3.5,0.4,0.1,0.3,0.1,95.5,11.5,6.2,1.2,3.1,0.2,6.6,5.2,94,88,237808.0,0.0,2810.0,0.55,,255.0,,0.2,-30.0,0.1,0.0,0.0,0.0,-25.000000000000007,-98.21428571428572,-10.075329566854993,-47.004608294930875,-51.93798449612403,-83.56164383561644,-90.51987767584097,0.0,-19.51219512195122,-7.142857142857134,0.0,0.0,10.702082693256617,-62.91408209053715,0.0
s3-joint,pt0.2_dt-30_m0.1_seed262,3.3,0.4,0.1,0.3,0.1,47.5,10.8,20.4,1.3,6.3,0.2,7.5,5.1,94,88,242278.0,0.0,2592.0,0.55,,262.0,,0.2,-30.0,0.1,-5.71428571428572,0.0,0.0,-25.000000000000007,-98.21428571428572,-55.27306967984934,-50.23041474654377,58.13953488372091,-82.19178082191782,-80.73394495412845,0.0,-8.53658536585365,-8.928571428571429,0.0,0.0,12.782913908517909,-65.79121024152039,0.0
